Compiling Java sources 
added manifest
added module-info: module-info.class
added module-info: META-INF/versions/9/module-info.class
adding: ai/(in = 0) (out= 0)(stored 0%)
adding: ai/BranchingFactorCalculatorBigInteger.class(in = 7142) (out= 3762)(deflated 47%)
adding: ai/BranchingFactorCalculatorDouble.class(in = 6557) (out= 3549)(deflated 45%)
adding: ai/BranchingFactorCalculatorLong.class(in = 6552) (out= 3545)(deflated 45%)
adding: ai/PassiveAI.class(in = 914) (out= 527)(deflated 42%)
adding: ai/RandomAI.class(in = 1129) (out= 635)(deflated 43%)
adding: ai/RandomBiasedAI.class(in = 2841) (out= 1569)(deflated 44%)
adding: ai/RandomBiasedSingleUnitAI.class(in = 3085) (out= 1731)(deflated 43%)
adding: ai/RandomNoAttackAI.class(in = 4105) (out= 2257)(deflated 45%)
adding: ai/abstraction/(in = 0) (out= 0)(stored 0%)
adding: ai/abstraction/AbstractAction.class(in = 3100) (out= 1472)(deflated 52%)
adding: ai/abstraction/AbstractTrace.class(in = 3528) (out= 1554)(deflated 55%)
adding: ai/abstraction/AbstractTraceEntry.class(in = 4081) (out= 1882)(deflated 53%)
adding: ai/abstraction/AbstractionLayerAI.class(in = 7637) (out= 3295)(deflated 56%)
adding: ai/abstraction/Attack.class(in = 2581) (out= 1334)(deflated 48%)
adding: ai/abstraction/Build.class(in = 2868) (out= 1429)(deflated 50%)
adding: ai/abstraction/EMRDeterministico.class(in = 8027) (out= 3944)(deflated 50%)
adding: ai/abstraction/EconomyMilitaryRush.class(in = 8153) (out= 4017)(deflated 50%)
adding: ai/abstraction/EconomyRush.class(in = 9218) (out= 4421)(deflated 52%)
adding: ai/abstraction/EconomyRushBurster.class(in = 7881) (out= 3865)(deflated 50%)
adding: ai/abstraction/Harvest.class(in = 3204) (out= 1528)(deflated 52%)
adding: ai/abstraction/HeavyDefense.class(in = 5992) (out= 2978)(deflated 50%)
adding: ai/abstraction/HeavyRush.class(in = 5837) (out= 2896)(deflated 50%)
adding: ai/abstraction/Idle.class(in = 2091) (out= 1164)(deflated 44%)
adding: ai/abstraction/LightDefense.class(in = 5992) (out= 2975)(deflated 50%)
adding: ai/abstraction/LightRush.class(in = 5845) (out= 2897)(deflated 50%)
adding: ai/abstraction/Move.class(in = 2296) (out= 1167)(deflated 49%)
adding: ai/abstraction/RangedDefense.class(in = 5996) (out= 2966)(deflated 50%)
adding: ai/abstraction/RangedRush.class(in = 5841) (out= 2891)(deflated 50%)
adding: ai/abstraction/SimpleEconomyRush.class(in = 6669) (out= 3319)(deflated 50%)
adding: ai/abstraction/Train.class(in = 3215) (out= 1699)(deflated 47%)
adding: ai/abstraction/WorkerDefense.class(in = 5602) (out= 2840)(deflated 49%)
adding: ai/abstraction/WorkerRush.class(in = 5365) (out= 2702)(deflated 49%)
adding: ai/abstraction/WorkerRushPlusPlus.class(in = 5647) (out= 2882)(deflated 48%)
adding: ai/abstraction/cRush/(in = 0) (out= 0)(stored 0%)
adding: ai/abstraction/cRush/CRanged_Tactic.class(in = 7974) (out= 3868)(deflated 51%)
adding: ai/abstraction/cRush/CRush_V1.class(in = 8874) (out= 4305)(deflated 51%)
adding: ai/abstraction/cRush/CRush_V2.class(in = 10181) (out= 4688)(deflated 53%)
adding: ai/abstraction/cRush/RangedAttack.class(in = 3120) (out= 1596)(deflated 48%)
adding: ai/abstraction/partialobservability/(in = 0) (out= 0)(stored 0%)
adding: ai/abstraction/partialobservability/POHeavyRush.class(in = 2126) (out= 1250)(deflated 41%)
adding: ai/abstraction/partialobservability/POLightRush.class(in = 2126) (out= 1248)(deflated 41%)
adding: ai/abstraction/partialobservability/PORangedRush.class(in = 2129) (out= 1249)(deflated 41%)
adding: ai/abstraction/partialobservability/POWorkerRush.class(in = 2129) (out= 1249)(deflated 41%)
adding: ai/abstraction/pathfinding/(in = 0) (out= 0)(stored 0%)
adding: ai/abstraction/pathfinding/AStarPathFinding.class(in = 6697) (out= 3021)(deflated 54%)
adding: ai/abstraction/pathfinding/BFSPathFinding.class(in = 3802) (out= 2037)(deflated 46%)
adding: ai/abstraction/pathfinding/FloodFillPathFinding.class(in = 5877) (out= 3008)(deflated 48%)
adding: ai/abstraction/pathfinding/GreedyPathFinding.class(in = 2465) (out= 1369)(deflated 44%)
adding: ai/abstraction/pathfinding/PathFinding.class(in = 804) (out= 417)(deflated 48%)
adding: ai/ahtn/(in = 0) (out= 0)(stored 0%)
adding: ai/ahtn/AHTNAI.class(in = 7934) (out= 3813)(deflated 51%)
adding: ai/ahtn/domain/(in = 0) (out= 0)(stored 0%)
adding: ai/ahtn/domain/Binding.class(in = 1226) (out= 631)(deflated 48%)
adding: ai/ahtn/domain/Clause.class(in = 7600) (out= 3605)(deflated 52%)
adding: ai/ahtn/domain/DomainDefinition.class(in = 5168) (out= 2417)(deflated 53%)
adding: ai/ahtn/domain/Function.class(in = 3215) (out= 1491)(deflated 53%)
adding: ai/ahtn/domain/HTNMethod.class(in = 4603) (out= 1890)(deflated 58%)
adding: ai/ahtn/domain/HTNOperator.class(in = 1825) (out= 829)(deflated 54%)
adding: ai/ahtn/domain/IntegerConstant.class(in = 1789) (out= 768)(deflated 57%)
adding: ai/ahtn/domain/LispParser/(in = 0) (out= 0)(stored 0%)
adding: ai/ahtn/domain/LispParser/LispElement.class(in = 1683) (out= 898)(deflated 46%)
adding: ai/ahtn/domain/LispParser/LispParser.class(in = 2428) (out= 1201)(deflated 50%)
adding: ai/ahtn/domain/LispParser/LispTokenizer.class(in = 1734) (out= 1034)(deflated 40%)
adding: ai/ahtn/domain/MethodDecomposition$1.class(in = 1153) (out= 553)(deflated 52%)
adding: ai/ahtn/domain/MethodDecomposition.class(in = 12944) (out= 5591)(deflated 56%)
adding: ai/ahtn/domain/Parameter.class(in = 820) (out= 310)(deflated 62%)
adding: ai/ahtn/domain/PredefinedFunctions$1.class(in = 1120) (out= 641)(deflated 42%)
adding: ai/ahtn/domain/PredefinedFunctions$2.class(in = 882) (out= 521)(deflated 40%)
adding: ai/ahtn/domain/PredefinedFunctions$FunctionEvaluator.class(in = 400) (out= 242)(deflated 39%)
adding: ai/ahtn/domain/PredefinedFunctions.class(in = 2129) (out= 1041)(deflated 51%)
adding: ai/ahtn/domain/PredefinedOperators$1.class(in = 1057) (out= 610)(deflated 42%)
adding: ai/ahtn/domain/PredefinedOperators$10.class(in = 2364) (out= 1266)(deflated 46%)
adding: ai/ahtn/domain/PredefinedOperators$11.class(in = 2264) (out= 1219)(deflated 46%)
adding: ai/ahtn/domain/PredefinedOperators$12.class(in = 2264) (out= 1230)(deflated 45%)
adding: ai/ahtn/domain/PredefinedOperators$2.class(in = 1217) (out= 710)(deflated 41%)
adding: ai/ahtn/domain/PredefinedOperators$3.class(in = 1584) (out= 885)(deflated 44%)
adding: ai/ahtn/domain/PredefinedOperators$4.class(in = 1404) (out= 782)(deflated 44%)
adding: ai/ahtn/domain/PredefinedOperators$5.class(in = 1520) (out= 866)(deflated 43%)
adding: ai/ahtn/domain/PredefinedOperators$6.class(in = 1748) (out= 918)(deflated 47%)
adding: ai/ahtn/domain/PredefinedOperators$7.class(in = 1748) (out= 921)(deflated 47%)
adding: ai/ahtn/domain/PredefinedOperators$8.class(in = 2970) (out= 1609)(deflated 45%)
adding: ai/ahtn/domain/PredefinedOperators$9.class(in = 2293) (out= 1213)(deflated 47%)
adding: ai/ahtn/domain/PredefinedOperators$OperatorExecutor.class(in = 422) (out= 264)(deflated 37%)
adding: ai/ahtn/domain/PredefinedOperators.class(in = 3621) (out= 1600)(deflated 55%)
adding: ai/ahtn/domain/PredefinedPredicates$1.class(in = 1649) (out= 825)(deflated 49%)
adding: ai/ahtn/domain/PredefinedPredicates$10.class(in = 1604) (out= 862)(deflated 46%)
adding: ai/ahtn/domain/PredefinedPredicates$11.class(in = 2149) (out= 1114)(deflated 48%)
adding: ai/ahtn/domain/PredefinedPredicates$12.class(in = 1915) (out= 968)(deflated 49%)
adding: ai/ahtn/domain/PredefinedPredicates$13.class(in = 1478) (out= 777)(deflated 47%)
adding: ai/ahtn/domain/PredefinedPredicates$14.class(in = 2550) (out= 1362)(deflated 46%)
adding: ai/ahtn/domain/PredefinedPredicates$15.class(in = 2062) (out= 1135)(deflated 44%)
adding: ai/ahtn/domain/PredefinedPredicates$16.class(in = 1754) (out= 960)(deflated 45%)
adding: ai/ahtn/domain/PredefinedPredicates$17.class(in = 1833) (out= 970)(deflated 47%)
adding: ai/ahtn/domain/PredefinedPredicates$18.class(in = 2476) (out= 1231)(deflated 50%)
adding: ai/ahtn/domain/PredefinedPredicates$2.class(in = 2639) (out= 1283)(deflated 51%)
adding: ai/ahtn/domain/PredefinedPredicates$3.class(in = 2673) (out= 1402)(deflated 47%)
adding: ai/ahtn/domain/PredefinedPredicates$4.class(in = 1544) (out= 791)(deflated 48%)
adding: ai/ahtn/domain/PredefinedPredicates$5.class(in = 1546) (out= 791)(deflated 48%)
adding: ai/ahtn/domain/PredefinedPredicates$6.class(in = 1547) (out= 782)(deflated 49%)
adding: ai/ahtn/domain/PredefinedPredicates$7.class(in = 4242) (out= 1961)(deflated 53%)
adding: ai/ahtn/domain/PredefinedPredicates$8.class(in = 1679) (out= 918)(deflated 45%)
adding: ai/ahtn/domain/PredefinedPredicates$9.class(in = 1603) (out= 867)(deflated 45%)
adding: ai/ahtn/domain/PredefinedPredicates$PredicateTester.class(in = 630) (out= 297)(deflated 52%)
adding: ai/ahtn/domain/PredefinedPredicates.class(in = 4362) (out= 1811)(deflated 58%)
adding: ai/ahtn/domain/Symbol.class(in = 2227) (out= 1139)(deflated 48%)
adding: ai/ahtn/domain/SymbolConstant.class(in = 1501) (out= 646)(deflated 56%)
adding: ai/ahtn/domain/Term.class(in = 7149) (out= 3360)(deflated 53%)
adding: ai/ahtn/domain/Variable.class(in = 3325) (out= 1509)(deflated 54%)
adding: ai/ahtn/planner/(in = 0) (out= 0)(stored 0%)
adding: ai/ahtn/planner/AdversarialBoundedDepthPlannerAlphaBeta.class(in = 16323) (out= 7476)(deflated 54%)
adding: ai/ahtn/planner/AdversarialChoicePoint.class(in = 10926) (out= 4574)(deflated 58%)
adding: ai/ahtn/planner/MethodDecompositionState.class(in = 1242) (out= 683)(deflated 45%)
adding: ai/ahtn/visualization/(in = 0) (out= 0)(stored 0%)
adding: ai/ahtn/visualization/HTNDomainVisualizer.class(in = 10043) (out= 4636)(deflated 53%)
adding: ai/ahtn/visualization/HTNDomainVisualizerVertical.class(in = 10181) (out= 4454)(deflated 56%)
adding: ai/core/(in = 0) (out= 0)(stored 0%)
adding: ai/core/AI.class(in = 1441) (out= 755)(deflated 47%)
adding: ai/core/AIWithComputationBudget.class(in = 617) (out= 362)(deflated 41%)
adding: ai/core/ContinuingAI.class(in = 3639) (out= 1915)(deflated 47%)
adding: ai/core/InterruptibleAI.class(in = 333) (out= 238)(deflated 28%)
adding: ai/core/ParameterSpecification.class(in = 1047) (out= 576)(deflated 44%)
adding: ai/core/PseudoContinuingAI.class(in = 3164) (out= 1695)(deflated 46%)
adding: ai/evaluation/(in = 0) (out= 0)(stored 0%)
adding: ai/evaluation/EvaluationFunction.class(in = 570) (out= 360)(deflated 36%)
adding: ai/evaluation/EvaluationFunctionForwarding.class(in = 723) (out= 415)(deflated 42%)
adding: ai/evaluation/LanchesterEvaluationFunction.class(in = 2612) (out= 1569)(deflated 39%)
adding: ai/evaluation/SimpleEvaluationFunction.class(in = 1689) (out= 1026)(deflated 39%)
adding: ai/evaluation/SimpleOptEvaluationFunction.class(in = 1701) (out= 1038)(deflated 38%)
adding: ai/evaluation/SimpleSqrtEvaluationFunction.class(in = 1727) (out= 1056)(deflated 38%)
adding: ai/evaluation/SimpleSqrtEvaluationFunction2.class(in = 1863) (out= 1172)(deflated 37%)
adding: ai/evaluation/SimpleSqrtEvaluationFunction3.class(in = 1532) (out= 965)(deflated 37%)
adding: ai/jni/(in = 0) (out= 0)(stored 0%)
adding: ai/jni/JNIAI.class(in = 2875) (out= 1468)(deflated 48%)
adding: ai/jni/JNIInterface.class(in = 432) (out= 268)(deflated 37%)
adding: ai/jni/JNILocalAI.class(in = 2778) (out= 1434)(deflated 48%)
adding: ai/machinelearning/(in = 0) (out= 0)(stored 0%)
adding: ai/machinelearning/bayes/(in = 0) (out= 0)(stored 0%)
adding: ai/machinelearning/bayes/ActionInterdependenceModel$1.class(in = 1220) (out= 616)(deflated 49%)
adding: ai/machinelearning/bayes/ActionInterdependenceModel.class(in = 14725) (out= 7118)(deflated 51%)
adding: ai/machinelearning/bayes/BayesianModel.class(in = 5057) (out= 2425)(deflated 52%)
adding: ai/machinelearning/bayes/BayesianModelByUnitTypeWithDefaultModel.class(in = 7018) (out= 2866)(deflated 59%)
adding: ai/machinelearning/bayes/CalibratedNaiveBayes$1.class(in = 1190) (out= 613)(deflated 48%)
adding: ai/machinelearning/bayes/CalibratedNaiveBayes.class(in = 10674) (out= 5396)(deflated 49%)
adding: ai/machinelearning/bayes/DiscreteCPD.class(in = 3330) (out= 1818)(deflated 45%)
adding: ai/machinelearning/bayes/FeatureSelection.class(in = 8856) (out= 4299)(deflated 51%)
adding: ai/machinelearning/bayes/TrainingInstance.class(in = 2110) (out= 1133)(deflated 46%)
adding: ai/machinelearning/bayes/featuregeneration/(in = 0) (out= 0)(stored 0%)
adding: ai/machinelearning/bayes/featuregeneration/FeatureGenerator.class(in = 5016) (out= 2509)(deflated 49%)
adding: ai/machinelearning/bayes/featuregeneration/FeatureGeneratorComplex.class(in = 3886) (out= 2012)(deflated 48%)
adding: ai/machinelearning/bayes/featuregeneration/FeatureGeneratorEmpty.class(in = 565) (out= 303)(deflated 46%)
adding: ai/machinelearning/bayes/featuregeneration/FeatureGeneratorSimple.class(in = 2869) (out= 1648)(deflated 42%)
adding: ai/mcts/(in = 0) (out= 0)(stored 0%)
adding: ai/mcts/MCTSNode.class(in = 2139) (out= 1191)(deflated 44%)
adding: ai/mcts/believestatemcts/(in = 0) (out= 0)(stored 0%)
adding: ai/mcts/believestatemcts/AIWithBelieveState.class(in = 2923) (out= 1587)(deflated 45%)
adding: ai/mcts/believestatemcts/BS1_NaiveMCTS.class(in = 5544) (out= 2950)(deflated 46%)
adding: ai/mcts/believestatemcts/BS2_NaiveMCTS.class(in = 6357) (out= 3288)(deflated 48%)
adding: ai/mcts/believestatemcts/BS3_NaiveMCTS.class(in = 10710) (out= 5517)(deflated 48%)
adding: ai/mcts/informedmcts/(in = 0) (out= 0)(stored 0%)
adding: ai/mcts/informedmcts/InformedNaiveMCTS.class(in = 14602) (out= 6208)(deflated 57%)
adding: ai/mcts/informedmcts/InformedNaiveMCTSNode.class(in = 10203) (out= 5365)(deflated 47%)
adding: ai/mcts/informedmcts/InformedUnitActionTableEntry.class(in = 1183) (out= 731)(deflated 38%)
adding: ai/mcts/mlps/(in = 0) (out= 0)(stored 0%)
adding: ai/mcts/mlps/MLPSMCTS.class(in = 8585) (out= 4308)(deflated 49%)
adding: ai/mcts/mlps/MLPSNode.class(in = 9308) (out= 4975)(deflated 46%)
adding: ai/mcts/naivemcts/(in = 0) (out= 0)(stored 0%)
adding: ai/mcts/naivemcts/NaiveMCTS.class(in = 11498) (out= 5242)(deflated 54%)
adding: ai/mcts/naivemcts/NaiveMCTSNode.class(in = 9885) (out= 5268)(deflated 46%)
adding: ai/mcts/naivemcts/TwoPhaseNaiveMCTS.class(in = 11529) (out= 5316)(deflated 53%)
adding: ai/mcts/naivemcts/TwoPhaseNaiveMCTSNode.class(in = 6083) (out= 3260)(deflated 46%)
adding: ai/mcts/naivemcts/TwoPhaseNaiveMCTSPerNode.class(in = 11141) (out= 5092)(deflated 54%)
adding: ai/mcts/naivemcts/UnitActionTableEntry.class(in = 515) (out= 347)(deflated 32%)
adding: ai/mcts/uct/(in = 0) (out= 0)(stored 0%)
adding: ai/mcts/uct/DownsamplingUCT.class(in = 7171) (out= 3691)(deflated 48%)
adding: ai/mcts/uct/DownsamplingUCTNode.class(in = 4167) (out= 2445)(deflated 41%)
adding: ai/mcts/uct/UCT.class(in = 7830) (out= 4038)(deflated 48%)
adding: ai/mcts/uct/UCTFirstPlayUrgency.class(in = 7956) (out= 4089)(deflated 48%)
adding: ai/mcts/uct/UCTNode.class(in = 3932) (out= 2278)(deflated 42%)
adding: ai/mcts/uct/UCTNodeFirstPlayUrgency.class(in = 4680) (out= 2603)(deflated 44%)
adding: ai/mcts/uct/UCTUnitActions.class(in = 6861) (out= 3553)(deflated 48%)
adding: ai/mcts/uct/UCTUnitActionsNode.class(in = 4233) (out= 2346)(deflated 44%)
adding: ai/minimax/(in = 0) (out= 0)(stored 0%)
adding: ai/minimax/ABCD/(in = 0) (out= 0)(stored 0%)
adding: ai/minimax/ABCD/ABCD.class(in = 6392) (out= 3265)(deflated 48%)
adding: ai/minimax/ABCD/ABCDNode.class(in = 659) (out= 450)(deflated 31%)
adding: ai/minimax/ABCD/IDABCD.class(in = 12494) (out= 6260)(deflated 49%)
adding: ai/minimax/MiniMaxResult.class(in = 1030) (out= 562)(deflated 45%)
adding: ai/minimax/RTMiniMax/(in = 0) (out= 0)(stored 0%)
adding: ai/minimax/RTMiniMax/IDRTMinimax.class(in = 8235) (out= 4305)(deflated 47%)
adding: ai/minimax/RTMiniMax/IDRTMinimaxRandomized.class(in = 7051) (out= 3750)(deflated 46%)
adding: ai/minimax/RTMiniMax/RTMiniMaxNode.class(in = 559) (out= 378)(deflated 32%)
adding: ai/minimax/RTMiniMax/RTMiniMaxRandomizedRootNode.class(in = 470) (out= 319)(deflated 32%)
adding: ai/minimax/RTMiniMax/RTMinimax.class(in = 5653) (out= 2948)(deflated 47%)
adding: ai/montecarlo/(in = 0) (out= 0)(stored 0%)
adding: ai/montecarlo/MonteCarlo$PlayerActionTableEntry.class(in = 558) (out= 360)(deflated 35%)
adding: ai/montecarlo/MonteCarlo.class(in = 7910) (out= 4003)(deflated 49%)
adding: ai/montecarlo/lsi/(in = 0) (out= 0)(stored 0%)
adding: ai/montecarlo/lsi/LSI$1.class(in = 1074) (out= 579)(deflated 46%)
adding: ai/montecarlo/lsi/LSI$2.class(in = 1074) (out= 580)(deflated 45%)
adding: ai/montecarlo/lsi/LSI$3.class(in = 1070) (out= 577)(deflated 46%)
adding: ai/montecarlo/lsi/LSI$4.class(in = 1132) (out= 624)(deflated 44%)
adding: ai/montecarlo/lsi/LSI$5.class(in = 1132) (out= 629)(deflated 44%)
adding: ai/montecarlo/lsi/LSI$6.class(in = 1475) (out= 729)(deflated 50%)
adding: ai/montecarlo/lsi/LSI$7.class(in = 1305) (out= 670)(deflated 48%)
adding: ai/montecarlo/lsi/LSI$8.class(in = 2722) (out= 1245)(deflated 54%)
adding: ai/montecarlo/lsi/LSI$EstimateReuseType.class(in = 1104) (out= 564)(deflated 48%)
adding: ai/montecarlo/lsi/LSI$EstimateType.class(in = 1248) (out= 660)(deflated 47%)
adding: ai/montecarlo/lsi/LSI$EvaluateType.class(in = 1127) (out= 590)(deflated 47%)
adding: ai/montecarlo/lsi/LSI$GenerateType.class(in = 1077) (out= 568)(deflated 47%)
adding: ai/montecarlo/lsi/LSI$PlayerActionTableEntry.class(in = 555) (out= 363)(deflated 34%)
adding: ai/montecarlo/lsi/LSI$RelaxationType.class(in = 1699) (out= 885)(deflated 47%)
adding: ai/montecarlo/lsi/LSI.class(in = 27425) (out= 12786)(deflated 53%)
adding: ai/montecarlo/lsi/Sampling$1.class(in = 1167) (out= 601)(deflated 48%)
adding: ai/montecarlo/lsi/Sampling$2.class(in = 1327) (out= 670)(deflated 49%)
adding: ai/montecarlo/lsi/Sampling$3.class(in = 1125) (out= 597)(deflated 46%)
adding: ai/montecarlo/lsi/Sampling$4.class(in = 1129) (out= 599)(deflated 46%)
adding: ai/montecarlo/lsi/Sampling$5.class(in = 773) (out= 466)(deflated 39%)
adding: ai/montecarlo/lsi/Sampling$AgentOrderingType.class(in = 1148) (out= 570)(deflated 50%)
adding: ai/montecarlo/lsi/Sampling$UnitActionTableEntry.class(in = 631) (out= 424)(deflated 32%)
adding: ai/montecarlo/lsi/Sampling.class(in = 10775) (out= 5093)(deflated 52%)
adding: ai/portfolio/(in = 0) (out= 0)(stored 0%)
adding: ai/portfolio/PortfolioAI.class(in = 5906) (out= 3199)(deflated 45%)
adding: ai/portfolio/portfoliogreedysearch/(in = 0) (out= 0)(stored 0%)
adding: ai/portfolio/portfoliogreedysearch/PGSAI.class(in = 9970) (out= 4365)(deflated 56%)
adding: ai/portfolio/portfoliogreedysearch/UnitScript.class(in = 406) (out= 255)(deflated 37%)
adding: ai/portfolio/portfoliogreedysearch/UnitScriptAttack.class(in = 1835) (out= 956)(deflated 47%)
adding: ai/portfolio/portfoliogreedysearch/UnitScriptBuild.class(in = 1834) (out= 966)(deflated 47%)
adding: ai/portfolio/portfoliogreedysearch/UnitScriptHarvest.class(in = 2316) (out= 1177)(deflated 49%)
adding: ai/portfolio/portfoliogreedysearch/UnitScriptIdle.class(in = 858) (out= 456)(deflated 46%)
adding: ai/portfolio/portfoliogreedysearch/UnitScriptTrain.class(in = 984) (out= 508)(deflated 48%)
adding: ai/portfolio/portfoliogreedysearch/UnitScriptsAI.class(in = 4390) (out= 1948)(deflated 55%)
adding: ai/puppet/(in = 0) (out= 0)(stored 0%)
adding: ai/puppet/BasicChoicePoint.class(in = 950) (out= 515)(deflated 45%)
adding: ai/puppet/BasicConfigurableScript$1.class(in = 703) (out= 454)(deflated 35%)
adding: ai/puppet/BasicConfigurableScript.class(in = 16497) (out= 7019)(deflated 57%)
adding: ai/puppet/CacheEntry.class(in = 350) (out= 248)(deflated 29%)
adding: ai/puppet/CacheTable.class(in = 891) (out= 517)(deflated 41%)
adding: ai/puppet/ConfigurableScript$Options.class(in = 1566) (out= 769)(deflated 50%)
adding: ai/puppet/ConfigurableScript.class(in = 3487) (out= 1747)(deflated 49%)
adding: ai/puppet/Entry.class(in = 534) (out= 372)(deflated 30%)
adding: ai/puppet/Move.class(in = 2532) (out= 1062)(deflated 58%)
adding: ai/puppet/MoveGenerator.class(in = 1373) (out= 737)(deflated 46%)
adding: ai/puppet/PuppetBase.class(in = 2814) (out= 1479)(deflated 47%)
adding: ai/puppet/PuppetGameState.class(in = 1992) (out= 1134)(deflated 43%)
adding: ai/puppet/PuppetMCTSNode.class(in = 5548) (out= 2787)(deflated 49%)
adding: ai/puppet/PuppetNoPlan.class(in = 3067) (out= 1456)(deflated 52%)
adding: ai/puppet/PuppetSearchAB$ABCDNode.class(in = 2817) (out= 1466)(deflated 47%)
adding: ai/puppet/PuppetSearchAB$Plan.class(in = 1788) (out= 937)(deflated 47%)
adding: ai/puppet/PuppetSearchAB$Result.class(in = 1177) (out= 616)(deflated 47%)
adding: ai/puppet/PuppetSearchAB.class(in = 11859) (out= 5729)(deflated 51%)
adding: ai/puppet/PuppetSearchMCTS$Plan.class(in = 1584) (out= 856)(deflated 45%)
adding: ai/puppet/PuppetSearchMCTS.class(in = 9278) (out= 4506)(deflated 51%)
adding: ai/puppet/SingleChoice.class(in = 882) (out= 478)(deflated 45%)
adding: ai/puppet/SingleChoiceConfigurableScript$1.class(in = 659) (out= 420)(deflated 36%)
adding: ai/puppet/SingleChoiceConfigurableScript.class(in = 4099) (out= 1941)(deflated 52%)
adding: ai/puppet/TranspositionTable.class(in = 1571) (out= 887)(deflated 43%)
adding: ai/rewardfunction/(in = 0) (out= 0)(stored 0%)
adding: ai/rewardfunction/AttackRewardFunction.class(in = 1352) (out= 791)(deflated 41%)
adding: ai/rewardfunction/CloserToEnemyBaseRewardFunction.class(in = 2022) (out= 1172)(deflated 42%)
adding: ai/rewardfunction/CloserToEnemyUnitRewardFunction.class(in = 2022) (out= 1172)(deflated 42%)
adding: ai/rewardfunction/CombinedRewardFunction.class(in = 2082) (out= 1042)(deflated 49%)
adding: ai/rewardfunction/ProduceBuildingRewardFunction.class(in = 1421) (out= 845)(deflated 40%)
adding: ai/rewardfunction/ProduceCombatUnitRewardFunction.class(in = 1461) (out= 860)(deflated 41%)
adding: ai/rewardfunction/ProduceWorkerRewardFunction.class(in = 1375) (out= 807)(deflated 41%)
adding: ai/rewardfunction/ResourceGatherRewardFunction.class(in = 1706) (out= 1000)(deflated 41%)
adding: ai/rewardfunction/RewardFunctionInterface.class(in = 668) (out= 428)(deflated 35%)
adding: ai/rewardfunction/SimpleEvaluationRewardFunction.class(in = 1182) (out= 709)(deflated 40%)
adding: ai/rewardfunction/WinLossRewardFunction.class(in = 611) (out= 407)(deflated 33%)
adding: ai/scv/(in = 0) (out= 0)(stored 0%)
adding: ai/scv/SCV$1.class(in = 803) (out= 499)(deflated 37%)
adding: ai/scv/SCV$infBattles.class(in = 455) (out= 319)(deflated 29%)
adding: ai/scv/SCV.class(in = 16376) (out= 8272)(deflated 49%)
adding: ai/socket/(in = 0) (out= 0)(stored 0%)
adding: ai/socket/GameVisualSimulationWithSocketAI.class(in = 1921) (out= 1180)(deflated 38%)
adding: ai/socket/IndividualSocketRewardAI.class(in = 4722) (out= 2409)(deflated 48%)
adding: ai/socket/JSONSocketWrapperAI$SocketWrapperAI.class(in = 4871) (out= 2581)(deflated 47%)
adding: ai/socket/JSONSocketWrapperAI.class(in = 1306) (out= 776)(deflated 40%)
adding: ai/socket/SocketAI.class(in = 8572) (out= 4119)(deflated 51%)
adding: ai/socket/SocketAIInterface.class(in = 550) (out= 339)(deflated 38%)
adding: ai/socket/SocketRewardAI.class(in = 7986) (out= 4227)(deflated 47%)
adding: ai/socket/SocketRewardPenaltyOnInvalidActionAI.class(in = 3695) (out= 1994)(deflated 46%)
adding: ai/socket/XMLSocketWrapperAI$SocketWrapperAI.class(in = 5230) (out= 2769)(deflated 47%)
adding: ai/socket/XMLSocketWrapperAI.class(in = 1380) (out= 808)(deflated 41%)
adding: ai/stochastic/(in = 0) (out= 0)(stored 0%)
adding: ai/stochastic/UnitActionProbabilityDistribution.class(in = 583) (out= 347)(deflated 40%)
adding: ai/stochastic/UnitActionProbabilityDistributionAI.class(in = 4978) (out= 2395)(deflated 51%)
adding: ai/stochastic/UnitActionTypeConstantDistribution.class(in = 1259) (out= 754)(deflated 40%)
adding: ai/stochastic/UnitActionUniformDistribution.class(in = 712) (out= 440)(deflated 38%)
adding: com/(in = 0) (out= 0)(stored 0%)
adding: com/beust/(in = 0) (out= 0)(stored 0%)
adding: com/beust/jcommander/(in = 0) (out= 0)(stored 0%)
adding: com/beust/jcommander/DynamicParameter.class(in = 1023) (out= 484)(deflated 52%)
adding: com/beust/jcommander/FuzzyMap$IKey.class(in = 237) (out= 178)(deflated 24%)
adding: com/beust/jcommander/FuzzyMap.class(in = 2323) (out= 1160)(deflated 50%)
adding: com/beust/jcommander/IDefaultProvider.class(in = 204) (out= 153)(deflated 25%)
adding: com/beust/jcommander/IParameterValidator.class(in = 269) (out= 176)(deflated 34%)
adding: com/beust/jcommander/IParameterValidator2.class(in = 362) (out= 199)(deflated 45%)
adding: com/beust/jcommander/IStringConverter.class(in = 290) (out= 177)(deflated 38%)
adding: com/beust/jcommander/IStringConverterFactory.class(in = 343) (out= 196)(deflated 42%)
adding: com/beust/jcommander/IStringConverterInstanceFactory.class(in = 443) (out= 210)(deflated 52%)
adding: com/beust/jcommander/IValueValidator.class(in = 359) (out= 220)(deflated 38%)
adding: com/beust/jcommander/IVariableArity.class(in = 204) (out= 149)(deflated 26%)
adding: com/beust/jcommander/JCommander$1.class(in = 1800) (out= 789)(deflated 56%)
adding: com/beust/jcommander/JCommander$2.class(in = 1110) (out= 561)(deflated 49%)
adding: com/beust/jcommander/JCommander$Builder.class(in = 3358) (out= 1165)(deflated 65%)
adding: com/beust/jcommander/JCommander$DefaultVariableArity.class(in = 907) (out= 468)(deflated 48%)
adding: com/beust/jcommander/JCommander$MainParameter.class(in = 2555) (out= 971)(deflated 61%)
adding: com/beust/jcommander/JCommander$Options$1.class(in = 1398) (out= 683)(deflated 51%)
adding: com/beust/jcommander/JCommander$Options.class(in = 3858) (out= 1168)(deflated 69%)
adding: com/beust/jcommander/JCommander$ProgramName.class(in = 1967) (out= 1053)(deflated 46%)
adding: com/beust/jcommander/JCommander.class(in = 35240) (out= 15398)(deflated 56%)
adding: com/beust/jcommander/MissingCommandException.class(in = 539) (out= 312)(deflated 42%)
adding: com/beust/jcommander/Parameter.class(in = 1643) (out= 704)(deflated 57%)
adding: com/beust/jcommander/ParameterDescription$SubParameterIndex.class(in = 619) (out= 350)(deflated 43%)
adding: com/beust/jcommander/ParameterDescription.class(in = 12411) (out= 5385)(deflated 56%)
adding: com/beust/jcommander/ParameterException.class(in = 859) (out= 422)(deflated 50%)
adding: com/beust/jcommander/Parameterized.class(in = 7998) (out= 3686)(deflated 53%)
adding: com/beust/jcommander/Parameters.class(in = 717) (out= 384)(deflated 46%)
adding: com/beust/jcommander/ParametersDelegate.class(in = 409) (out= 246)(deflated 39%)
adding: com/beust/jcommander/ResourceBundle.class(in = 450) (out= 275)(deflated 38%)
adding: com/beust/jcommander/StringKey.class(in = 973) (out= 568)(deflated 41%)
adding: com/beust/jcommander/Strings.class(in = 405) (out= 289)(deflated 28%)
adding: com/beust/jcommander/SubParameter.class(in = 467) (out= 290)(deflated 37%)
adding: com/beust/jcommander/WrappedParameter.class(in = 4660) (out= 1919)(deflated 58%)
adding: com/beust/jcommander/converters/(in = 0) (out= 0)(stored 0%)
adding: com/beust/jcommander/converters/BaseConverter.class(in = 887) (out= 479)(deflated 45%)
adding: com/beust/jcommander/converters/BigDecimalConverter.class(in = 872) (out= 453)(deflated 48%)
adding: com/beust/jcommander/converters/BooleanConverter.class(in = 981) (out= 514)(deflated 47%)
adding: com/beust/jcommander/converters/CharArrayConverter.class(in = 597) (out= 335)(deflated 43%)
adding: com/beust/jcommander/converters/CommaParameterSplitter.class(in = 644) (out= 352)(deflated 45%)
adding: com/beust/jcommander/converters/DefaultListConverter.class(in = 1600) (out= 706)(deflated 55%)
adding: com/beust/jcommander/converters/DoubleConverter.class(in = 934) (out= 477)(deflated 48%)
adding: com/beust/jcommander/converters/EnumConverter.class(in = 1629) (out= 786)(deflated 51%)
adding: com/beust/jcommander/converters/FileConverter.class(in = 614) (out= 331)(deflated 46%)
adding: com/beust/jcommander/converters/FloatConverter.class(in = 926) (out= 479)(deflated 48%)
adding: com/beust/jcommander/converters/IParameterSplitter.class(in = 283) (out= 184)(deflated 34%)
adding: com/beust/jcommander/converters/ISO8601DateConverter.class(in = 1228) (out= 644)(deflated 47%)
adding: com/beust/jcommander/converters/InetAddressConverter.class(in = 824) (out= 456)(deflated 44%)
adding: com/beust/jcommander/converters/IntegerConverter.class(in = 939) (out= 482)(deflated 48%)
adding: com/beust/jcommander/converters/LongConverter.class(in = 918) (out= 477)(deflated 48%)
adding: com/beust/jcommander/converters/NoConverter.class(in = 615) (out= 336)(deflated 45%)
adding: com/beust/jcommander/converters/PathConverter.class(in = 699) (out= 355)(deflated 49%)
adding: com/beust/jcommander/converters/StringConverter.class(in = 567) (out= 297)(deflated 47%)
adding: com/beust/jcommander/converters/URIConverter.class(in = 855) (out= 470)(deflated 45%)
adding: com/beust/jcommander/converters/URLConverter.class(in = 862) (out= 476)(deflated 44%)
adding: com/beust/jcommander/defaultprovider/(in = 0) (out= 0)(stored 0%)
adding: com/beust/jcommander/defaultprovider/PropertyFileDefaultProvider.class(in = 1728) (out= 972)(deflated 43%)
adding: com/beust/jcommander/internal/(in = 0) (out= 0)(stored 0%)
adding: com/beust/jcommander/internal/Console.class(in = 214) (out= 174)(deflated 18%)
adding: com/beust/jcommander/internal/DefaultConsole.class(in = 1059) (out= 611)(deflated 42%)
adding: com/beust/jcommander/internal/DefaultConverterFactory.class(in = 2317) (out= 953)(deflated 58%)
adding: com/beust/jcommander/internal/JDK6Console.class(in = 1364) (out= 739)(deflated 45%)
adding: com/beust/jcommander/internal/Lists.class(in = 1311) (out= 513)(deflated 60%)
adding: com/beust/jcommander/internal/Maps.class(in = 847) (out= 479)(deflated 43%)
adding: com/beust/jcommander/internal/Nullable.class(in = 415) (out= 258)(deflated 37%)
adding: com/beust/jcommander/internal/Sets.class(in = 493) (out= 303)(deflated 38%)
adding: com/beust/jcommander/validators/(in = 0) (out= 0)(stored 0%)
adding: com/beust/jcommander/validators/NoValidator.class(in = 436) (out= 271)(deflated 37%)
adding: com/beust/jcommander/validators/NoValueValidator.class(in = 583) (out= 319)(deflated 45%)
adding: com/beust/jcommander/validators/PositiveInteger.class(in = 837) (out= 486)(deflated 41%)
adding: com/eclipsesource/(in = 0) (out= 0)(stored 0%)
adding: com/eclipsesource/json/(in = 0) (out= 0)(stored 0%)
adding: com/eclipsesource/json/Json.class(in = 4730) (out= 1858)(deflated 60%)
adding: com/eclipsesource/json/JsonArray$1.class(in = 1235) (out= 599)(deflated 51%)
adding: com/eclipsesource/json/JsonArray.class(in = 6453) (out= 2228)(deflated 65%)
adding: com/eclipsesource/json/JsonLiteral.class(in = 1735) (out= 824)(deflated 52%)
adding: com/eclipsesource/json/JsonNumber.class(in = 1952) (out= 899)(deflated 53%)
adding: com/eclipsesource/json/JsonObject$1.class(in = 1603) (out= 733)(deflated 54%)
adding: com/eclipsesource/json/JsonObject$HashIndexTable.class(in = 1421) (out= 764)(deflated 46%)
adding: com/eclipsesource/json/JsonObject$Member.class(in = 1615) (out= 723)(deflated 55%)
adding: com/eclipsesource/json/JsonObject.class(in = 9685) (out= 3504)(deflated 63%)
adding: com/eclipsesource/json/JsonParser.class(in = 7757) (out= 3675)(deflated 52%)
adding: com/eclipsesource/json/JsonString.class(in = 1362) (out= 693)(deflated 49%)
adding: com/eclipsesource/json/JsonValue.class(in = 5317) (out= 1913)(deflated 64%)
adding: com/eclipsesource/json/JsonWriter.class(in = 3124) (out= 1447)(deflated 53%)
adding: com/eclipsesource/json/ParseException.class(in = 1024) (out= 534)(deflated 47%)
adding: com/eclipsesource/json/PrettyPrint$1.class(in = 227) (out= 163)(deflated 28%)
adding: com/eclipsesource/json/PrettyPrint$PrettyPrintWriter.class(in = 2041) (out= 883)(deflated 56%)
adding: com/eclipsesource/json/PrettyPrint.class(in = 1326) (out= 682)(deflated 48%)
adding: com/eclipsesource/json/WriterConfig$1.class(in = 634) (out= 340)(deflated 46%)
adding: com/eclipsesource/json/WriterConfig.class(in = 708) (out= 422)(deflated 40%)
adding: com/eclipsesource/json/WritingBuffer.class(in = 1606) (out= 839)(deflated 47%)
adding: com/google/(in = 0) (out= 0)(stored 0%)
adding: com/google/gson/(in = 0) (out= 0)(stored 0%)
adding: com/google/gson/DefaultDateTypeAdapter.class(in = 6560) (out= 2880)(deflated 56%)
adding: com/google/gson/ExclusionStrategy.class(in = 291) (out= 204)(deflated 29%)
adding: com/google/gson/FieldAttributes.class(in = 2185) (out= 961)(deflated 56%)
adding: com/google/gson/FieldNamingPolicy$1.class(in = 711) (out= 371)(deflated 47%)
adding: com/google/gson/FieldNamingPolicy$2.class(in = 837) (out= 421)(deflated 49%)
adding: com/google/gson/FieldNamingPolicy$3.class(in = 938) (out= 459)(deflated 51%)
adding: com/google/gson/FieldNamingPolicy$4.class(in = 1017) (out= 500)(deflated 50%)
adding: com/google/gson/FieldNamingPolicy$5.class(in = 1017) (out= 497)(deflated 51%)
adding: com/google/gson/FieldNamingPolicy$6.class(in = 1017) (out= 501)(deflated 50%)
adding: com/google/gson/FieldNamingPolicy.class(in = 3456) (out= 1671)(deflated 51%)
adding: com/google/gson/FieldNamingStrategy.class(in = 207) (out= 157)(deflated 24%)
adding: com/google/gson/Gson$1.class(in = 2020) (out= 915)(deflated 54%)
adding: com/google/gson/Gson$2.class(in = 2023) (out= 922)(deflated 54%)
adding: com/google/gson/Gson$3.class(in = 1928) (out= 840)(deflated 56%)
adding: com/google/gson/Gson$4.class(in = 1746) (out= 754)(deflated 56%)
adding: com/google/gson/Gson$5.class(in = 2590) (out= 1247)(deflated 51%)
adding: com/google/gson/Gson$FutureTypeAdapter.class(in = 1719) (out= 757)(deflated 55%)
adding: com/google/gson/Gson.class(in = 22265) (out= 8687)(deflated 60%)
adding: com/google/gson/GsonBuilder.class(in = 9796) (out= 3660)(deflated 62%)
adding: com/google/gson/InstanceCreator.class(in = 302) (out= 184)(deflated 39%)
adding: com/google/gson/JsonArray.class(in = 5649) (out= 2039)(deflated 63%)
adding: com/google/gson/JsonDeserializationContext.class(in = 413) (out= 227)(deflated 45%)
adding: com/google/gson/JsonDeserializer.class(in = 510) (out= 239)(deflated 53%)
adding: com/google/gson/JsonElement.class(in = 3908) (out= 1370)(deflated 64%)
adding: com/google/gson/JsonIOException.class(in = 731) (out= 380)(deflated 48%)
adding: com/google/gson/JsonNull.class(in = 966) (out= 536)(deflated 44%)
adding: com/google/gson/JsonObject.class(in = 4250) (out= 1568)(deflated 63%)
adding: com/google/gson/JsonParseException.class(in = 732) (out= 388)(deflated 46%)
adding: com/google/gson/JsonParser.class(in = 2757) (out= 1261)(deflated 54%)
adding: com/google/gson/JsonPrimitive.class(in = 6024) (out= 2707)(deflated 55%)
adding: com/google/gson/JsonSerializationContext.class(in = 301) (out= 174)(deflated 42%)
adding: com/google/gson/JsonSerializer.class(in = 437) (out= 209)(deflated 52%)
adding: com/google/gson/JsonStreamParser.class(in = 2725) (out= 1304)(deflated 52%)
adding: com/google/gson/JsonSyntaxException.class(in = 743) (out= 384)(deflated 48%)
adding: com/google/gson/LongSerializationPolicy$1.class(in = 735) (out= 382)(deflated 48%)
adding: com/google/gson/LongSerializationPolicy$2.class(in = 876) (out= 436)(deflated 50%)
adding: com/google/gson/LongSerializationPolicy.class(in = 1507) (out= 675)(deflated 55%)
adding: com/google/gson/TypeAdapter$1.class(in = 1665) (out= 736)(deflated 55%)
adding: com/google/gson/TypeAdapter.class(in = 3559) (out= 1391)(deflated 60%)
adding: com/google/gson/TypeAdapterFactory.class(in = 384) (out= 201)(deflated 47%)
adding: com/google/gson/annotations/(in = 0) (out= 0)(stored 0%)
adding: com/google/gson/annotations/Expose.class(in = 523) (out= 302)(deflated 42%)
adding: com/google/gson/annotations/JsonAdapter.class(in = 548) (out= 329)(deflated 39%)
adding: com/google/gson/annotations/SerializedName.class(in = 566) (out= 323)(deflated 42%)
adding: com/google/gson/annotations/Since.class(in = 456) (out= 272)(deflated 40%)
adding: com/google/gson/annotations/Until.class(in = 456) (out= 274)(deflated 39%)
adding: com/google/gson/internal/(in = 0) (out= 0)(stored 0%)
adding: com/google/gson/internal/$Gson$Preconditions.class(in = 892) (out= 504)(deflated 43%)
adding: com/google/gson/internal/$Gson$Types$GenericArrayTypeImpl.class(in = 1536) (out= 746)(deflated 51%)
adding: com/google/gson/internal/$Gson$Types$ParameterizedTypeImpl.class(in = 3176) (out= 1597)(deflated 49%)
adding: com/google/gson/internal/$Gson$Types$WildcardTypeImpl.class(in = 2350) (out= 1188)(deflated 49%)
adding: com/google/gson/internal/$Gson$Types.class(in = 11501) (out= 5093)(deflated 55%)
adding: com/google/gson/internal/ConstructorConstructor$1.class(in = 1268) (out= 543)(deflated 57%)
adding: com/google/gson/internal/ConstructorConstructor$10.class(in = 1045) (out= 489)(deflated 53%)
adding: com/google/gson/internal/ConstructorConstructor$11.class(in = 1024) (out= 480)(deflated 53%)
adding: com/google/gson/internal/ConstructorConstructor$12.class(in = 1030) (out= 483)(deflated 53%)
adding: com/google/gson/internal/ConstructorConstructor$13.class(in = 1045) (out= 483)(deflated 53%)
adding: com/google/gson/internal/ConstructorConstructor$14.class(in = 2015) (out= 913)(deflated 54%)
adding: com/google/gson/internal/ConstructorConstructor$2.class(in = 1271) (out= 547)(deflated 56%)
adding: com/google/gson/internal/ConstructorConstructor$3.class(in = 2127) (out= 921)(deflated 56%)
adding: com/google/gson/internal/ConstructorConstructor$4.class(in = 1022) (out= 480)(deflated 53%)
adding: com/google/gson/internal/ConstructorConstructor$5.class(in = 1741) (out= 829)(deflated 52%)
adding: com/google/gson/internal/ConstructorConstructor$6.class(in = 1028) (out= 486)(deflated 52%)
adding: com/google/gson/internal/ConstructorConstructor$7.class(in = 1025) (out= 484)(deflated 52%)
adding: com/google/gson/internal/ConstructorConstructor$8.class(in = 1024) (out= 482)(deflated 52%)
adding: com/google/gson/internal/ConstructorConstructor$9.class(in = 1047) (out= 491)(deflated 53%)
adding: com/google/gson/internal/ConstructorConstructor.class(in = 5977) (out= 2104)(deflated 64%)
adding: com/google/gson/internal/Excluder$1.class(in = 2345) (out= 1011)(deflated 56%)
adding: com/google/gson/internal/Excluder.class(in = 7224) (out= 3260)(deflated 54%)
adding: com/google/gson/internal/GsonBuildConfig.class(in = 394) (out= 273)(deflated 30%)
adding: com/google/gson/internal/JavaVersion.class(in = 1999) (out= 1102)(deflated 44%)
adding: com/google/gson/internal/JsonReaderInternalAccess.class(in = 484) (out= 307)(deflated 36%)
adding: com/google/gson/internal/LazilyParsedNumber.class(in = 1959) (out= 971)(deflated 50%)
adding: com/google/gson/internal/LinkedHashTreeMap$1.class(in = 922) (out= 460)(deflated 50%)
adding: com/google/gson/internal/LinkedHashTreeMap$AvlBuilder.class(in = 2444) (out= 1237)(deflated 49%)
adding: com/google/gson/internal/LinkedHashTreeMap$AvlIterator.class(in = 1676) (out= 737)(deflated 56%)
adding: com/google/gson/internal/LinkedHashTreeMap$EntrySet$1.class(in = 1563) (out= 602)(deflated 61%)
adding: com/google/gson/internal/LinkedHashTreeMap$EntrySet.class(in = 2114) (out= 857)(deflated 59%)
adding: com/google/gson/internal/LinkedHashTreeMap$KeySet$1.class(in = 1364) (out= 557)(deflated 59%)
adding: com/google/gson/internal/LinkedHashTreeMap$KeySet.class(in = 1722) (out= 729)(deflated 57%)
adding: com/google/gson/internal/LinkedHashTreeMap$LinkedTreeMapIterator.class(in = 2076) (out= 939)(deflated 54%)
adding: com/google/gson/internal/LinkedHashTreeMap$Node.class(in = 3463) (out= 1416)(deflated 59%)
adding: com/google/gson/internal/LinkedHashTreeMap.class(in = 13897) (out= 5861)(deflated 57%)
adding: com/google/gson/internal/LinkedTreeMap$1.class(in = 906) (out= 457)(deflated 49%)
adding: com/google/gson/internal/LinkedTreeMap$EntrySet$1.class(in = 1511) (out= 591)(deflated 60%)
adding: com/google/gson/internal/LinkedTreeMap$EntrySet.class(in = 2058) (out= 853)(deflated 58%)
adding: com/google/gson/internal/LinkedTreeMap$KeySet$1.class(in = 1312) (out= 549)(deflated 58%)
adding: com/google/gson/internal/LinkedTreeMap$KeySet.class(in = 1678) (out= 720)(deflated 57%)
adding: com/google/gson/internal/LinkedTreeMap$LinkedTreeMapIterator.class(in = 2024) (out= 929)(deflated 54%)
adding: com/google/gson/internal/LinkedTreeMap$Node.class(in = 3354) (out= 1379)(deflated 58%)
adding: com/google/gson/internal/LinkedTreeMap.class(in = 11246) (out= 4784)(deflated 57%)
adding: com/google/gson/internal/ObjectConstructor.class(in = 262) (out= 172)(deflated 34%)
adding: com/google/gson/internal/PreJava9DateFormatProvider.class(in = 1943) (out= 926)(deflated 52%)
adding: com/google/gson/internal/Primitives.class(in = 2812) (out= 1277)(deflated 54%)
adding: com/google/gson/internal/Streams$AppendableWriter$CurrentWrite.class(in = 950) (out= 497)(deflated 47%)
adding: com/google/gson/internal/Streams$AppendableWriter.class(in = 1336) (out= 643)(deflated 51%)
adding: com/google/gson/internal/Streams.class(in = 2402) (out= 1071)(deflated 55%)
adding: com/google/gson/internal/UnsafeAllocator$1.class(in = 1195) (out= 591)(deflated 50%)
adding: com/google/gson/internal/UnsafeAllocator$2.class(in = 1238) (out= 630)(deflated 49%)
adding: com/google/gson/internal/UnsafeAllocator$3.class(in = 1117) (out= 565)(deflated 49%)
adding: com/google/gson/internal/UnsafeAllocator$4.class(in = 1083) (out= 551)(deflated 49%)
adding: com/google/gson/internal/UnsafeAllocator.class(in = 3098) (out= 1448)(deflated 53%)
adding: com/google/gson/internal/bind/(in = 0) (out= 0)(stored 0%)
adding: com/google/gson/internal/bind/ArrayTypeAdapter$1.class(in = 1963) (out= 808)(deflated 58%)
adding: com/google/gson/internal/bind/ArrayTypeAdapter.class(in = 3254) (out= 1466)(deflated 54%)
adding: com/google/gson/internal/bind/CollectionTypeAdapterFactory$Adapter.class(in = 3663) (out= 1387)(deflated 62%)
adding: com/google/gson/internal/bind/CollectionTypeAdapterFactory.class(in = 2663) (out= 983)(deflated 63%)
adding: com/google/gson/internal/bind/DateTypeAdapter$1.class(in = 1165) (out= 542)(deflated 53%)
adding: com/google/gson/internal/bind/DateTypeAdapter.class(in = 3681) (out= 1674)(deflated 54%)
adding: com/google/gson/internal/bind/JsonAdapterAnnotationTypeAdapterFactory.class(in = 4068) (out= 1537)(deflated 62%)
adding: com/google/gson/internal/bind/JsonTreeReader$1.class(in = 749) (out= 425)(deflated 43%)
adding: com/google/gson/internal/bind/JsonTreeReader.class(in = 7816) (out= 3743)(deflated 52%)
adding: com/google/gson/internal/bind/JsonTreeWriter$1.class(in = 824) (out= 435)(deflated 47%)
adding: com/google/gson/internal/bind/JsonTreeWriter.class(in = 5374) (out= 2350)(deflated 56%)
adding: com/google/gson/internal/bind/MapTypeAdapterFactory$Adapter.class(in = 7522) (out= 3173)(deflated 57%)
adding: com/google/gson/internal/bind/MapTypeAdapterFactory.class(in = 3508) (out= 1310)(deflated 62%)
adding: com/google/gson/internal/bind/ObjectTypeAdapter$1.class(in = 1151) (out= 532)(deflated 53%)
adding: com/google/gson/internal/bind/ObjectTypeAdapter$2.class(in = 959) (out= 577)(deflated 39%)
adding: com/google/gson/internal/bind/ObjectTypeAdapter.class(in = 3193) (out= 1530)(deflated 52%)
adding: com/google/gson/internal/bind/ReflectiveTypeAdapterFactory$1.class(in = 2990) (out= 1225)(deflated 59%)
adding: com/google/gson/internal/bind/ReflectiveTypeAdapterFactory$Adapter.class(in = 4037) (out= 1661)(deflated 58%)
adding: com/google/gson/internal/bind/ReflectiveTypeAdapterFactory$BoundField.class(in = 1006) (out= 513)(deflated 49%)
adding: com/google/gson/internal/bind/ReflectiveTypeAdapterFactory.class(in = 8880) (out= 3384)(deflated 61%)
adding: com/google/gson/internal/bind/SqlDateTypeAdapter$1.class(in = 1176) (out= 546)(deflated 53%)
adding: com/google/gson/internal/bind/SqlDateTypeAdapter.class(in = 2470) (out= 1124)(deflated 54%)
adding: com/google/gson/internal/bind/TimeTypeAdapter$1.class(in = 1164) (out= 542)(deflated 53%)
adding: com/google/gson/internal/bind/TimeTypeAdapter.class(in = 2468) (out= 1115)(deflated 54%)
adding: com/google/gson/internal/bind/TreeTypeAdapter$1.class(in = 253) (out= 175)(deflated 30%)
adding: com/google/gson/internal/bind/TreeTypeAdapter$GsonContextImpl.class(in = 2087) (out= 761)(deflated 63%)
adding: com/google/gson/internal/bind/TreeTypeAdapter$SingleTypeFactory.class(in = 2646) (out= 1107)(deflated 58%)
adding: com/google/gson/internal/bind/TreeTypeAdapter.class(in = 5317) (out= 1791)(deflated 66%)
adding: com/google/gson/internal/bind/TypeAdapterRuntimeTypeWrapper.class(in = 2720) (out= 1132)(deflated 58%)
adding: com/google/gson/internal/bind/TypeAdapters$1.class(in = 1730) (out= 776)(deflated 55%)
adding: com/google/gson/internal/bind/TypeAdapters$10.class(in = 2695) (out= 1274)(deflated 52%)
adding: com/google/gson/internal/bind/TypeAdapters$11.class(in = 1946) (out= 838)(deflated 56%)
adding: com/google/gson/internal/bind/TypeAdapters$12.class(in = 1753) (out= 752)(deflated 57%)
adding: com/google/gson/internal/bind/TypeAdapters$13.class(in = 1754) (out= 746)(deflated 57%)
adding: com/google/gson/internal/bind/TypeAdapters$14.class(in = 2277) (out= 989)(deflated 56%)
adding: com/google/gson/internal/bind/TypeAdapters$15.class(in = 2273) (out= 1017)(deflated 55%)
adding: com/google/gson/internal/bind/TypeAdapters$16.class(in = 1868) (out= 825)(deflated 55%)
adding: com/google/gson/internal/bind/TypeAdapters$17.class(in = 1961) (out= 862)(deflated 56%)
adding: com/google/gson/internal/bind/TypeAdapters$18.class(in = 1961) (out= 855)(deflated 56%)
adding: com/google/gson/internal/bind/TypeAdapters$19.class(in = 1875) (out= 802)(deflated 57%)
adding: com/google/gson/internal/bind/TypeAdapters$2.class(in = 3142) (out= 1531)(deflated 51%)
adding: com/google/gson/internal/bind/TypeAdapters$20.class(in = 1870) (out= 807)(deflated 56%)
adding: com/google/gson/internal/bind/TypeAdapters$21.class(in = 1942) (out= 884)(deflated 54%)
adding: com/google/gson/internal/bind/TypeAdapters$22.class(in = 2142) (out= 978)(deflated 54%)
adding: com/google/gson/internal/bind/TypeAdapters$23.class(in = 1895) (out= 816)(deflated 56%)
adding: com/google/gson/internal/bind/TypeAdapters$24.class(in = 1854) (out= 803)(deflated 56%)
adding: com/google/gson/internal/bind/TypeAdapters$25.class(in = 1591) (out= 675)(deflated 57%)
adding: com/google/gson/internal/bind/TypeAdapters$26$1.class(in = 1862) (out= 820)(deflated 55%)
adding: com/google/gson/internal/bind/TypeAdapters$26.class(in = 1529) (out= 655)(deflated 57%)
adding: com/google/gson/internal/bind/TypeAdapters$27.class(in = 2939) (out= 1478)(deflated 49%)
adding: com/google/gson/internal/bind/TypeAdapters$28.class(in = 2415) (out= 1118)(deflated 53%)
adding: com/google/gson/internal/bind/TypeAdapters$29.class(in = 4849) (out= 2248)(deflated 53%)
adding: com/google/gson/internal/bind/TypeAdapters$3.class(in = 1903) (out= 850)(deflated 55%)
adding: com/google/gson/internal/bind/TypeAdapters$30.class(in = 1488) (out= 695)(deflated 53%)
adding: com/google/gson/internal/bind/TypeAdapters$31.class(in = 1427) (out= 598)(deflated 58%)
adding: com/google/gson/internal/bind/TypeAdapters$32.class(in = 1797) (out= 772)(deflated 57%)
adding: com/google/gson/internal/bind/TypeAdapters$33.class(in = 1978) (out= 864)(deflated 56%)
adding: com/google/gson/internal/bind/TypeAdapters$34.class(in = 1989) (out= 874)(deflated 56%)
adding: com/google/gson/internal/bind/TypeAdapters$35$1.class(in = 2116) (out= 982)(deflated 53%)
adding: com/google/gson/internal/bind/TypeAdapters$35.class(in = 2071) (out= 906)(deflated 56%)
adding: com/google/gson/internal/bind/TypeAdapters$36.class(in = 1148) (out= 665)(deflated 42%)
adding: com/google/gson/internal/bind/TypeAdapters$4.class(in = 1878) (out= 815)(deflated 56%)
adding: com/google/gson/internal/bind/TypeAdapters$5.class(in = 1975) (out= 868)(deflated 56%)
adding: com/google/gson/internal/bind/TypeAdapters$6.class(in = 1946) (out= 846)(deflated 56%)
adding: com/google/gson/internal/bind/TypeAdapters$7.class(in = 1949) (out= 854)(deflated 56%)
adding: com/google/gson/internal/bind/TypeAdapters$8.class(in = 1832) (out= 783)(deflated 57%)
adding: com/google/gson/internal/bind/TypeAdapters$9.class(in = 1613) (out= 667)(deflated 58%)
adding: com/google/gson/internal/bind/TypeAdapters$EnumTypeAdapter.class(in = 3682) (out= 1605)(deflated 56%)
adding: com/google/gson/internal/bind/TypeAdapters.class(in = 9936) (out= 3254)(deflated 67%)
adding: com/google/gson/internal/bind/util/(in = 0) (out= 0)(stored 0%)
adding: com/google/gson/internal/bind/util/ISO8601Utils.class(in = 7300) (out= 4081)(deflated 44%)
adding: com/google/gson/internal/reflect/(in = 0) (out= 0)(stored 0%)
adding: com/google/gson/internal/reflect/PreJava9ReflectionAccessor.class(in = 656) (out= 331)(deflated 49%)
adding: com/google/gson/internal/reflect/ReflectionAccessor.class(in = 883) (out= 458)(deflated 48%)
adding: com/google/gson/internal/reflect/UnsafeReflectionAccessor.class(in = 3157) (out= 1531)(deflated 51%)
adding: com/google/gson/reflect/(in = 0) (out= 0)(stored 0%)
adding: com/google/gson/reflect/TypeToken.class(in = 8611) (out= 3439)(deflated 60%)
adding: com/google/gson/stream/(in = 0) (out= 0)(stored 0%)
adding: com/google/gson/stream/JsonReader$1.class(in = 1369) (out= 768)(deflated 43%)
adding: com/google/gson/stream/JsonReader.class(in = 19781) (out= 10318)(deflated 47%)
adding: com/google/gson/stream/JsonScope.class(in = 612) (out= 362)(deflated 40%)
adding: com/google/gson/stream/JsonToken.class(in = 1465) (out= 780)(deflated 46%)
adding: com/google/gson/stream/JsonWriter.class(in = 8565) (out= 4181)(deflated 51%)
adding: com/google/gson/stream/MalformedJsonException.class(in = 838) (out= 440)(deflated 47%)
adding: com/kohlschutter/(in = 0) (out= 0)(stored 0%)
adding: com/kohlschutter/junixsocket/(in = 0) (out= 0)(stored 0%)
adding: com/kohlschutter/junixsocket/core/(in = 0) (out= 0)(stored 0%)
adding: com/kohlschutter/junixsocket/core/JUnixSocketCore.class(in = 448) (out= 300)(deflated 33%)
adding: edu/(in = 0) (out= 0)(stored 0%)
adding: edu/umd/(in = 0) (out= 0)(stored 0%)
adding: edu/umd/cs/(in = 0) (out= 0)(stored 0%)
adding: edu/umd/cs/findbugs/(in = 0) (out= 0)(stored 0%)
adding: edu/umd/cs/findbugs/annotations/(in = 0) (out= 0)(stored 0%)
adding: edu/umd/cs/findbugs/annotations/CheckForNull.class(in = 675) (out= 382)(deflated 43%)
adding: edu/umd/cs/findbugs/annotations/CheckReturnValue.class(in = 866) (out= 423)(deflated 51%)
adding: edu/umd/cs/findbugs/annotations/CleanupObligation.class(in = 457) (out= 266)(deflated 41%)
adding: edu/umd/cs/findbugs/annotations/Confidence.class(in = 1702) (out= 871)(deflated 48%)
adding: edu/umd/cs/findbugs/annotations/CreatesObligation.class(in = 478) (out= 282)(deflated 41%)
adding: edu/umd/cs/findbugs/annotations/DefaultAnnotation.class(in = 915) (out= 430)(deflated 53%)
adding: edu/umd/cs/findbugs/annotations/DefaultAnnotationForFields.class(in = 933) (out= 437)(deflated 53%)
adding: edu/umd/cs/findbugs/annotations/DefaultAnnotationForMethods.class(in = 935) (out= 438)(deflated 53%)
adding: edu/umd/cs/findbugs/annotations/DefaultAnnotationForParameters.class(in = 941) (out= 440)(deflated 53%)
adding: edu/umd/cs/findbugs/annotations/DesireNoWarning.class(in = 728) (out= 353)(deflated 51%)
adding: edu/umd/cs/findbugs/annotations/DesireWarning.class(in = 613) (out= 330)(deflated 46%)
adding: edu/umd/cs/findbugs/annotations/DischargesObligation.class(in = 465) (out= 266)(deflated 42%)
adding: edu/umd/cs/findbugs/annotations/ExpectWarning.class(in = 613) (out= 330)(deflated 46%)
adding: edu/umd/cs/findbugs/annotations/NoWarning.class(in = 605) (out= 327)(deflated 45%)
adding: edu/umd/cs/findbugs/annotations/NonNull.class(in = 666) (out= 377)(deflated 43%)
adding: edu/umd/cs/findbugs/annotations/Nullable.class(in = 669) (out= 382)(deflated 42%)
adding: edu/umd/cs/findbugs/annotations/OverrideMustInvoke.class(in = 592) (out= 317)(deflated 46%)
adding: edu/umd/cs/findbugs/annotations/PossiblyNull.class(in = 723) (out= 403)(deflated 44%)
adding: edu/umd/cs/findbugs/annotations/Priority.class(in = 1436) (out= 740)(deflated 48%)
adding: edu/umd/cs/findbugs/annotations/ReturnValuesAreNonnullByDefault.class(in = 535) (out= 299)(deflated 44%)
adding: edu/umd/cs/findbugs/annotations/SuppressFBWarnings.class(in = 447) (out= 273)(deflated 38%)
adding: edu/umd/cs/findbugs/annotations/SuppressWarnings.class(in = 681) (out= 407)(deflated 40%)
adding: edu/umd/cs/findbugs/annotations/UnknownNullness.class(in = 683) (out= 387)(deflated 43%)
adding: edu/umd/cs/findbugs/annotations/When.class(in = 1157) (out= 603)(deflated 47%)
adding: gui/(in = 0) (out= 0)(stored 0%)
adding: gui/JTextAreaWriter.class(in = 858) (out= 531)(deflated 38%)
adding: gui/MouseController.class(in = 4405) (out= 2293)(deflated 47%)
adding: gui/MouseControllerPanel.class(in = 3345) (out= 1898)(deflated 43%)
adding: gui/PGSMouseListener.class(in = 8506) (out= 4409)(deflated 48%)
adding: gui/PhysicalGameStateJFrame.class(in = 1024) (out= 580)(deflated 43%)
adding: gui/PhysicalGameStateMouseJFrame.class(in = 2157) (out= 1168)(deflated 45%)
adding: gui/PhysicalGameStatePanel.class(in = 12716) (out= 6125)(deflated 51%)
adding: gui/TraceVisualizer.class(in = 4515) (out= 2458)(deflated 45%)
adding: gui/frontend/(in = 0) (out= 0)(stored 0%)
adding: gui/frontend/FEStateMouseListener.class(in = 1803) (out= 928)(deflated 48%)
adding: gui/frontend/FEStatePane$1.class(in = 1205) (out= 732)(deflated 39%)
adding: gui/frontend/FEStatePane$10.class(in = 840) (out= 517)(deflated 38%)
adding: gui/frontend/FEStatePane$11.class(in = 1502) (out= 841)(deflated 44%)
adding: gui/frontend/FEStatePane$12$1.class(in = 5014) (out= 2752)(deflated 45%)
adding: gui/frontend/FEStatePane$12.class(in = 733) (out= 445)(deflated 39%)
adding: gui/frontend/FEStatePane$13.class(in = 778) (out= 510)(deflated 34%)
adding: gui/frontend/FEStatePane$14.class(in = 778) (out= 509)(deflated 34%)
adding: gui/frontend/FEStatePane$2.class(in = 2169) (out= 1141)(deflated 47%)
adding: gui/frontend/FEStatePane$3.class(in = 1507) (out= 864)(deflated 42%)
adding: gui/frontend/FEStatePane$4.class(in = 1209) (out= 692)(deflated 42%)
adding: gui/frontend/FEStatePane$5.class(in = 1209) (out= 691)(deflated 42%)
adding: gui/frontend/FEStatePane$6.class(in = 2856) (out= 1533)(deflated 46%)
adding: gui/frontend/FEStatePane$7.class(in = 2856) (out= 1535)(deflated 46%)
adding: gui/frontend/FEStatePane$8.class(in = 3669) (out= 1899)(deflated 48%)
adding: gui/frontend/FEStatePane$9.class(in = 997) (out= 634)(deflated 36%)
adding: gui/frontend/FEStatePane.class(in = 16846) (out= 8106)(deflated 51%)
adding: gui/frontend/FETournamentPane$1.class(in = 1072) (out= 627)(deflated 41%)
adding: gui/frontend/FETournamentPane$10$1.class(in = 2249) (out= 1188)(deflated 47%)
adding: gui/frontend/FETournamentPane$10$2.class(in = 2281) (out= 1186)(deflated 48%)
adding: gui/frontend/FETournamentPane$10.class(in = 4846) (out= 2446)(deflated 49%)
adding: gui/frontend/FETournamentPane$2.class(in = 1879) (out= 1094)(deflated 41%)
adding: gui/frontend/FETournamentPane$3.class(in = 1882) (out= 1094)(deflated 41%)
adding: gui/frontend/FETournamentPane$4.class(in = 1119) (out= 655)(deflated 41%)
adding: gui/frontend/FETournamentPane$5.class(in = 879) (out= 523)(deflated 40%)
adding: gui/frontend/FETournamentPane$6.class(in = 1119) (out= 659)(deflated 41%)
adding: gui/frontend/FETournamentPane$7.class(in = 879) (out= 521)(deflated 40%)
adding: gui/frontend/FETournamentPane$8.class(in = 1197) (out= 707)(deflated 40%)
adding: gui/frontend/FETournamentPane$9.class(in = 867) (out= 520)(deflated 40%)
adding: gui/frontend/FETournamentPane.class(in = 6736) (out= 3494)(deflated 48%)
adding: gui/frontend/FETracePane$1.class(in = 2009) (out= 1118)(deflated 44%)
adding: gui/frontend/FETracePane$2.class(in = 1523) (out= 859)(deflated 43%)
adding: gui/frontend/FETracePane$3.class(in = 890) (out= 502)(deflated 43%)
adding: gui/frontend/FETracePane$4.class(in = 1073) (out= 634)(deflated 40%)
adding: gui/frontend/FETracePane$5.class(in = 972) (out= 581)(deflated 40%)
adding: gui/frontend/FETracePane$6.class(in = 1284) (out= 758)(deflated 40%)
adding: gui/frontend/FETracePane$7.class(in = 1330) (out= 789)(deflated 40%)
adding: gui/frontend/FETracePane.class(in = 2508) (out= 1341)(deflated 46%)
adding: gui/frontend/FrontEnd.class(in = 1640) (out= 959)(deflated 41%)
adding: gui/frontend/PopUpStateEditorMenu$1.class(in = 1114) (out= 612)(deflated 45%)
adding: gui/frontend/PopUpStateEditorMenu$10.class(in = 1054) (out= 587)(deflated 44%)
adding: gui/frontend/PopUpStateEditorMenu$11.class(in = 1277) (out= 685)(deflated 46%)
adding: gui/frontend/PopUpStateEditorMenu$12.class(in = 1188) (out= 643)(deflated 45%)
adding: gui/frontend/PopUpStateEditorMenu$2.class(in = 1273) (out= 665)(deflated 47%)
adding: gui/frontend/PopUpStateEditorMenu$3.class(in = 1272) (out= 663)(deflated 47%)
adding: gui/frontend/PopUpStateEditorMenu$4.class(in = 1272) (out= 663)(deflated 47%)
adding: gui/frontend/PopUpStateEditorMenu$5.class(in = 1114) (out= 612)(deflated 45%)
adding: gui/frontend/PopUpStateEditorMenu$6.class(in = 1119) (out= 594)(deflated 46%)
adding: gui/frontend/PopUpStateEditorMenu$7.class(in = 1052) (out= 579)(deflated 44%)
adding: gui/frontend/PopUpStateEditorMenu$8.class(in = 1052) (out= 579)(deflated 44%)
adding: gui/frontend/PopUpStateEditorMenu$9.class(in = 1053) (out= 584)(deflated 44%)
adding: gui/frontend/PopUpStateEditorMenu.class(in = 4413) (out= 1933)(deflated 56%)
adding: javax/(in = 0) (out= 0)(stored 0%)
adding: javax/annotation/(in = 0) (out= 0)(stored 0%)
adding: javax/annotation/CheckForNull.class(in = 518) (out= 290)(deflated 44%)
adding: javax/annotation/CheckForSigned.class(in = 526) (out= 295)(deflated 43%)
adding: javax/annotation/CheckReturnValue.class(in = 607) (out= 341)(deflated 43%)
adding: javax/annotation/Detainted.class(in = 515) (out= 285)(deflated 44%)
adding: javax/annotation/MatchesPattern$Checker.class(in = 1484) (out= 677)(deflated 54%)
adding: javax/annotation/MatchesPattern.class(in = 643) (out= 357)(deflated 44%)
adding: javax/annotation/Nonnegative$Checker.class(in = 1528) (out= 726)(deflated 52%)
adding: javax/annotation/Nonnegative.class(in = 627) (out= 343)(deflated 45%)
adding: javax/annotation/Nonnull$Checker.class(in = 1064) (out= 503)(deflated 52%)
adding: javax/annotation/Nonnull.class(in = 574) (out= 317)(deflated 44%)
adding: javax/annotation/Nullable.class(in = 512) (out= 286)(deflated 44%)
adding: javax/annotation/OverridingMethodsMustInvokeSuper.class(in = 474) (out= 266)(deflated 43%)
adding: javax/annotation/ParametersAreNonnullByDefault.class(in = 519) (out= 284)(deflated 45%)
adding: javax/annotation/ParametersAreNullableByDefault.class(in = 522) (out= 285)(deflated 45%)
adding: javax/annotation/PropertyKey.class(in = 503) (out= 285)(deflated 43%)
adding: javax/annotation/RegEx$Checker.class(in = 1306) (out= 620)(deflated 52%)
adding: javax/annotation/RegEx.class(in = 659) (out= 354)(deflated 46%)
adding: javax/annotation/Signed.class(in = 512) (out= 289)(deflated 43%)
adding: javax/annotation/Syntax.class(in = 571) (out= 323)(deflated 43%)
adding: javax/annotation/Tainted.class(in = 510) (out= 283)(deflated 44%)
adding: javax/annotation/Untainted.class(in = 499) (out= 282)(deflated 43%)
adding: javax/annotation/WillClose.class(in = 336) (out= 209)(deflated 37%)
adding: javax/annotation/WillCloseWhenClosed.class(in = 356) (out= 216)(deflated 39%)
adding: javax/annotation/WillNotClose.class(in = 342) (out= 212)(deflated 38%)
adding: javax/annotation/concurrent/(in = 0) (out= 0)(stored 0%)
adding: javax/annotation/concurrent/GuardedBy.class(in = 441) (out= 268)(deflated 39%)
adding: javax/annotation/concurrent/Immutable.class(in = 435) (out= 248)(deflated 42%)
adding: javax/annotation/concurrent/NotThreadSafe.class(in = 443) (out= 253)(deflated 42%)
adding: javax/annotation/concurrent/ThreadSafe.class(in = 437) (out= 250)(deflated 42%)
adding: javax/annotation/meta/(in = 0) (out= 0)(stored 0%)
adding: javax/annotation/meta/Exclusive.class(in = 341) (out= 212)(deflated 37%)
adding: javax/annotation/meta/Exhaustive.class(in = 343) (out= 213)(deflated 37%)
adding: javax/annotation/meta/TypeQualifier.class(in = 590) (out= 334)(deflated 43%)
adding: javax/annotation/meta/TypeQualifierDefault.class(in = 541) (out= 295)(deflated 45%)
adding: javax/annotation/meta/TypeQualifierNickname.class(in = 369) (out= 234)(deflated 36%)
adding: javax/annotation/meta/TypeQualifierValidator.class(in = 520) (out= 261)(deflated 49%)
adding: javax/annotation/meta/When.class(in = 1075) (out= 587)(deflated 45%)
adding: java_cup/(in = 0) (out= 0)(stored 0%)
adding: java_cup/runtime/(in = 0) (out= 0)(stored 0%)
adding: java_cup/runtime/ComplexSymbolFactory$ComplexSymbol.class(in = 3327) (out= 1210)(deflated 63%)
adding: java_cup/runtime/ComplexSymbolFactory$Location.class(in = 3106) (out= 1355)(deflated 56%)
adding: java_cup/runtime/ComplexSymbolFactory.class(in = 3031) (out= 775)(deflated 74%)
adding: java_cup/runtime/DefaultSymbolFactory.class(in = 2325) (out= 703)(deflated 69%)
adding: java_cup/runtime/Scanner.class(in = 211) (out= 162)(deflated 23%)
adding: java_cup/runtime/ScannerBuffer.class(in = 1143) (out= 581)(deflated 49%)
adding: java_cup/runtime/Symbol.class(in = 1872) (out= 861)(deflated 54%)
adding: java_cup/runtime/SymbolFactory.class(in = 672) (out= 205)(deflated 69%)
adding: java_cup/runtime/XMLElement$Error.class(in = 2054) (out= 919)(deflated 55%)
adding: java_cup/runtime/XMLElement$NonTerminal.class(in = 3785) (out= 1777)(deflated 53%)
adding: java_cup/runtime/XMLElement$Terminal.class(in = 2988) (out= 1272)(deflated 57%)
adding: java_cup/runtime/XMLElement.class(in = 3652) (out= 1752)(deflated 52%)
adding: java_cup/runtime/lr_parser.class(in = 15584) (out= 7744)(deflated 50%)
adding: java_cup/runtime/virtual_parse_stack.class(in = 1785) (out= 959)(deflated 46%)
adding: JDOMAbout$Author.class(in = 480) (out= 320)(deflated 33%)
adding: JDOMAbout$Info.class(in = 3001) (out= 1678)(deflated 44%)
adding: JDOMAbout.class(in = 2063) (out= 1105)(deflated 46%)
adding: lib/(in = 0) (out= 0)(stored 0%)
adding: lib/aarch64-Linux-clang/(in = 0) (out= 0)(stored 0%)
adding: lib/aarch64-Linux-clang/jni/(in = 0) (out= 0)(stored 0%)
adding: lib/aarch64-Linux-clang/jni/libjunixsocket-native-2.3.0.nodeps.so(in = 202488) (out= 10163)(deflated 94%)
adding: lib/aarch64-Linux-clang/jni/libjunixsocket-native-2.3.0.so(in = 204560) (out= 11274)(deflated 94%)
adding: lib/amd64-Linux-clang/(in = 0) (out= 0)(stored 0%)
adding: lib/amd64-Linux-clang/jni/(in = 0) (out= 0)(stored 0%)
adding: lib/amd64-Linux-clang/jni/libjunixsocket-native-2.3.0.nodeps.so(in = 38696) (out= 10042)(deflated 74%)
adding: lib/amd64-Linux-clang/jni/libjunixsocket-native-2.3.0.so(in = 40304) (out= 11098)(deflated 72%)
adding: lib/amd64-SunOS-clang/(in = 0) (out= 0)(stored 0%)
adding: lib/amd64-SunOS-clang/jni/(in = 0) (out= 0)(stored 0%)
adding: lib/amd64-SunOS-clang/jni/libjunixsocket-native-2.3.0.so(in = 34792) (out= 9924)(deflated 71%)
adding: lib/amd64-Windows10-clang/(in = 0) (out= 0)(stored 0%)
adding: lib/amd64-Windows10-clang/jni/(in = 0) (out= 0)(stored 0%)
adding: lib/amd64-Windows10-clang/jni/junixsocket-native-2.3.0.dll(in = 536164) (out= 162744)(deflated 69%)
adding: lib/arm-Linux-clang/(in = 0) (out= 0)(stored 0%)
adding: lib/arm-Linux-clang/jni/(in = 0) (out= 0)(stored 0%)
adding: lib/arm-Linux-clang/jni/libjunixsocket-native-2.3.0.nodeps.so(in = 40080) (out= 10872)(deflated 72%)
adding: lib/arm-Linux-clang/jni/libjunixsocket-native-2.3.0.so(in = 42164) (out= 12394)(deflated 70%)
adding: lib/ppc64le-Linux-clang/(in = 0) (out= 0)(stored 0%)
adding: lib/ppc64le-Linux-clang/jni/(in = 0) (out= 0)(stored 0%)
adding: lib/ppc64le-Linux-clang/jni/libjunixsocket-native-2.3.0.nodeps.so(in = 203416) (out= 11505)(deflated 94%)
adding: lib/ppc64le-Linux-clang/jni/libjunixsocket-native-2.3.0.so(in = 205512) (out= 12814)(deflated 93%)
adding: lib/riscv64-Linux-clang/(in = 0) (out= 0)(stored 0%)
adding: lib/riscv64-Linux-clang/jni/(in = 0) (out= 0)(stored 0%)
adding: lib/riscv64-Linux-clang/jni/libjunixsocket-native-2.3.0.nodeps.so(in = 54552) (out= 13609)(deflated 75%)
adding: lib/riscv64-Linux-clang/jni/libjunixsocket-native-2.3.0.so(in = 59304) (out= 15129)(deflated 74%)
adding: lib/s390x-Linux-clang/(in = 0) (out= 0)(stored 0%)
adding: lib/s390x-Linux-clang/jni/(in = 0) (out= 0)(stored 0%)
adding: lib/s390x-Linux-clang/jni/libjunixsocket-native-2.3.0.nodeps.so(in = 34704) (out= 9725)(deflated 71%)
adding: lib/s390x-Linux-clang/jni/libjunixsocket-native-2.3.0.so(in = 36304) (out= 10759)(deflated 70%)
adding: lib/x86_64-MacOSX-clang/(in = 0) (out= 0)(stored 0%)
adding: lib/x86_64-MacOSX-clang/jni/(in = 0) (out= 0)(stored 0%)
adding: lib/x86_64-MacOSX-clang/jni/libjunixsocket-native-2.3.0.dylib(in = 29976) (out= 10024)(deflated 66%)
ignoring entry META-INF/
adding: META-INF/LICENSE-notice.md(in = 316) (out= 194)(deflated 38%)
adding: META-INF/LICENSE-picocli.md(in = 10482) (out= 3873)(deflated 63%)
adding: META-INF/LICENSE.md(in = 14235) (out= 4984)(deflated 64%)
adding: META-INF/LICENSE.txt(in = 2620) (out= 1289)(deflated 50%)
ignoring entry META-INF/MANIFEST.MF
adding: META-INF/info.xml(in = 2837) (out= 1104)(deflated 61%)
adding: META-INF/junit-jupiter-api.kotlin_module(in = 55) (out= 50)(deflated 9%)
adding: META-INF/maven/(in = 0) (out= 0)(stored 0%)
adding: META-INF/maven/com.eclipsesource.minimal-json/(in = 0) (out= 0)(stored 0%)
adding: META-INF/maven/com.eclipsesource.minimal-json/minimal-json/(in = 0) (out= 0)(stored 0%)
adding: META-INF/maven/com.eclipsesource.minimal-json/minimal-json/pom.properties(in = 152) (out= 131)(deflated 13%)
adding: META-INF/maven/com.eclipsesource.minimal-json/minimal-json/pom.xml(in = 4304) (out= 1154)(deflated 73%)
adding: META-INF/maven/com.google.code.findbugs/(in = 0) (out= 0)(stored 0%)
adding: META-INF/maven/com.google.code.findbugs/jsr305/(in = 0) (out= 0)(stored 0%)
adding: META-INF/maven/com.google.code.findbugs/jsr305/pom.properties(in = 121) (out= 116)(deflated 4%)
adding: META-INF/maven/com.google.code.findbugs/jsr305/pom.xml(in = 4286) (out= 1109)(deflated 74%)
adding: META-INF/maven/com.google.code.gson/(in = 0) (out= 0)(stored 0%)
adding: META-INF/maven/com.google.code.gson/gson/(in = 0) (out= 0)(stored 0%)
adding: META-INF/maven/com.google.code.gson/gson/pom.properties(in = 109) (out= 104)(deflated 4%)
adding: META-INF/maven/com.google.code.gson/gson/pom.xml(in = 2527) (out= 722)(deflated 71%)
adding: META-INF/maven/com.kohlschutter.junixsocket/(in = 0) (out= 0)(stored 0%)
adding: META-INF/maven/com.kohlschutter.junixsocket/junixsocket-common/(in = 0) (out= 0)(stored 0%)
adding: META-INF/maven/com.kohlschutter.junixsocket/junixsocket-common/pom.properties(in = 112) (out= 103)(deflated 8%)
adding: META-INF/maven/com.kohlschutter.junixsocket/junixsocket-common/pom.xml(in = 1849) (out= 620)(deflated 66%)
adding: META-INF/maven/com.kohlschutter.junixsocket/junixsocket-core/(in = 0) (out= 0)(stored 0%)
adding: META-INF/maven/com.kohlschutter.junixsocket/junixsocket-core/pom.properties(in = 110) (out= 100)(deflated 9%)
adding: META-INF/maven/com.kohlschutter.junixsocket/junixsocket-core/pom.xml(in = 1699) (out= 644)(deflated 62%)
adding: META-INF/maven/com.kohlschutter.junixsocket/junixsocket-native-common/(in = 0) (out= 0)(stored 0%)
adding: META-INF/maven/com.kohlschutter.junixsocket/junixsocket-native-common/pom.properties(in = 119) (out= 106)(deflated 10%)
adding: META-INF/maven/com.kohlschutter.junixsocket/junixsocket-native-common/pom.xml(in = 11083) (out= 1861)(deflated 83%)
adding: META-INF/maven/com.kohlschutter.junixsocket/junixsocket-rmi/(in = 0) (out= 0)(stored 0%)
adding: META-INF/maven/com.kohlschutter.junixsocket/junixsocket-rmi/pom.properties(in = 109) (out= 100)(deflated 8%)
adding: META-INF/maven/com.kohlschutter.junixsocket/junixsocket-rmi/pom.xml(in = 1869) (out= 521)(deflated 72%)
adding: META-INF/maven/com.kohlschutter.junixsocket/junixsocket-selftest/(in = 0) (out= 0)(stored 0%)
adding: META-INF/maven/com.kohlschutter.junixsocket/junixsocket-selftest/pom.properties(in = 114) (out= 103)(deflated 9%)
adding: META-INF/maven/com.kohlschutter.junixsocket/junixsocket-selftest/pom.xml(in = 4535) (out= 1024)(deflated 77%)
adding: META-INF/maven/com.kohlschutter.junixsocket/junixsocket-server/(in = 0) (out= 0)(stored 0%)
adding: META-INF/maven/com.kohlschutter.junixsocket/junixsocket-server/pom.properties(in = 112) (out= 102)(deflated 8%)
adding: META-INF/maven/com.kohlschutter.junixsocket/junixsocket-server/pom.xml(in = 1131) (out= 439)(deflated 61%)
adding: META-INF/maven/org.json/(in = 0) (out= 0)(stored 0%)
adding: META-INF/maven/org.json/json/(in = 0) (out= 0)(stored 0%)
adding: META-INF/maven/org.json/json/pom.properties(in = 130) (out= 121)(deflated 6%)
adding: META-INF/maven/org.json/json/pom.xml(in = 5974) (out= 2096)(deflated 64%)
adding: META-INF/services/(in = 0) (out= 0)(stored 0%)
adding: META-INF/services/org.junit.platform.engine.TestEngine(in = 42) (out= 35)(deflated 16%)
adding: META-INF/versions/(in = 0) (out= 0)(stored 0%)
adding: META-INF/versions/9/(in = 0) (out= 0)(stored 0%)
adding: META-INF/versions/9/com/(in = 0) (out= 0)(stored 0%)
adding: META-INF/versions/9/com/kohlschutter/(in = 0) (out= 0)(stored 0%)
adding: META-INF/versions/9/com/kohlschutter/junixsocket/(in = 0) (out= 0)(stored 0%)
adding: META-INF/versions/9/com/kohlschutter/junixsocket/core/(in = 0) (out= 0)(stored 0%)
adding: META-INF/versions/9/com/kohlschutter/junixsocket/core/JUnixSocketCore.class(in = 448) (out= 301)(deflated 32%)
adding: META-INF/versions/9/org/(in = 0) (out= 0)(stored 0%)
adding: META-INF/versions/9/org/junit/(in = 0) (out= 0)(stored 0%)
adding: META-INF/versions/9/org/junit/platform/(in = 0) (out= 0)(stored 0%)
adding: META-INF/versions/9/org/junit/platform/commons/(in = 0) (out= 0)(stored 0%)
adding: META-INF/versions/9/org/junit/platform/commons/util/(in = 0) (out= 0)(stored 0%)
adding: META-INF/versions/9/org/junit/platform/commons/util/ModuleUtils$ModuleReferenceScanner.class(in = 4859) (out= 2079)(deflated 57%)
adding: META-INF/versions/9/org/junit/platform/commons/util/ModuleUtils.class(in = 10721) (out= 3873)(deflated 63%)
adding: META-INF/versions/9/org/newsclub/(in = 0) (out= 0)(stored 0%)
adding: META-INF/versions/9/org/newsclub/lib/(in = 0) (out= 0)(stored 0%)
adding: META-INF/versions/9/org/newsclub/lib/junixsocket/(in = 0) (out= 0)(stored 0%)
adding: META-INF/versions/9/org/newsclub/lib/junixsocket/common/(in = 0) (out= 0)(stored 0%)
adding: META-INF/versions/9/org/newsclub/lib/junixsocket/common/NarMetadata.class(in = 432) (out= 295)(deflated 31%)
adding: META-INF/versions/9/org/newsclub/net/(in = 0) (out= 0)(stored 0%)
adding: META-INF/versions/9/org/newsclub/net/unix/(in = 0) (out= 0)(stored 0%)
adding: META-INF/versions/9/org/newsclub/net/unix/AFUNIXServerSocket$1.class(in = 1053) (out= 501)(deflated 52%)
adding: META-INF/versions/9/org/newsclub/net/unix/AFUNIXServerSocket.class(in = 5013) (out= 2239)(deflated 55%)
adding: META-INF/versions/9/org/newsclub/net/unix/AFUNIXSocket.class(in = 7716) (out= 3335)(deflated 56%)
adding: META-INF/versions/9/org/newsclub/net/unix/AFUNIXSocketAddress.class(in = 4078) (out= 2004)(deflated 50%)
adding: META-INF/versions/9/org/newsclub/net/unix/AFUNIXSocketAddressTest.class(in = 1304) (out= 725)(deflated 44%)
adding: META-INF/versions/9/org/newsclub/net/unix/AFUNIXSocketCapability.class(in = 1475) (out= 760)(deflated 48%)
adding: META-INF/versions/9/org/newsclub/net/unix/AFUNIXSocketCapabilityCondition.class(in = 3221) (out= 1348)(deflated 58%)
adding: META-INF/versions/9/org/newsclub/net/unix/AFUNIXSocketCapabilityRequirement.class(in = 616) (out= 328)(deflated 46%)
adding: META-INF/versions/9/org/newsclub/net/unix/AFUNIXSocketCredentials.class(in = 4184) (out= 2099)(deflated 49%)
adding: META-INF/versions/9/org/newsclub/net/unix/AFUNIXSocketFactory$1.class(in = 249) (out= 177)(deflated 28%)
adding: META-INF/versions/9/org/newsclub/net/unix/AFUNIXSocketFactory$DefaultSocketHostnameSocketFactory.class(in = 1263) (out= 590)(deflated 53%)
adding: META-INF/versions/9/org/newsclub/net/unix/AFUNIXSocketFactory$FactoryArg.class(in = 1417) (out= 658)(deflated 53%)
adding: META-INF/versions/9/org/newsclub/net/unix/AFUNIXSocketFactory$SystemProperty.class(in = 1535) (out= 747)(deflated 51%)
adding: META-INF/versions/9/org/newsclub/net/unix/AFUNIXSocketFactory$URIScheme.class(in = 2127) (out= 1134)(deflated 46%)
adding: META-INF/versions/9/org/newsclub/net/unix/AFUNIXSocketFactory.class(in = 3126) (out= 1251)(deflated 59%)
adding: META-INF/versions/9/org/newsclub/net/unix/AFUNIXSocketImpl$1.class(in = 1000) (out= 537)(deflated 46%)
adding: META-INF/versions/9/org/newsclub/net/unix/AFUNIXSocketImpl$AFUNIXInputStream.class(in = 2514) (out= 1205)(deflated 52%)
adding: META-INF/versions/9/org/newsclub/net/unix/AFUNIXSocketImpl$AFUNIXOutputStream.class(in = 2743) (out= 1392)(deflated 49%)
adding: META-INF/versions/9/org/newsclub/net/unix/AFUNIXSocketImpl$Lenient.class(in = 1044) (out= 600)(deflated 42%)
adding: META-INF/versions/9/org/newsclub/net/unix/AFUNIXSocketImpl.class(in = 15305) (out= 6748)(deflated 55%)
adding: META-INF/versions/9/org/newsclub/net/unix/AcceptTimeoutTest$1.class(in = 1403) (out= 754)(deflated 46%)
adding: META-INF/versions/9/org/newsclub/net/unix/AcceptTimeoutTest.class(in = 4132) (out= 1949)(deflated 52%)
adding: META-INF/versions/9/org/newsclub/net/unix/AvailableTest$1.class(in = 1191) (out= 572)(deflated 51%)
adding: META-INF/versions/9/org/newsclub/net/unix/AvailableTest$2.class(in = 1191) (out= 577)(deflated 51%)
adding: META-INF/versions/9/org/newsclub/net/unix/AvailableTest.class(in = 4496) (out= 2121)(deflated 52%)
adding: META-INF/versions/9/org/newsclub/net/unix/BufferOverflowTest$1.class(in = 1128) (out= 545)(deflated 51%)
adding: META-INF/versions/9/org/newsclub/net/unix/BufferOverflowTest.class(in = 7417) (out= 3066)(deflated 58%)
adding: META-INF/versions/9/org/newsclub/net/unix/CancelAcceptTest$1.class(in = 1213) (out= 557)(deflated 54%)
adding: META-INF/versions/9/org/newsclub/net/unix/CancelAcceptTest.class(in = 2261) (out= 1160)(deflated 48%)
adding: META-INF/versions/9/org/newsclub/net/unix/Closeables$1.class(in = 222) (out= 163)(deflated 26%)
adding: META-INF/versions/9/org/newsclub/net/unix/Closeables$HardReference.class(in = 1132) (out= 517)(deflated 54%)
adding: META-INF/versions/9/org/newsclub/net/unix/Closeables.class(in = 2765) (out= 1384)(deflated 49%)
adding: META-INF/versions/9/org/newsclub/net/unix/EndOfFileJavaTest$1.class(in = 1074) (out= 533)(deflated 50%)
adding: META-INF/versions/9/org/newsclub/net/unix/EndOfFileJavaTest.class(in = 2617) (out= 1269)(deflated 51%)
adding: META-INF/versions/9/org/newsclub/net/unix/EndOfFileTest$1.class(in = 1050) (out= 531)(deflated 49%)
adding: META-INF/versions/9/org/newsclub/net/unix/EndOfFileTest.class(in = 9331) (out= 3697)(deflated 60%)
adding: META-INF/versions/9/org/newsclub/net/unix/FileDescriptorsTest$1.class(in = 1502) (out= 746)(deflated 50%)
adding: META-INF/versions/9/org/newsclub/net/unix/FileDescriptorsTest$2.class(in = 1624) (out= 818)(deflated 49%)
adding: META-INF/versions/9/org/newsclub/net/unix/FileDescriptorsTest$3.class(in = 1407) (out= 702)(deflated 50%)
adding: META-INF/versions/9/org/newsclub/net/unix/FileDescriptorsTest$4.class(in = 1413) (out= 703)(deflated 50%)
adding: META-INF/versions/9/org/newsclub/net/unix/FileDescriptorsTest$5.class(in = 2144) (out= 1072)(deflated 50%)
adding: META-INF/versions/9/org/newsclub/net/unix/FileDescriptorsTest$6.class(in = 2268) (out= 1147)(deflated 49%)
adding: META-INF/versions/9/org/newsclub/net/unix/FileDescriptorsTest.class(in = 8383) (out= 3428)(deflated 59%)
adding: META-INF/versions/9/org/newsclub/net/unix/NativeLibraryLoader$ClasspathLibraryCandidate.class(in = 2880) (out= 1449)(deflated 49%)
adding: META-INF/versions/9/org/newsclub/net/unix/NativeLibraryLoader$LibraryCandidate.class(in = 1230) (out= 615)(deflated 50%)
adding: META-INF/versions/9/org/newsclub/net/unix/NativeLibraryLoader$StandardLibraryCandidate.class(in = 1618) (out= 781)(deflated 51%)
adding: META-INF/versions/9/org/newsclub/net/unix/NativeLibraryLoader.class(in = 9751) (out= 4720)(deflated 51%)
adding: META-INF/versions/9/org/newsclub/net/unix/NativeUnixSocket.class(in = 3623) (out= 1555)(deflated 57%)
adding: META-INF/versions/9/org/newsclub/net/unix/PeerCredentialsTest$1.class(in = 1492) (out= 689)(deflated 53%)
adding: META-INF/versions/9/org/newsclub/net/unix/PeerCredentialsTest.class(in = 3322) (out= 1450)(deflated 56%)
adding: META-INF/versions/9/org/newsclub/net/unix/ServerSocketCloseTest$1.class(in = 1522) (out= 754)(deflated 50%)
adding: META-INF/versions/9/org/newsclub/net/unix/ServerSocketCloseTest.class(in = 3693) (out= 1712)(deflated 53%)
adding: META-INF/versions/9/org/newsclub/net/unix/SoTimeoutTest$1.class(in = 1078) (out= 525)(deflated 51%)
adding: META-INF/versions/9/org/newsclub/net/unix/SoTimeoutTest$2.class(in = 1212) (out= 594)(deflated 50%)
adding: META-INF/versions/9/org/newsclub/net/unix/SoTimeoutTest.class(in = 1859) (out= 927)(deflated 50%)
adding: META-INF/versions/9/org/newsclub/net/unix/SocketTestBase$ServerThread.class(in = 2983) (out= 1521)(deflated 49%)
adding: META-INF/versions/9/org/newsclub/net/unix/SocketTestBase.class(in = 3829) (out= 1715)(deflated 55%)
adding: META-INF/versions/9/org/newsclub/net/unix/SuppressFBWarnings.class(in = 378) (out= 244)(deflated 35%)
adding: META-INF/versions/9/org/newsclub/net/unix/TcpNoDelayTest$1.class(in = 1026) (out= 510)(deflated 50%)
adding: META-INF/versions/9/org/newsclub/net/unix/TcpNoDelayTest$2.class(in = 1027) (out= 511)(deflated 50%)
adding: META-INF/versions/9/org/newsclub/net/unix/TcpNoDelayTest.class(in = 2012) (out= 1000)(deflated 50%)
adding: META-INF/versions/9/org/newsclub/net/unix/TestUtils.class(in = 2829) (out= 1427)(deflated 49%)
adding: META-INF/versions/9/org/newsclub/net/unix/rmi/(in = 0) (out= 0)(stored 0%)
adding: META-INF/versions/9/org/newsclub/net/unix/rmi/AFUNIXNaming.class(in = 12520) (out= 5408)(deflated 56%)
adding: META-INF/versions/9/org/newsclub/net/unix/rmi/AFUNIXNamingRef.class(in = 1882) (out= 1043)(deflated 44%)
adding: META-INF/versions/9/org/newsclub/net/unix/rmi/AFUNIXRMIPorts.class(in = 677) (out= 458)(deflated 32%)
adding: META-INF/versions/9/org/newsclub/net/unix/rmi/AFUNIXRMIService.class(in = 551) (out= 323)(deflated 41%)
adding: META-INF/versions/9/org/newsclub/net/unix/rmi/AFUNIXRMIServiceImpl$1.class(in = 1220) (out= 674)(deflated 44%)
adding: META-INF/versions/9/org/newsclub/net/unix/rmi/AFUNIXRMIServiceImpl.class(in = 5187) (out= 2434)(deflated 53%)
adding: META-INF/versions/9/org/newsclub/net/unix/rmi/AFUNIXRMISocketFactory$1.class(in = 1109) (out= 563)(deflated 49%)
adding: META-INF/versions/9/org/newsclub/net/unix/rmi/AFUNIXRMISocketFactory$2.class(in = 1383) (out= 662)(deflated 52%)
adding: META-INF/versions/9/org/newsclub/net/unix/rmi/AFUNIXRMISocketFactory$AnonymousServerSocket.class(in = 941) (out= 491)(deflated 47%)
adding: META-INF/versions/9/org/newsclub/net/unix/rmi/AFUNIXRMISocketFactory$HostAndPort.class(in = 1460) (out= 770)(deflated 47%)
adding: META-INF/versions/9/org/newsclub/net/unix/rmi/AFUNIXRMISocketFactory$PortCloseable.class(in = 1525) (out= 721)(deflated 52%)
adding: META-INF/versions/9/org/newsclub/net/unix/rmi/AFUNIXRMISocketFactory.class(in = 13379) (out= 5432)(deflated 59%)
adding: META-INF/versions/9/org/newsclub/net/unix/rmi/AFUNIXRegistry$1.class(in = 1249) (out= 580)(deflated 53%)
adding: META-INF/versions/9/org/newsclub/net/unix/rmi/AFUNIXRegistry.class(in = 6215) (out= 2785)(deflated 55%)
adding: META-INF/versions/9/org/newsclub/net/unix/rmi/DefaultRMIClientSocketFactory.class(in = 1250) (out= 641)(deflated 48%)
adding: META-INF/versions/9/org/newsclub/net/unix/rmi/DefaultRMIServerSocketFactory.class(in = 1199) (out= 617)(deflated 48%)
adding: META-INF/versions/9/org/newsclub/net/unix/rmi/NaiveFileInputStreamRemote.class(in = 500) (out= 290)(deflated 42%)
adding: META-INF/versions/9/org/newsclub/net/unix/rmi/NaiveFileInputStreamRemoteImpl.class(in = 1800) (out= 696)(deflated 61%)
adding: META-INF/versions/9/org/newsclub/net/unix/rmi/RemoteCloseable.class(in = 417) (out= 248)(deflated 40%)
adding: META-INF/versions/9/org/newsclub/net/unix/rmi/RemoteCloseableImpl.class(in = 1640) (out= 731)(deflated 55%)
adding: META-INF/versions/9/org/newsclub/net/unix/rmi/RemoteFileDescriptor.class(in = 1299) (out= 624)(deflated 51%)
adding: META-INF/versions/9/org/newsclub/net/unix/rmi/RemoteFileDescriptorBase$1.class(in = 2245) (out= 1045)(deflated 53%)
adding: META-INF/versions/9/org/newsclub/net/unix/rmi/RemoteFileDescriptorBase.class(in = 7708) (out= 3632)(deflated 52%)
adding: META-INF/versions/9/org/newsclub/net/unix/rmi/RemoteFileDescriptorTest.class(in = 6775) (out= 2984)(deflated 55%)
adding: META-INF/versions/9/org/newsclub/net/unix/rmi/RemoteFileDescriptorTestService.class(in = 766) (out= 338)(deflated 55%)
adding: META-INF/versions/9/org/newsclub/net/unix/rmi/RemoteFileDescriptorTestServiceImpl.class(in = 4305) (out= 1813)(deflated 57%)
adding: META-INF/versions/9/org/newsclub/net/unix/rmi/RemoteFileInput$1.class(in = 1008) (out= 543)(deflated 46%)
adding: META-INF/versions/9/org/newsclub/net/unix/rmi/RemoteFileInput.class(in = 1635) (out= 759)(deflated 53%)
adding: META-INF/versions/9/org/newsclub/net/unix/rmi/RemoteFileOutput$1.class(in = 886) (out= 453)(deflated 48%)
adding: META-INF/versions/9/org/newsclub/net/unix/rmi/RemoteFileOutput.class(in = 1647) (out= 762)(deflated 53%)
adding: META-INF/versions/9/org/newsclub/net/unix/rmi/RemotePeerInfo$ExtractingObjectOutput.class(in = 4147) (out= 1658)(deflated 60%)
adding: META-INF/versions/9/org/newsclub/net/unix/rmi/RemotePeerInfo.class(in = 4013) (out= 1677)(deflated 58%)
adding: META-INF/versions/9/org/newsclub/net/unix/rmi/ShutdownHookSupport$1.class(in = 257) (out= 176)(deflated 31%)
adding: META-INF/versions/9/org/newsclub/net/unix/rmi/ShutdownHookSupport$ShutdownHook.class(in = 307) (out= 194)(deflated 36%)
adding: META-INF/versions/9/org/newsclub/net/unix/rmi/ShutdownHookSupport$ShutdownThread.class(in = 1558) (out= 630)(deflated 59%)
adding: META-INF/versions/9/org/newsclub/net/unix/rmi/ShutdownHookSupport.class(in = 1230) (out= 547)(deflated 55%)
adding: META-INF/versions/9/org/newsclub/net/unix/rmi/TestUtils.class(in = 926) (out= 588)(deflated 36%)
adding: META-INF/versions/9/org/newsclub/net/unix/selftest/(in = 0) (out= 0)(stored 0%)
adding: META-INF/versions/9/org/newsclub/net/unix/selftest/Selftest.class(in = 11889) (out= 5715)(deflated 51%)
adding: META-INF/versions/9/org/newsclub/net/unix/server/(in = 0) (out= 0)(stored 0%)
adding: META-INF/versions/9/org/newsclub/net/unix/server/AFUNIXSocketServer$1.class(in = 1029) (out= 520)(deflated 49%)
adding: META-INF/versions/9/org/newsclub/net/unix/server/AFUNIXSocketServer$2.class(in = 1871) (out= 958)(deflated 48%)
adding: META-INF/versions/9/org/newsclub/net/unix/server/AFUNIXSocketServer$3.class(in = 1207) (out= 597)(deflated 50%)
adding: META-INF/versions/9/org/newsclub/net/unix/server/AFUNIXSocketServer.class(in = 11918) (out= 5024)(deflated 57%)
adding: META-INF/versions/9/org/newsclub/net/unix/server/SuppressFBWarnings.class(in = 385) (out= 248)(deflated 35%)
adding: net/(in = 0) (out= 0)(stored 0%)
adding: net/jcip/(in = 0) (out= 0)(stored 0%)
adding: net/jcip/annotations/(in = 0) (out= 0)(stored 0%)
adding: net/jcip/annotations/GuardedBy.class(in = 436) (out= 267)(deflated 38%)
adding: net/jcip/annotations/Immutable.class(in = 430) (out= 250)(deflated 41%)
adding: net/jcip/annotations/NotThreadSafe.class(in = 438) (out= 254)(deflated 42%)
adding: net/jcip/annotations/ThreadSafe.class(in = 432) (out= 252)(deflated 41%)
adding: org/(in = 0) (out= 0)(stored 0%)
adding: org/apache/(in = 0) (out= 0)(stored 0%)
adding: org/apache/commons/(in = 0) (out= 0)(stored 0%)
adding: org/apache/commons/compress/(in = 0) (out= 0)(stored 0%)
adding: org/apache/commons/compress/PasswordRequiredException.class(in = 730) (out= 449)(deflated 38%)
adding: org/apache/commons/compress/archivers/(in = 0) (out= 0)(stored 0%)
adding: org/apache/commons/compress/archivers/ArchiveEntry.class(in = 347) (out= 261)(deflated 24%)
adding: org/apache/commons/compress/archivers/ArchiveException.class(in = 722) (out= 408)(deflated 43%)
adding: org/apache/commons/compress/archivers/ArchiveInputStream.class(in = 1552) (out= 797)(deflated 48%)
adding: org/apache/commons/compress/archivers/ArchiveOutputStream.class(in = 1654) (out= 797)(deflated 51%)
adding: org/apache/commons/compress/archivers/ArchiveStreamFactory.class(in = 6389) (out= 2790)(deflated 56%)
adding: org/apache/commons/compress/archivers/Lister.class(in = 2402) (out= 1093)(deflated 54%)
adding: org/apache/commons/compress/archivers/StreamingNotSupportedException.class(in = 878) (out= 483)(deflated 44%)
adding: org/apache/commons/compress/archivers/ar/(in = 0) (out= 0)(stored 0%)
adding: org/apache/commons/compress/archivers/ar/ArArchiveEntry.class(in = 2596) (out= 1271)(deflated 51%)
adding: org/apache/commons/compress/archivers/ar/ArArchiveInputStream.class(in = 6850) (out= 3511)(deflated 48%)
adding: org/apache/commons/compress/archivers/ar/ArArchiveOutputStream.class(in = 5284) (out= 2646)(deflated 49%)
adding: org/apache/commons/compress/archivers/arj/(in = 0) (out= 0)(stored 0%)
adding: org/apache/commons/compress/archivers/arj/ArjArchiveEntry$HostOs.class(in = 844) (out= 458)(deflated 45%)
adding: org/apache/commons/compress/archivers/arj/ArjArchiveEntry.class(in = 2373) (out= 1063)(deflated 55%)
adding: org/apache/commons/compress/archivers/arj/ArjArchiveInputStream.class(in = 9079) (out= 4244)(deflated 53%)
adding: org/apache/commons/compress/archivers/arj/LocalFileHeader$FileTypes.class(in = 674) (out= 384)(deflated 43%)
adding: org/apache/commons/compress/archivers/arj/LocalFileHeader$Flags.class(in = 641) (out= 362)(deflated 43%)
adding: org/apache/commons/compress/archivers/arj/LocalFileHeader$Methods.class(in = 674) (out= 372)(deflated 44%)
adding: org/apache/commons/compress/archivers/arj/LocalFileHeader.class(in = 2918) (out= 1370)(deflated 53%)
adding: org/apache/commons/compress/archivers/arj/MainHeader$Flags.class(in = 732) (out= 425)(deflated 41%)
adding: org/apache/commons/compress/archivers/arj/MainHeader.class(in = 2563) (out= 1258)(deflated 50%)
adding: org/apache/commons/compress/archivers/cpio/(in = 0) (out= 0)(stored 0%)
adding: org/apache/commons/compress/archivers/cpio/CpioArchiveEntry.class(in = 8092) (out= 3277)(deflated 59%)
adding: org/apache/commons/compress/archivers/cpio/CpioArchiveInputStream.class(in = 8769) (out= 4329)(deflated 50%)
adding: org/apache/commons/compress/archivers/cpio/CpioArchiveOutputStream.class(in = 9730) (out= 4679)(deflated 51%)
adding: org/apache/commons/compress/archivers/cpio/CpioConstants.class(in = 1304) (out= 587)(deflated 54%)
adding: org/apache/commons/compress/archivers/cpio/CpioUtil.class(in = 1334) (out= 873)(deflated 34%)
adding: org/apache/commons/compress/archivers/dump/(in = 0) (out= 0)(stored 0%)
adding: org/apache/commons/compress/archivers/dump/Dirent.class(in = 1160) (out= 579)(deflated 50%)
adding: org/apache/commons/compress/archivers/dump/DumpArchiveConstants$COMPRESSION_TYPE.class(in = 1849) (out= 815)(deflated 55%)
adding: org/apache/commons/compress/archivers/dump/DumpArchiveConstants$SEGMENT_TYPE.class(in = 1975) (out= 906)(deflated 54%)
adding: org/apache/commons/compress/archivers/dump/DumpArchiveConstants.class(in = 935) (out= 483)(deflated 48%)
adding: org/apache/commons/compress/archivers/dump/DumpArchiveEntry$PERMISSION.class(in = 2860) (out= 1339)(deflated 53%)
adding: org/apache/commons/compress/archivers/dump/DumpArchiveEntry$TYPE.class(in = 2088) (out= 1029)(deflated 50%)
adding: org/apache/commons/compress/archivers/dump/DumpArchiveEntry$TapeSegmentHeader.class(in = 2744) (out= 815)(deflated 70%)
adding: org/apache/commons/compress/archivers/dump/DumpArchiveEntry.class(in = 9897) (out= 3646)(deflated 63%)
adding: org/apache/commons/compress/archivers/dump/DumpArchiveException.class(in = 933) (out= 468)(deflated 49%)
adding: org/apache/commons/compress/archivers/dump/DumpArchiveInputStream$1.class(in = 1577) (out= 632)(deflated 59%)
adding: org/apache/commons/compress/archivers/dump/DumpArchiveInputStream.class(in = 10482) (out= 4798)(deflated 54%)
adding: org/apache/commons/compress/archivers/dump/DumpArchiveSummary.class(in = 4420) (out= 1755)(deflated 60%)
adding: org/apache/commons/compress/archivers/dump/DumpArchiveUtil.class(in = 1995) (out= 1047)(deflated 47%)
adding: org/apache/commons/compress/archivers/dump/InvalidFormatException.class(in = 1051) (out= 561)(deflated 46%)
adding: org/apache/commons/compress/archivers/dump/ShortFileException.class(in = 526) (out= 320)(deflated 39%)
adding: org/apache/commons/compress/archivers/dump/TapeInputStream$1.class(in = 1136) (out= 549)(deflated 51%)
adding: org/apache/commons/compress/archivers/dump/TapeInputStream.class(in = 4996) (out= 2617)(deflated 47%)
adding: org/apache/commons/compress/archivers/dump/UnrecognizedFormatException.class(in = 571) (out= 331)(deflated 42%)
adding: org/apache/commons/compress/archivers/dump/UnsupportedCompressionAlgorithmException.class(in = 972) (out= 484)(deflated 50%)
adding: org/apache/commons/compress/archivers/jar/(in = 0) (out= 0)(stored 0%)
adding: org/apache/commons/compress/archivers/jar/JarArchiveEntry.class(in = 1758) (out= 706)(deflated 59%)
adding: org/apache/commons/compress/archivers/jar/JarArchiveInputStream.class(in = 1473) (out= 605)(deflated 58%)
adding: org/apache/commons/compress/archivers/jar/JarArchiveOutputStream.class(in = 1371) (out= 607)(deflated 55%)
adding: org/apache/commons/compress/archivers/sevenz/(in = 0) (out= 0)(stored 0%)
adding: org/apache/commons/compress/archivers/sevenz/AES256SHA256Decoder$1.class(in = 4370) (out= 2193)(deflated 49%)
adding: org/apache/commons/compress/archivers/sevenz/AES256SHA256Decoder.class(in = 1211) (out= 522)(deflated 56%)
adding: org/apache/commons/compress/archivers/sevenz/Archive.class(in = 1702) (out= 785)(deflated 53%)
adding: org/apache/commons/compress/archivers/sevenz/BindPair.class(in = 723) (out= 426)(deflated 41%)
adding: org/apache/commons/compress/archivers/sevenz/BoundedRandomAccessFileInputStream.class(in = 1142) (out= 636)(deflated 44%)
adding: org/apache/commons/compress/archivers/sevenz/CLI$1.class(in = 250) (out= 175)(deflated 30%)
adding: org/apache/commons/compress/archivers/sevenz/CLI$Mode$1.class(in = 2943) (out= 1254)(deflated 57%)
adding: org/apache/commons/compress/archivers/sevenz/CLI$Mode$2.class(in = 2844) (out= 1386)(deflated 51%)
adding: org/apache/commons/compress/archivers/sevenz/CLI$Mode.class(in = 2168) (out= 883)(deflated 59%)
adding: org/apache/commons/compress/archivers/sevenz/CLI.class(in = 2573) (out= 1214)(deflated 52%)
adding: org/apache/commons/compress/archivers/sevenz/Coder.class(in = 458) (out= 309)(deflated 32%)
adding: org/apache/commons/compress/archivers/sevenz/CoderBase.class(in = 2142) (out= 1004)(deflated 53%)
adding: org/apache/commons/compress/archivers/sevenz/Coders$1.class(in = 2450) (out= 1015)(deflated 58%)
adding: org/apache/commons/compress/archivers/sevenz/Coders$BCJDecoder$1.class(in = 983) (out= 447)(deflated 54%)
adding: org/apache/commons/compress/archivers/sevenz/Coders$BCJDecoder.class(in = 2488) (out= 1084)(deflated 56%)
adding: org/apache/commons/compress/archivers/sevenz/Coders$BZIP2Decoder.class(in = 1604) (out= 711)(deflated 55%)
adding: org/apache/commons/compress/archivers/sevenz/Coders$CopyDecoder.class(in = 1215) (out= 547)(deflated 54%)
adding: org/apache/commons/compress/archivers/sevenz/Coders$DeflateDecoder.class(in = 1963) (out= 823)(deflated 58%)
adding: org/apache/commons/compress/archivers/sevenz/Coders$DummyByteAddingInputStream.class(in = 1326) (out= 654)(deflated 50%)
adding: org/apache/commons/compress/archivers/sevenz/Coders$LZMADecoder.class(in = 1613) (out= 834)(deflated 48%)
adding: org/apache/commons/compress/archivers/sevenz/Coders.class(in = 3345) (out= 1218)(deflated 63%)
adding: org/apache/commons/compress/archivers/sevenz/DeltaDecoder.class(in = 2474) (out= 1073)(deflated 56%)
adding: org/apache/commons/compress/archivers/sevenz/Folder.class(in = 2832) (out= 1329)(deflated 53%)
adding: org/apache/commons/compress/archivers/sevenz/LZMA2Decoder.class(in = 3406) (out= 1552)(deflated 54%)
adding: org/apache/commons/compress/archivers/sevenz/NID.class(in = 1230) (out= 611)(deflated 50%)
adding: org/apache/commons/compress/archivers/sevenz/SevenZArchiveEntry.class(in = 7367) (out= 2572)(deflated 65%)
adding: org/apache/commons/compress/archivers/sevenz/SevenZFile.class(in = 22186) (out= 11154)(deflated 49%)
adding: org/apache/commons/compress/archivers/sevenz/SevenZMethod.class(in = 2722) (out= 1344)(deflated 50%)
adding: org/apache/commons/compress/archivers/sevenz/SevenZMethodConfiguration.class(in = 1792) (out= 742)(deflated 58%)
adding: org/apache/commons/compress/archivers/sevenz/SevenZOutputFile$1.class(in = 1505) (out= 666)(deflated 55%)
adding: org/apache/commons/compress/archivers/sevenz/SevenZOutputFile$OutputStreamWrapper.class(in = 2200) (out= 824)(deflated 62%)
adding: org/apache/commons/compress/archivers/sevenz/SevenZOutputFile.class(in = 18588) (out= 7768)(deflated 58%)
adding: org/apache/commons/compress/archivers/sevenz/StartHeader.class(in = 428) (out= 272)(deflated 36%)
adding: org/apache/commons/compress/archivers/sevenz/StreamMap.class(in = 993) (out= 555)(deflated 44%)
adding: org/apache/commons/compress/archivers/sevenz/SubStreamsInfo.class(in = 437) (out= 285)(deflated 34%)
adding: org/apache/commons/compress/archivers/tar/(in = 0) (out= 0)(stored 0%)
adding: org/apache/commons/compress/archivers/tar/TarArchiveEntry.class(in = 13426) (out= 5830)(deflated 56%)
adding: org/apache/commons/compress/archivers/tar/TarArchiveInputStream.class(in = 11344) (out= 5486)(deflated 51%)
adding: org/apache/commons/compress/archivers/tar/TarArchiveOutputStream.class(in = 14399) (out= 6633)(deflated 53%)
adding: org/apache/commons/compress/archivers/tar/TarArchiveSparseEntry.class(in = 765) (out= 454)(deflated 40%)
adding: org/apache/commons/compress/archivers/tar/TarConstants.class(in = 2161) (out= 922)(deflated 57%)
adding: org/apache/commons/compress/archivers/tar/TarUtils$1.class(in = 1488) (out= 834)(deflated 43%)
adding: org/apache/commons/compress/archivers/tar/TarUtils.class(in = 8124) (out= 4344)(deflated 46%)
adding: org/apache/commons/compress/archivers/zip/(in = 0) (out= 0)(stored 0%)
adding: org/apache/commons/compress/archivers/zip/AbstractUnicodeExtraField.class(in = 3648) (out= 1767)(deflated 51%)
adding: org/apache/commons/compress/archivers/zip/AsiExtraField.class(in = 4804) (out= 2336)(deflated 51%)
adding: org/apache/commons/compress/archivers/zip/BinaryTree.class(in = 3363) (out= 2034)(deflated 39%)
adding: org/apache/commons/compress/archivers/zip/BitStream.class(in = 897) (out= 478)(deflated 46%)
adding: org/apache/commons/compress/archivers/zip/CircularBuffer.class(in = 1117) (out= 668)(deflated 40%)
adding: org/apache/commons/compress/archivers/zip/ExplodingInputStream.class(in = 2596) (out= 1329)(deflated 48%)
adding: org/apache/commons/compress/archivers/zip/ExtraFieldUtils$UnparseableExtraField.class(in = 944) (out= 527)(deflated 44%)
adding: org/apache/commons/compress/archivers/zip/ExtraFieldUtils.class(in = 7274) (out= 3043)(deflated 58%)
adding: org/apache/commons/compress/archivers/zip/FallbackZipEncoding.class(in = 1282) (out= 628)(deflated 51%)
adding: org/apache/commons/compress/archivers/zip/GeneralPurposeBit.class(in = 3399) (out= 1605)(deflated 52%)
adding: org/apache/commons/compress/archivers/zip/JarMarker.class(in = 1806) (out= 813)(deflated 54%)
adding: org/apache/commons/compress/archivers/zip/NioZipEncoding.class(in = 3098) (out= 1394)(deflated 55%)
adding: org/apache/commons/compress/archivers/zip/ParallelScatterZipCreator$1.class(in = 1926) (out= 718)(deflated 62%)
adding: org/apache/commons/compress/archivers/zip/ParallelScatterZipCreator$2.class(in = 1686) (out= 655)(deflated 61%)
adding: org/apache/commons/compress/archivers/zip/ParallelScatterZipCreator$DefaultBackingStoreSupplier.class(in = 1841) (out= 769)(deflated 58%)
adding: org/apache/commons/compress/archivers/zip/ParallelScatterZipCreator.class(in = 8222) (out= 2605)(deflated 68%)
adding: org/apache/commons/compress/archivers/zip/ScatterStatistics.class(in = 1000) (out= 521)(deflated 47%)
adding: org/apache/commons/compress/archivers/zip/ScatterZipOutputStream$CompressedEntry.class(in = 1470) (out= 634)(deflated 56%)
adding: org/apache/commons/compress/archivers/zip/ScatterZipOutputStream.class(in = 4267) (out= 1613)(deflated 62%)
adding: org/apache/commons/compress/archivers/zip/Simple8BitZipEncoding$Simple8BitChar.class(in = 1712) (out= 796)(deflated 53%)
adding: org/apache/commons/compress/archivers/zip/Simple8BitZipEncoding.class(in = 3761) (out= 1957)(deflated 47%)
adding: org/apache/commons/compress/archivers/zip/StreamCompressor$DataOutputCompressor.class(in = 936) (out= 490)(deflated 47%)
adding: org/apache/commons/compress/archivers/zip/StreamCompressor$OutputStreamCompressor.class(in = 945) (out= 482)(deflated 48%)
adding: org/apache/commons/compress/archivers/zip/StreamCompressor$ScatterGatherBackingStoreCompressor.class(in = 1104) (out= 508)(deflated 53%)
adding: org/apache/commons/compress/archivers/zip/StreamCompressor.class(in = 5106) (out= 2181)(deflated 57%)
adding: org/apache/commons/compress/archivers/zip/UnicodeCommentExtraField.class(in = 1124) (out= 540)(deflated 51%)
adding: org/apache/commons/compress/archivers/zip/UnicodePathExtraField.class(in = 1113) (out= 539)(deflated 51%)
adding: org/apache/commons/compress/archivers/zip/UnixStat.class(in = 412) (out= 266)(deflated 35%)
adding: org/apache/commons/compress/archivers/zip/UnparseableExtraFieldData.class(in = 1843) (out= 824)(deflated 55%)
adding: org/apache/commons/compress/archivers/zip/UnrecognizedExtraField.class(in = 2174) (out= 927)(deflated 57%)
adding: org/apache/commons/compress/archivers/zip/UnshrinkingInputStream.class(in = 2560) (out= 1495)(deflated 41%)
adding: org/apache/commons/compress/archivers/zip/UnsupportedZipFeatureException$Feature.class(in = 1042) (out= 574)(deflated 44%)
adding: org/apache/commons/compress/archivers/zip/UnsupportedZipFeatureException.class(in = 2378) (out= 838)(deflated 64%)
adding: org/apache/commons/compress/archivers/zip/X5455_ExtendedTimestamp.class(in = 6971) (out= 3018)(deflated 56%)
adding: org/apache/commons/compress/archivers/zip/X7875_NewUnix.class(in = 4533) (out= 2322)(deflated 48%)
adding: org/apache/commons/compress/archivers/zip/Zip64ExtendedInformationExtraField.class(in = 5692) (out= 2373)(deflated 58%)
adding: org/apache/commons/compress/archivers/zip/Zip64Mode.class(in = 1185) (out= 580)(deflated 51%)
adding: org/apache/commons/compress/archivers/zip/Zip64RequiredException.class(in = 1226) (out= 633)(deflated 48%)
adding: org/apache/commons/compress/archivers/zip/ZipArchiveEntry.class(in = 13159) (out= 5592)(deflated 57%)
adding: org/apache/commons/compress/archivers/zip/ZipArchiveEntryPredicate.class(in = 251) (out= 161)(deflated 35%)
adding: org/apache/commons/compress/archivers/zip/ZipArchiveEntryRequest.class(in = 1570) (out= 582)(deflated 62%)
adding: org/apache/commons/compress/archivers/zip/ZipArchiveInputStream$1.class(in = 298) (out= 192)(deflated 35%)
adding: org/apache/commons/compress/archivers/zip/ZipArchiveInputStream$BoundedInputStream.class(in = 2538) (out= 1113)(deflated 56%)
adding: org/apache/commons/compress/archivers/zip/ZipArchiveInputStream$CurrentEntry.class(in = 3133) (out= 879)(deflated 71%)
adding: org/apache/commons/compress/archivers/zip/ZipArchiveInputStream.class(in = 19168) (out= 8571)(deflated 55%)
adding: org/apache/commons/compress/archivers/zip/ZipArchiveOutputStream$1.class(in = 301) (out= 192)(deflated 36%)
adding: org/apache/commons/compress/archivers/zip/ZipArchiveOutputStream$CurrentEntry.class(in = 2648) (out= 776)(deflated 70%)
adding: org/apache/commons/compress/archivers/zip/ZipArchiveOutputStream$UnicodeExtraFieldPolicy.class(in = 977) (out= 536)(deflated 45%)
adding: org/apache/commons/compress/archivers/zip/ZipArchiveOutputStream.class(in = 27011) (out= 11611)(deflated 57%)
adding: org/apache/commons/compress/archivers/zip/ZipConstants.class(in = 699) (out= 416)(deflated 40%)
adding: org/apache/commons/compress/archivers/zip/ZipEightByteInteger.class(in = 3795) (out= 1752)(deflated 53%)
adding: org/apache/commons/compress/archivers/zip/ZipEncoding.class(in = 350) (out= 235)(deflated 32%)
adding: org/apache/commons/compress/archivers/zip/ZipEncodingHelper$SimpleEncodingHolder.class(in = 938) (out= 446)(deflated 52%)
adding: org/apache/commons/compress/archivers/zip/ZipEncodingHelper.class(in = 5998) (out= 2819)(deflated 53%)
adding: org/apache/commons/compress/archivers/zip/ZipExtraField.class(in = 517) (out= 297)(deflated 42%)
adding: org/apache/commons/compress/archivers/zip/ZipFile$1.class(in = 1146) (out= 532)(deflated 53%)
adding: org/apache/commons/compress/archivers/zip/ZipFile$2.class(in = 1861) (out= 748)(deflated 59%)
adding: org/apache/commons/compress/archivers/zip/ZipFile$3.class(in = 966) (out= 536)(deflated 44%)
adding: org/apache/commons/compress/archivers/zip/ZipFile$BoundedInputStream.class(in = 1655) (out= 941)(deflated 43%)
adding: org/apache/commons/compress/archivers/zip/ZipFile$Entry.class(in = 1368) (out= 612)(deflated 55%)
adding: org/apache/commons/compress/archivers/zip/ZipFile$NameAndComment.class(in = 1099) (out= 491)(deflated 55%)
adding: org/apache/commons/compress/archivers/zip/ZipFile$OffsetEntry.class(in = 1281) (out= 512)(deflated 60%)
adding: org/apache/commons/compress/archivers/zip/ZipFile.class(in = 19540) (out= 8187)(deflated 58%)
adding: org/apache/commons/compress/archivers/zip/ZipLong.class(in = 3096) (out= 1563)(deflated 49%)
adding: org/apache/commons/compress/archivers/zip/ZipMethod.class(in = 3281) (out= 1650)(deflated 49%)
adding: org/apache/commons/compress/archivers/zip/ZipShort.class(in = 2288) (out= 1162)(deflated 49%)
adding: org/apache/commons/compress/archivers/zip/ZipUtil.class(in = 8032) (out= 3607)(deflated 55%)
adding: org/apache/commons/compress/changes/(in = 0) (out= 0)(stored 0%)
adding: org/apache/commons/compress/changes/Change.class(in = 1618) (out= 766)(deflated 52%)
adding: org/apache/commons/compress/changes/ChangeSet.class(in = 3287) (out= 1496)(deflated 54%)
adding: org/apache/commons/compress/changes/ChangeSetPerformer$ArchiveEntryIterator.class(in = 493) (out= 278)(deflated 43%)
adding: org/apache/commons/compress/changes/ChangeSetPerformer$ArchiveInputStreamIterator.class(in = 1340) (out= 558)(deflated 58%)
adding: org/apache/commons/compress/changes/ChangeSetPerformer$ZipFileIterator.class(in = 1789) (out= 732)(deflated 59%)
adding: org/apache/commons/compress/changes/ChangeSetPerformer.class(in = 5768) (out= 2167)(deflated 62%)
adding: org/apache/commons/compress/changes/ChangeSetResults.class(in = 1481) (out= 644)(deflated 56%)
adding: org/apache/commons/compress/compressors/(in = 0) (out= 0)(stored 0%)
adding: org/apache/commons/compress/compressors/CompressorException.class(in = 667) (out= 369)(deflated 44%)
adding: org/apache/commons/compress/compressors/CompressorInputStream.class(in = 993) (out= 538)(deflated 45%)
adding: org/apache/commons/compress/compressors/CompressorOutputStream.class(in = 375) (out= 227)(deflated 39%)
adding: org/apache/commons/compress/compressors/CompressorStreamFactory.class(in = 5830) (out= 2459)(deflated 57%)
adding: org/apache/commons/compress/compressors/FileNameUtil.class(in = 3398) (out= 1657)(deflated 51%)
adding: org/apache/commons/compress/compressors/bzip2/(in = 0) (out= 0)(stored 0%)
adding: org/apache/commons/compress/compressors/bzip2/BZip2CompressorInputStream$Data.class(in = 1403) (out= 838)(deflated 40%)
adding: org/apache/commons/compress/compressors/bzip2/BZip2CompressorInputStream.class(in = 13709) (out= 7747)(deflated 43%)
adding: org/apache/commons/compress/compressors/bzip2/BZip2CompressorOutputStream$Data.class(in = 1531) (out= 850)(deflated 44%)
adding: org/apache/commons/compress/compressors/bzip2/BZip2CompressorOutputStream.class(in = 15957) (out= 9074)(deflated 43%)
adding: org/apache/commons/compress/compressors/bzip2/BZip2Constants.class(in = 515) (out= 321)(deflated 37%)
adding: org/apache/commons/compress/compressors/bzip2/BZip2Utils.class(in = 1446) (out= 659)(deflated 54%)
adding: org/apache/commons/compress/compressors/bzip2/BlockSort.class(in = 11616) (out= 6849)(deflated 41%)
adding: org/apache/commons/compress/compressors/bzip2/CRC.class(in = 4126) (out= 2899)(deflated 29%)
adding: org/apache/commons/compress/compressors/bzip2/Rand.class(in = 4423) (out= 2447)(deflated 44%)
adding: org/apache/commons/compress/compressors/deflate/(in = 0) (out= 0)(stored 0%)
adding: org/apache/commons/compress/compressors/deflate/DeflateCompressorInputStream.class(in = 2168) (out= 991)(deflated 54%)
adding: org/apache/commons/compress/compressors/deflate/DeflateCompressorOutputStream.class(in = 1837) (out= 754)(deflated 58%)
adding: org/apache/commons/compress/compressors/deflate/DeflateParameters.class(in = 1194) (out= 627)(deflated 47%)
adding: org/apache/commons/compress/compressors/gzip/(in = 0) (out= 0)(stored 0%)
adding: org/apache/commons/compress/compressors/gzip/GzipCompressorInputStream.class(in = 5773) (out= 3176)(deflated 44%)
adding: org/apache/commons/compress/compressors/gzip/GzipCompressorOutputStream.class(in = 4008) (out= 1985)(deflated 50%)
adding: org/apache/commons/compress/compressors/gzip/GzipParameters.class(in = 1812) (out= 804)(deflated 55%)
adding: org/apache/commons/compress/compressors/gzip/GzipUtils.class(in = 1622) (out= 753)(deflated 53%)
adding: org/apache/commons/compress/compressors/lzma/(in = 0) (out= 0)(stored 0%)
adding: org/apache/commons/compress/compressors/lzma/LZMACompressorInputStream.class(in = 1502) (out= 761)(deflated 49%)
adding: org/apache/commons/compress/compressors/lzma/LZMAUtils$CachedAvailability.class(in = 1446) (out= 634)(deflated 56%)
adding: org/apache/commons/compress/compressors/lzma/LZMAUtils.class(in = 2953) (out= 1382)(deflated 53%)
adding: org/apache/commons/compress/compressors/lzw/(in = 0) (out= 0)(stored 0%)
adding: org/apache/commons/compress/compressors/lzw/LZWInputStream.class(in = 4512) (out= 2284)(deflated 49%)
adding: org/apache/commons/compress/compressors/pack200/(in = 0) (out= 0)(stored 0%)
adding: org/apache/commons/compress/compressors/pack200/InMemoryCachingStreamBridge.class(in = 817) (out= 435)(deflated 46%)
adding: org/apache/commons/compress/compressors/pack200/Pack200CompressorInputStream$1.class(in = 1038) (out= 415)(deflated 60%)
adding: org/apache/commons/compress/compressors/pack200/Pack200CompressorInputStream.class(in = 5948) (out= 2046)(deflated 65%)
adding: org/apache/commons/compress/compressors/pack200/Pack200CompressorOutputStream.class(in = 3603) (out= 1401)(deflated 61%)
adding: org/apache/commons/compress/compressors/pack200/Pack200Strategy$1.class(in = 839) (out= 376)(deflated 55%)
adding: org/apache/commons/compress/compressors/pack200/Pack200Strategy$2.class(in = 966) (out= 419)(deflated 56%)
adding: org/apache/commons/compress/compressors/pack200/Pack200Strategy.class(in = 1824) (out= 729)(deflated 60%)
adding: org/apache/commons/compress/compressors/pack200/Pack200Utils.class(in = 2855) (out= 1313)(deflated 54%)
adding: org/apache/commons/compress/compressors/pack200/StreamBridge.class(in = 1116) (out= 615)(deflated 44%)
adding: org/apache/commons/compress/compressors/pack200/TempFileCachingStreamBridge$1.class(in = 1172) (out= 516)(deflated 55%)
adding: org/apache/commons/compress/compressors/pack200/TempFileCachingStreamBridge.class(in = 1418) (out= 625)(deflated 55%)
adding: org/apache/commons/compress/compressors/snappy/(in = 0) (out= 0)(stored 0%)
adding: org/apache/commons/compress/compressors/snappy/FramedSnappyCompressorInputStream.class(in = 5910) (out= 3099)(deflated 47%)
adding: org/apache/commons/compress/compressors/snappy/PureJavaCrc32C.class(in = 28147) (out= 19560)(deflated 30%)
adding: org/apache/commons/compress/compressors/snappy/SnappyCompressorInputStream.class(in = 4312) (out= 2367)(deflated 45%)
adding: org/apache/commons/compress/compressors/xz/(in = 0) (out= 0)(stored 0%)
adding: org/apache/commons/compress/compressors/xz/XZCompressorInputStream.class(in = 1782) (out= 909)(deflated 48%)
adding: org/apache/commons/compress/compressors/xz/XZCompressorOutputStream.class(in = 1513) (out= 660)(deflated 56%)
adding: org/apache/commons/compress/compressors/xz/XZUtils$CachedAvailability.class(in = 1416) (out= 631)(deflated 55%)
adding: org/apache/commons/compress/compressors/xz/XZUtils.class(in = 2963) (out= 1413)(deflated 52%)
adding: org/apache/commons/compress/compressors/z/(in = 0) (out= 0)(stored 0%)
adding: org/apache/commons/compress/compressors/z/ZCompressorInputStream.class(in = 3142) (out= 1756)(deflated 44%)
adding: org/apache/commons/compress/parallel/(in = 0) (out= 0)(stored 0%)
adding: org/apache/commons/compress/parallel/FileBasedScatterGatherBackingStore.class(in = 1393) (out= 717)(deflated 48%)
adding: org/apache/commons/compress/parallel/InputStreamSupplier.class(in = 196) (out= 153)(deflated 21%)
adding: org/apache/commons/compress/parallel/ScatterGatherBackingStore.class(in = 373) (out= 257)(deflated 31%)
adding: org/apache/commons/compress/parallel/ScatterGatherBackingStoreSupplier.class(in = 315) (out= 195)(deflated 38%)
adding: org/apache/commons/compress/utils/(in = 0) (out= 0)(stored 0%)
adding: org/apache/commons/compress/utils/ArchiveUtils.class(in = 3352) (out= 1625)(deflated 51%)
adding: org/apache/commons/compress/utils/BitInputStream.class(in = 1696) (out= 1034)(deflated 39%)
adding: org/apache/commons/compress/utils/BoundedInputStream.class(in = 1030) (out= 605)(deflated 41%)
adding: org/apache/commons/compress/utils/CRC32VerifyingInputStream.class(in = 788) (out= 415)(deflated 47%)
adding: org/apache/commons/compress/utils/CharsetNames.class(in = 606) (out= 369)(deflated 39%)
adding: org/apache/commons/compress/utils/Charsets.class(in = 1112) (out= 587)(deflated 47%)
adding: org/apache/commons/compress/utils/ChecksumVerifyingInputStream.class(in = 1693) (out= 921)(deflated 45%)
adding: org/apache/commons/compress/utils/CountingInputStream.class(in = 1162) (out= 637)(deflated 45%)
adding: org/apache/commons/compress/utils/CountingOutputStream.class(in = 1164) (out= 625)(deflated 46%)
adding: org/apache/commons/compress/utils/IOUtils.class(in = 2480) (out= 1357)(deflated 45%)
adding: org/apiguardian/(in = 0) (out= 0)(stored 0%)
adding: org/apiguardian/api/(in = 0) (out= 0)(stored 0%)
adding: org/apiguardian/api/API$Status.class(in = 1237) (out= 659)(deflated 46%)
adding: org/apiguardian/api/API.class(in = 724) (out= 409)(deflated 43%)
adding: org/bounce/(in = 0) (out= 0)(stored 0%)
adding: org/bounce/FormConstraints.class(in = 1790) (out= 914)(deflated 48%)
adding: org/bounce/FormLayout.class(in = 5877) (out= 3098)(deflated 47%)
adding: org/bounce/net/(in = 0) (out= 0)(stored 0%)
adding: org/bounce/net/DefaultAuthenticator$1.class(in = 856) (out= 473)(deflated 44%)
adding: org/bounce/net/DefaultAuthenticator$2.class(in = 856) (out= 473)(deflated 44%)
adding: org/bounce/net/DefaultAuthenticator$3.class(in = 829) (out= 451)(deflated 45%)
adding: org/bounce/net/DefaultAuthenticator.class(in = 4582) (out= 2420)(deflated 47%)
adding: org/jdom/(in = 0) (out= 0)(stored 0%)
adding: org/jdom/Attribute.class(in = 7342) (out= 3240)(deflated 55%)
adding: org/jdom/AttributeList.class(in = 7303) (out= 3567)(deflated 51%)
adding: org/jdom/CDATA.class(in = 1553) (out= 858)(deflated 44%)
adding: org/jdom/Comment.class(in = 1484) (out= 746)(deflated 49%)
adding: org/jdom/Content.class(in = 1547) (out= 761)(deflated 50%)
adding: org/jdom/ContentList$FilterList.class(in = 3547) (out= 1725)(deflated 51%)
adding: org/jdom/ContentList$FilterListIterator.class(in = 5198) (out= 2656)(deflated 48%)
adding: org/jdom/ContentList.class(in = 8155) (out= 3968)(deflated 51%)
adding: org/jdom/DataConversionException.class(in = 865) (out= 509)(deflated 41%)
adding: org/jdom/DefaultJDOMFactory.class(in = 5691) (out= 1649)(deflated 71%)
adding: org/jdom/DescendantIterator.class(in = 2303) (out= 1284)(deflated 44%)
adding: org/jdom/DocType.class(in = 2577) (out= 1130)(deflated 56%)
adding: org/jdom/Document.class(in = 8437) (out= 3602)(deflated 57%)
adding: org/jdom/Element.class(in = 15571) (out= 6227)(deflated 60%)
adding: org/jdom/EntityRef.class(in = 2268) (out= 1026)(deflated 54%)
adding: org/jdom/FilterIterator.class(in = 1388) (out= 794)(deflated 42%)
adding: org/jdom/IllegalAddException.class(in = 4537) (out= 1691)(deflated 62%)
adding: org/jdom/IllegalDataException.class(in = 1197) (out= 636)(deflated 46%)
adding: org/jdom/IllegalNameException.class(in = 1208) (out= 647)(deflated 46%)
adding: org/jdom/IllegalTargetException.class(in = 983) (out= 570)(deflated 42%)
adding: org/jdom/JDOMException.class(in = 4123) (out= 2049)(deflated 50%)
adding: org/jdom/JDOMFactory.class(in = 2341) (out= 661)(deflated 71%)
adding: org/jdom/Namespace.class(in = 3146) (out= 1579)(deflated 49%)
adding: org/jdom/Parent.class(in = 836) (out= 395)(deflated 52%)
adding: org/jdom/ProcessingInstruction.class(in = 5567) (out= 2778)(deflated 50%)
adding: org/jdom/Text.class(in = 2611) (out= 1388)(deflated 46%)
adding: org/jdom/UncheckedJDOMFactory.class(in = 6515) (out= 2395)(deflated 63%)
adding: org/jdom/Verifier.class(in = 16334) (out= 7642)(deflated 53%)
adding: org/jdom/adapters/(in = 0) (out= 0)(stored 0%)
adding: org/jdom/adapters/AbstractDOMAdapter.class(in = 3014) (out= 1406)(deflated 53%)
adding: org/jdom/adapters/CrimsonDOMAdapter.class(in = 3100) (out= 1541)(deflated 50%)
adding: org/jdom/adapters/DOMAdapter.class(in = 644) (out= 327)(deflated 49%)
adding: org/jdom/adapters/JAXPDOMAdapter.class(in = 3603) (out= 1866)(deflated 48%)
adding: org/jdom/adapters/OracleV1DOMAdapter.class(in = 3412) (out= 1651)(deflated 51%)
adding: org/jdom/adapters/OracleV2DOMAdapter.class(in = 3418) (out= 1655)(deflated 51%)
adding: org/jdom/adapters/XML4JDOMAdapter.class(in = 4051) (out= 2007)(deflated 50%)
adding: org/jdom/adapters/XercesDOMAdapter.class(in = 4088) (out= 2020)(deflated 50%)
adding: org/jdom/filter/(in = 0) (out= 0)(stored 0%)
adding: org/jdom/filter/AbstractFilter.class(in = 1109) (out= 521)(deflated 53%)
adding: org/jdom/filter/AndFilter.class(in = 1632) (out= 921)(deflated 43%)
adding: org/jdom/filter/ContentFilter.class(in = 3198) (out= 1456)(deflated 54%)
adding: org/jdom/filter/ElementFilter.class(in = 2507) (out= 1226)(deflated 51%)
adding: org/jdom/filter/Filter.class(in = 286) (out= 195)(deflated 31%)
adding: org/jdom/filter/NegateFilter.class(in = 1385) (out= 734)(deflated 47%)
adding: org/jdom/filter/OrFilter.class(in = 1626) (out= 918)(deflated 43%)
adding: org/jdom/input/(in = 0) (out= 0)(stored 0%)
adding: org/jdom/input/BuilderErrorHandler.class(in = 910) (out= 479)(deflated 47%)
adding: org/jdom/input/DOMBuilder.class(in = 5994) (out= 2991)(deflated 50%)
adding: org/jdom/input/JAXPParserFactory.class(in = 2867) (out= 1390)(deflated 51%)
adding: org/jdom/input/JDOMParseException.class(in = 1542) (out= 735)(deflated 52%)
adding: org/jdom/input/SAXBuilder.class(in = 13958) (out= 6047)(deflated 56%)
adding: org/jdom/input/SAXHandler.class(in = 13008) (out= 6011)(deflated 53%)
adding: org/jdom/input/TextBuffer.class(in = 1744) (out= 1021)(deflated 41%)
adding: org/jdom/output/(in = 0) (out= 0)(stored 0%)
adding: org/jdom/output/DOMOutputter.class(in = 8550) (out= 4071)(deflated 52%)
adding: org/jdom/output/EscapeStrategy.class(in = 252) (out= 187)(deflated 25%)
adding: org/jdom/output/Format$DefaultEscapeStrategy.class(in = 2234) (out= 1266)(deflated 43%)
adding: org/jdom/output/Format$TextMode.class(in = 819) (out= 498)(deflated 39%)
adding: org/jdom/output/Format.class(in = 4374) (out= 1820)(deflated 58%)
adding: org/jdom/output/JDOMLocator.class(in = 919) (out= 540)(deflated 41%)
adding: org/jdom/output/NamespaceStack.class(in = 2131) (out= 1095)(deflated 48%)
adding: org/jdom/output/SAXOutputter.class(in = 18181) (out= 8019)(deflated 55%)
adding: org/jdom/output/XMLOutputter$NamespaceStack.class(in = 564) (out= 316)(deflated 43%)
adding: org/jdom/output/XMLOutputter.class(in = 21306) (out= 9356)(deflated 56%)
adding: org/jdom/transform/(in = 0) (out= 0)(stored 0%)
adding: org/jdom/transform/JDOMResult$DocumentBuilder.class(in = 3589) (out= 1582)(deflated 55%)
adding: org/jdom/transform/JDOMResult$FragmentHandler.class(in = 1416) (out= 795)(deflated 43%)
adding: org/jdom/transform/JDOMResult.class(in = 3181) (out= 1576)(deflated 50%)
adding: org/jdom/transform/JDOMSource$DocumentReader.class(in = 1459) (out= 773)(deflated 47%)
adding: org/jdom/transform/JDOMSource$JDOMInputSource.class(in = 1534) (out= 762)(deflated 50%)
adding: org/jdom/transform/JDOMSource.class(in = 2718) (out= 1300)(deflated 52%)
adding: org/jdom/transform/XSLTransformException.class(in = 848) (out= 467)(deflated 44%)
adding: org/jdom/transform/XSLTransformer.class(in = 2997) (out= 1198)(deflated 60%)
adding: org/jdom/xpath/(in = 0) (out= 0)(stored 0%)
adding: org/jdom/xpath/JaxenXPath$NSContext.class(in = 1507) (out= 830)(deflated 44%)
adding: org/jdom/xpath/JaxenXPath.class(in = 4108) (out= 1773)(deflated 56%)
adding: org/jdom/xpath/XPath$XPathString.class(in = 1151) (out= 643)(deflated 44%)
adding: org/jdom/xpath/XPath.class(in = 4526) (out= 2064)(deflated 54%)
adding: org/json/(in = 0) (out= 0)(stored 0%)
adding: org/json/CDL.class(in = 4421) (out= 2222)(deflated 49%)
adding: org/json/Cookie.class(in = 3141) (out= 1735)(deflated 44%)
adding: org/json/CookieList.class(in = 2007) (out= 1028)(deflated 48%)
adding: org/json/HTTP.class(in = 2703) (out= 1466)(deflated 45%)
adding: org/json/HTTPTokener.class(in = 1091) (out= 652)(deflated 40%)
adding: org/json/JSONArray.class(in = 19176) (out= 8003)(deflated 58%)
adding: org/json/JSONException.class(in = 772) (out= 408)(deflated 47%)
adding: org/json/JSONML.class(in = 7157) (out= 3568)(deflated 50%)
adding: org/json/JSONObject$1.class(in = 196) (out= 152)(deflated 22%)
adding: org/json/JSONObject$Null.class(in = 956) (out= 483)(deflated 49%)
adding: org/json/JSONObject.class(in = 33306) (out= 15485)(deflated 53%)
adding: org/json/JSONPointer$Builder.class(in = 1229) (out= 655)(deflated 46%)
adding: org/json/JSONPointer.class(in = 5298) (out= 2769)(deflated 47%)
adding: org/json/JSONPointerException.class(in = 611) (out= 361)(deflated 40%)
adding: org/json/JSONPropertyIgnore.class(in = 438) (out= 257)(deflated 41%)
adding: org/json/JSONPropertyName.class(in = 465) (out= 275)(deflated 40%)
adding: org/json/JSONString.class(in = 156) (out= 120)(deflated 23%)
adding: org/json/JSONStringer.class(in = 616) (out= 379)(deflated 38%)
adding: org/json/JSONTokener.class(in = 6957) (out= 3687)(deflated 47%)
adding: org/json/JSONWriter.class(in = 6001) (out= 2906)(deflated 51%)
adding: org/json/Property.class(in = 1921) (out= 950)(deflated 50%)
adding: org/json/XML$1$1.class(in = 1375) (out= 771)(deflated 43%)
adding: org/json/XML$1.class(in = 807) (out= 447)(deflated 44%)
adding: org/json/XML.class(in = 9689) (out= 5189)(deflated 46%)
adding: org/json/XMLTokener.class(in = 5241) (out= 2914)(deflated 44%)
adding: org/junit/(in = 0) (out= 0)(stored 0%)
adding: org/junit/jupiter/(in = 0) (out= 0)(stored 0%)
adding: org/junit/jupiter/api/(in = 0) (out= 0)(stored 0%)
adding: org/junit/jupiter/api/AfterAll.class(in = 670) (out= 381)(deflated 43%)
adding: org/junit/jupiter/api/AfterEach.class(in = 672) (out= 375)(deflated 44%)
adding: org/junit/jupiter/api/AssertAll.class(in = 5047) (out= 1890)(deflated 62%)
adding: org/junit/jupiter/api/AssertArrayEquals.class(in = 14006) (out= 4424)(deflated 68%)
adding: org/junit/jupiter/api/AssertDoesNotThrow.class(in = 4138) (out= 1373)(deflated 66%)
adding: org/junit/jupiter/api/AssertEquals.class(in = 6162) (out= 1882)(deflated 69%)
adding: org/junit/jupiter/api/AssertFalse.class(in = 2243) (out= 913)(deflated 59%)
adding: org/junit/jupiter/api/AssertIterableEquals.class(in = 6492) (out= 2526)(deflated 61%)
adding: org/junit/jupiter/api/AssertLinesMatch.class(in = 7863) (out= 3562)(deflated 54%)
adding: org/junit/jupiter/api/AssertNotEquals.class(in = 6694) (out= 2184)(deflated 67%)
adding: org/junit/jupiter/api/AssertNotNull.class(in = 1632) (out= 707)(deflated 56%)
adding: org/junit/jupiter/api/AssertNotSame.class(in = 1807) (out= 767)(deflated 57%)
adding: org/junit/jupiter/api/AssertNull.class(in = 1674) (out= 735)(deflated 56%)
adding: org/junit/jupiter/api/AssertSame.class(in = 1565) (out= 637)(deflated 59%)
adding: org/junit/jupiter/api/AssertThrows.class(in = 3378) (out= 1205)(deflated 64%)
adding: org/junit/jupiter/api/AssertTimeout.class(in = 7760) (out= 2547)(deflated 67%)
adding: org/junit/jupiter/api/AssertTrue.class(in = 2238) (out= 912)(deflated 59%)
adding: org/junit/jupiter/api/AssertionUtils.class(in = 7806) (out= 3287)(deflated 57%)
adding: org/junit/jupiter/api/Assertions.class(in = 46973) (out= 9357)(deflated 80%)
adding: org/junit/jupiter/api/AssertionsKt$assertDoesNotThrow$1.class(in = 1202) (out= 660)(deflated 45%)
adding: org/junit/jupiter/api/AssertionsKt$assertThrows$1.class(in = 1354) (out= 727)(deflated 46%)
adding: org/junit/jupiter/api/AssertionsKt$convert$1.class(in = 1777) (out= 873)(deflated 50%)
adding: org/junit/jupiter/api/AssertionsKt$sam$i$java_util_function_Supplier$0.class(in = 689) (out= 428)(deflated 37%)
adding: org/junit/jupiter/api/AssertionsKt$sam$i$org_junit_jupiter_api_function_Executable$0.class(in = 879) (out= 514)(deflated 41%)
adding: org/junit/jupiter/api/AssertionsKt$sam$java_util_function_Supplier$0.class(in = 687) (out= 427)(deflated 37%)
adding: org/junit/jupiter/api/AssertionsKt$sam$org_junit_jupiter_api_function_Executable$0.class(in = 877) (out= 512)(deflated 41%)
adding: org/junit/jupiter/api/AssertionsKt$sam$org_junit_jupiter_api_function_ThrowingSupplier$0.class(in = 747) (out= 436)(deflated 41%)
adding: org/junit/jupiter/api/AssertionsKt.class(in = 12934) (out= 3967)(deflated 69%)
adding: org/junit/jupiter/api/Assumptions.class(in = 3966) (out= 1453)(deflated 63%)
adding: org/junit/jupiter/api/BeforeAll.class(in = 672) (out= 380)(deflated 43%)
adding: org/junit/jupiter/api/BeforeEach.class(in = 674) (out= 382)(deflated 43%)
adding: org/junit/jupiter/api/Disabled.class(in = 722) (out= 399)(deflated 44%)
adding: org/junit/jupiter/api/DisplayName.class(in = 696) (out= 385)(deflated 44%)
adding: org/junit/jupiter/api/DisplayNameGeneration.class(in = 835) (out= 432)(deflated 48%)
adding: org/junit/jupiter/api/DisplayNameGenerator$ReplaceUnderscores.class(in = 2153) (out= 893)(deflated 58%)
adding: org/junit/jupiter/api/DisplayNameGenerator$Standard.class(in = 1738) (out= 762)(deflated 56%)
adding: org/junit/jupiter/api/DisplayNameGenerator.class(in = 2362) (out= 991)(deflated 58%)
adding: org/junit/jupiter/api/DynamicContainer.class(in = 2749) (out= 952)(deflated 65%)
adding: org/junit/jupiter/api/DynamicNode.class(in = 1606) (out= 789)(deflated 50%)
adding: org/junit/jupiter/api/DynamicTest.class(in = 4458) (out= 1525)(deflated 65%)
adding: org/junit/jupiter/api/MethodDescriptor.class(in = 901) (out= 427)(deflated 52%)
adding: org/junit/jupiter/api/MethodOrderer$Alphanumeric.class(in = 2508) (out= 1040)(deflated 58%)
adding: org/junit/jupiter/api/MethodOrderer$OrderAnnotation.class(in = 2180) (out= 926)(deflated 57%)
adding: org/junit/jupiter/api/MethodOrderer$Random.class(in = 4127) (out= 1854)(deflated 55%)
adding: org/junit/jupiter/api/MethodOrderer.class(in = 1190) (out= 560)(deflated 52%)
adding: org/junit/jupiter/api/MethodOrdererContext.class(in = 765) (out= 406)(deflated 46%)
adding: org/junit/jupiter/api/Nested.class(in = 641) (out= 352)(deflated 45%)
adding: org/junit/jupiter/api/Order.class(in = 778) (out= 439)(deflated 43%)
adding: org/junit/jupiter/api/RepeatedTest.class(in = 1253) (out= 630)(deflated 49%)
adding: org/junit/jupiter/api/RepetitionInfo.class(in = 450) (out= 280)(deflated 37%)
adding: org/junit/jupiter/api/Tag.class(in = 795) (out= 416)(deflated 47%)
adding: org/junit/jupiter/api/Tags.class(in = 731) (out= 390)(deflated 46%)
adding: org/junit/jupiter/api/Test.class(in = 717) (out= 404)(deflated 43%)
adding: org/junit/jupiter/api/TestFactory.class(in = 735) (out= 414)(deflated 43%)
adding: org/junit/jupiter/api/TestInfo.class(in = 705) (out= 383)(deflated 45%)
adding: org/junit/jupiter/api/TestInstance$Lifecycle.class(in = 1176) (out= 578)(deflated 50%)
adding: org/junit/jupiter/api/TestInstance.class(in = 821) (out= 416)(deflated 49%)
adding: org/junit/jupiter/api/TestMethodOrder.class(in = 816) (out= 428)(deflated 47%)
adding: org/junit/jupiter/api/TestReporter.class(in = 1066) (out= 558)(deflated 47%)
adding: org/junit/jupiter/api/TestTemplate.class(in = 733) (out= 411)(deflated 43%)
adding: org/junit/jupiter/api/Timeout.class(in = 842) (out= 454)(deflated 46%)
adding: org/junit/jupiter/api/condition/(in = 0) (out= 0)(stored 0%)
adding: org/junit/jupiter/api/condition/DisabledForJreRange.class(in = 984) (out= 487)(deflated 50%)
adding: org/junit/jupiter/api/condition/DisabledForJreRangeCondition.class(in = 3351) (out= 1342)(deflated 59%)
adding: org/junit/jupiter/api/condition/DisabledIfEnvironmentVariable.class(in = 902) (out= 459)(deflated 49%)
adding: org/junit/jupiter/api/condition/DisabledIfEnvironmentVariableCondition.class(in = 4087) (out= 1597)(deflated 60%)
adding: org/junit/jupiter/api/condition/DisabledIfSystemProperty.class(in = 887) (out= 459)(deflated 48%)
adding: org/junit/jupiter/api/condition/DisabledIfSystemPropertyCondition.class(in = 3941) (out= 1569)(deflated 60%)
adding: org/junit/jupiter/api/condition/DisabledOnJre.class(in = 848) (out= 432)(deflated 49%)
adding: org/junit/jupiter/api/condition/DisabledOnJreCondition.class(in = 2955) (out= 1229)(deflated 58%)
adding: org/junit/jupiter/api/condition/DisabledOnOs.class(in = 844) (out= 433)(deflated 48%)
adding: org/junit/jupiter/api/condition/DisabledOnOsCondition.class(in = 2943) (out= 1234)(deflated 58%)
adding: org/junit/jupiter/api/condition/EnabledForJreRange.class(in = 981) (out= 485)(deflated 50%)
adding: org/junit/jupiter/api/condition/EnabledForJreRangeCondition.class(in = 3340) (out= 1334)(deflated 60%)
adding: org/junit/jupiter/api/condition/EnabledIfEnvironmentVariable.class(in = 899) (out= 459)(deflated 48%)
adding: org/junit/jupiter/api/condition/EnabledIfEnvironmentVariableCondition.class(in = 4078) (out= 1598)(deflated 60%)
adding: org/junit/jupiter/api/condition/EnabledIfSystemProperty.class(in = 884) (out= 458)(deflated 48%)
adding: org/junit/jupiter/api/condition/EnabledIfSystemPropertyCondition.class(in = 3932) (out= 1568)(deflated 60%)
adding: org/junit/jupiter/api/condition/EnabledOnJre.class(in = 845) (out= 433)(deflated 48%)
adding: org/junit/jupiter/api/condition/EnabledOnJreCondition.class(in = 3315) (out= 1411)(deflated 57%)
adding: org/junit/jupiter/api/condition/EnabledOnOs.class(in = 841) (out= 430)(deflated 48%)
adding: org/junit/jupiter/api/condition/EnabledOnOsCondition.class(in = 3309) (out= 1416)(deflated 57%)
adding: org/junit/jupiter/api/condition/JRE.class(in = 4575) (out= 2155)(deflated 52%)
adding: org/junit/jupiter/api/condition/OS.class(in = 3488) (out= 1706)(deflated 51%)
adding: org/junit/jupiter/api/extension/(in = 0) (out= 0)(stored 0%)
adding: org/junit/jupiter/api/extension/AfterAllCallback.class(in = 607) (out= 340)(deflated 43%)
adding: org/junit/jupiter/api/extension/AfterEachCallback.class(in = 610) (out= 340)(deflated 44%)
adding: org/junit/jupiter/api/extension/AfterTestExecutionCallback.class(in = 637) (out= 345)(deflated 45%)
adding: org/junit/jupiter/api/extension/BeforeAllCallback.class(in = 610) (out= 340)(deflated 44%)
adding: org/junit/jupiter/api/extension/BeforeEachCallback.class(in = 613) (out= 341)(deflated 44%)
adding: org/junit/jupiter/api/extension/BeforeTestExecutionCallback.class(in = 640) (out= 348)(deflated 45%)
adding: org/junit/jupiter/api/extension/ConditionEvaluationResult.class(in = 1942) (out= 905)(deflated 53%)
adding: org/junit/jupiter/api/extension/ExecutionCondition.class(in = 639) (out= 331)(deflated 48%)
adding: org/junit/jupiter/api/extension/ExtendWith.class(in = 924) (out= 457)(deflated 50%)
adding: org/junit/jupiter/api/extension/Extension.class(in = 383) (out= 248)(deflated 35%)
adding: org/junit/jupiter/api/extension/ExtensionConfigurationException.class(in = 961) (out= 513)(deflated 46%)
adding: org/junit/jupiter/api/extension/ExtensionContext$Namespace.class(in = 1709) (out= 907)(deflated 46%)
adding: org/junit/jupiter/api/extension/ExtensionContext$Store$CloseableResource.class(in = 649) (out= 343)(deflated 47%)
adding: org/junit/jupiter/api/extension/ExtensionContext$Store.class(in = 2906) (out= 1107)(deflated 61%)
adding: org/junit/jupiter/api/extension/ExtensionContext.class(in = 4035) (out= 1409)(deflated 65%)
adding: org/junit/jupiter/api/extension/ExtensionContextException.class(in = 769) (out= 443)(deflated 42%)
adding: org/junit/jupiter/api/extension/Extensions.class(in = 770) (out= 411)(deflated 46%)
adding: org/junit/jupiter/api/extension/InvocationInterceptor$Invocation.class(in = 672) (out= 363)(deflated 45%)
adding: org/junit/jupiter/api/extension/InvocationInterceptor.class(in = 4249) (out= 919)(deflated 78%)
adding: org/junit/jupiter/api/extension/LifecycleMethodExecutionExceptionHandler.class(in = 1364) (out= 505)(deflated 62%)
adding: org/junit/jupiter/api/extension/ParameterContext.class(in = 1319) (out= 595)(deflated 54%)
adding: org/junit/jupiter/api/extension/ParameterResolutionException.class(in = 952) (out= 514)(deflated 46%)
adding: org/junit/jupiter/api/extension/ParameterResolver.class(in = 831) (out= 359)(deflated 56%)
adding: org/junit/jupiter/api/extension/ReflectiveInvocationContext.class(in = 846) (out= 432)(deflated 48%)
adding: org/junit/jupiter/api/extension/RegisterExtension.class(in = 674) (out= 363)(deflated 46%)
adding: org/junit/jupiter/api/extension/TestExecutionExceptionHandler.class(in = 674) (out= 356)(deflated 47%)
adding: org/junit/jupiter/api/extension/TestInstanceFactory.class(in = 745) (out= 365)(deflated 51%)
adding: org/junit/jupiter/api/extension/TestInstanceFactoryContext.class(in = 618) (out= 352)(deflated 43%)
adding: org/junit/jupiter/api/extension/TestInstancePostProcessor.class(in = 658) (out= 351)(deflated 46%)
adding: org/junit/jupiter/api/extension/TestInstances.class(in = 746) (out= 394)(deflated 47%)
adding: org/junit/jupiter/api/extension/TestInstantiationException.class(in = 952) (out= 518)(deflated 45%)
adding: org/junit/jupiter/api/extension/TestTemplateInvocationContext.class(in = 1158) (out= 609)(deflated 47%)
adding: org/junit/jupiter/api/extension/TestTemplateInvocationContextProvider.class(in = 868) (out= 376)(deflated 56%)
adding: org/junit/jupiter/api/extension/TestWatcher.class(in = 1438) (out= 579)(deflated 59%)
adding: org/junit/jupiter/api/extension/support/(in = 0) (out= 0)(stored 0%)
adding: org/junit/jupiter/api/extension/support/TypeBasedParameterResolver.class(in = 4389) (out= 1677)(deflated 61%)
adding: org/junit/jupiter/api/function/(in = 0) (out= 0)(stored 0%)
adding: org/junit/jupiter/api/function/Executable.class(in = 494) (out= 306)(deflated 38%)
adding: org/junit/jupiter/api/function/ThrowingConsumer.class(in = 603) (out= 350)(deflated 41%)
adding: org/junit/jupiter/api/function/ThrowingSupplier.class(in = 598) (out= 349)(deflated 41%)
adding: org/junit/jupiter/api/io/(in = 0) (out= 0)(stored 0%)
adding: org/junit/jupiter/api/io/TempDir.class(in = 670) (out= 372)(deflated 44%)
adding: org/junit/jupiter/api/parallel/(in = 0) (out= 0)(stored 0%)
adding: org/junit/jupiter/api/parallel/Execution.class(in = 734) (out= 389)(deflated 47%)
adding: org/junit/jupiter/api/parallel/ExecutionMode.class(in = 1354) (out= 681)(deflated 49%)
adding: org/junit/jupiter/api/parallel/ResourceAccessMode.class(in = 1382) (out= 675)(deflated 51%)
adding: org/junit/jupiter/api/parallel/ResourceLock.class(in = 975) (out= 478)(deflated 50%)
adding: org/junit/jupiter/api/parallel/ResourceLocks.class(in = 742) (out= 398)(deflated 46%)
adding: org/junit/jupiter/api/parallel/Resources.class(in = 961) (out= 538)(deflated 44%)
adding: org/junit/jupiter/engine/(in = 0) (out= 0)(stored 0%)
adding: org/junit/jupiter/engine/Constants.class(in = 3951) (out= 1277)(deflated 67%)
adding: org/junit/jupiter/engine/JupiterTestEngine.class(in = 5756) (out= 1823)(deflated 68%)
adding: org/junit/jupiter/engine/config/(in = 0) (out= 0)(stored 0%)
adding: org/junit/jupiter/engine/config/CachingJupiterConfiguration.class(in = 4853) (out= 1697)(deflated 65%)
adding: org/junit/jupiter/engine/config/ClassNamePatternParameterConverter.class(in = 3999) (out= 1643)(deflated 58%)
adding: org/junit/jupiter/engine/config/DefaultJupiterConfiguration.class(in = 5269) (out= 1832)(deflated 65%)
adding: org/junit/jupiter/engine/config/DisplayNameGeneratorParameterConverter.class(in = 6690) (out= 2321)(deflated 65%)
adding: org/junit/jupiter/engine/config/EnumConfigurationParameterConverter.class(in = 4144) (out= 1645)(deflated 60%)
adding: org/junit/jupiter/engine/config/JupiterConfiguration.class(in = 3520) (out= 1196)(deflated 66%)
adding: org/junit/jupiter/engine/descriptor/(in = 0) (out= 0)(stored 0%)
adding: org/junit/jupiter/engine/descriptor/AbstractExtensionContext.class(in = 7030) (out= 2371)(deflated 66%)
adding: org/junit/jupiter/engine/descriptor/ClassBasedTestDescriptor.class(in = 37756) (out= 10061)(deflated 73%)
adding: org/junit/jupiter/engine/descriptor/ClassExtensionContext.class(in = 4741) (out= 1420)(deflated 70%)
adding: org/junit/jupiter/engine/descriptor/ClassTestDescriptor.class(in = 4477) (out= 1500)(deflated 66%)
adding: org/junit/jupiter/engine/descriptor/DefaultTestInstanceFactoryContext.class(in = 1512) (out= 658)(deflated 56%)
adding: org/junit/jupiter/engine/descriptor/DisplayNameUtils.class(in = 7750) (out= 2586)(deflated 66%)
adding: org/junit/jupiter/engine/descriptor/DynamicContainerTestDescriptor.class(in = 6553) (out= 2165)(deflated 66%)
adding: org/junit/jupiter/engine/descriptor/DynamicDescendantFilter$Mode.class(in = 1321) (out= 592)(deflated 55%)
adding: org/junit/jupiter/engine/descriptor/DynamicDescendantFilter.class(in = 2923) (out= 1251)(deflated 57%)
adding: org/junit/jupiter/engine/descriptor/DynamicExtensionContext.class(in = 2539) (out= 746)(deflated 70%)
adding: org/junit/jupiter/engine/descriptor/DynamicNodeTestDescriptor.class(in = 5082) (out= 1579)(deflated 68%)
adding: org/junit/jupiter/engine/descriptor/DynamicTestTestDescriptor.class(in = 6253) (out= 1721)(deflated 72%)
adding: org/junit/jupiter/engine/descriptor/ExtensionUtils.class(in = 8031) (out= 2850)(deflated 64%)
adding: org/junit/jupiter/engine/descriptor/Filterable.class(in = 494) (out= 293)(deflated 40%)
adding: org/junit/jupiter/engine/descriptor/JupiterEngineDescriptor.class(in = 4643) (out= 1364)(deflated 70%)
adding: org/junit/jupiter/engine/descriptor/JupiterEngineExtensionContext.class(in = 2428) (out= 724)(deflated 70%)
adding: org/junit/jupiter/engine/descriptor/JupiterTestDescriptor$1.class(in = 1209) (out= 610)(deflated 49%)
adding: org/junit/jupiter/engine/descriptor/JupiterTestDescriptor$ExceptionHandlerInvoker.class(in = 639) (out= 329)(deflated 48%)
adding: org/junit/jupiter/engine/descriptor/JupiterTestDescriptor.class(in = 15994) (out= 4875)(deflated 69%)
adding: org/junit/jupiter/engine/descriptor/LifecycleMethodUtils.class(in = 5563) (out= 1899)(deflated 65%)
adding: org/junit/jupiter/engine/descriptor/MethodBasedTestDescriptor.class(in = 5769) (out= 1991)(deflated 65%)
adding: org/junit/jupiter/engine/descriptor/MethodExtensionContext.class(in = 4392) (out= 1360)(deflated 69%)
adding: org/junit/jupiter/engine/descriptor/MethodSourceSupport.class(in = 3206) (out= 1383)(deflated 56%)
adding: org/junit/jupiter/engine/descriptor/NestedClassTestDescriptor.class(in = 5413) (out= 1885)(deflated 65%)
adding: org/junit/jupiter/engine/descriptor/TestFactoryTestDescriptor.class(in = 16966) (out= 5006)(deflated 70%)
adding: org/junit/jupiter/engine/descriptor/TestInstanceLifecycleUtils.class(in = 2830) (out= 1108)(deflated 60%)
adding: org/junit/jupiter/engine/descriptor/TestMethodTestDescriptor$1.class(in = 990) (out= 536)(deflated 45%)
adding: org/junit/jupiter/engine/descriptor/TestMethodTestDescriptor$CallbackInvoker.class(in = 690) (out= 336)(deflated 51%)
adding: org/junit/jupiter/engine/descriptor/TestMethodTestDescriptor.class(in = 29246) (out= 7195)(deflated 75%)
adding: org/junit/jupiter/engine/descriptor/TestTemplateExtensionContext.class(in = 4030) (out= 1250)(deflated 68%)
adding: org/junit/jupiter/engine/descriptor/TestTemplateInvocationTestDescriptor.class(in = 6421) (out= 1976)(deflated 69%)
adding: org/junit/jupiter/engine/descriptor/TestTemplateTestDescriptor.class(in = 13446) (out= 4048)(deflated 69%)
adding: org/junit/jupiter/engine/discovery/(in = 0) (out= 0)(stored 0%)
adding: org/junit/jupiter/engine/discovery/ClassSelectorResolver.class(in = 16218) (out= 4615)(deflated 71%)
adding: org/junit/jupiter/engine/discovery/DefaultMethodDescriptor.class(in = 2701) (out= 962)(deflated 64%)
adding: org/junit/jupiter/engine/discovery/DefaultMethodOrdererContext.class(in = 2108) (out= 820)(deflated 61%)
adding: org/junit/jupiter/engine/discovery/DiscoverySelectorResolver.class(in = 4811) (out= 1505)(deflated 68%)
adding: org/junit/jupiter/engine/discovery/MethodFinder.class(in = 2382) (out= 1087)(deflated 54%)
adding: org/junit/jupiter/engine/discovery/MethodOrderingVisitor.class(in = 10308) (out= 3646)(deflated 64%)
adding: org/junit/jupiter/engine/discovery/MethodSelectorResolver$1.class(in = 284) (out= 180)(deflated 36%)
adding: org/junit/jupiter/engine/discovery/MethodSelectorResolver$MethodType$1.class(in = 2140) (out= 707)(deflated 66%)
adding: org/junit/jupiter/engine/discovery/MethodSelectorResolver$MethodType$2.class(in = 2141) (out= 709)(deflated 66%)
adding: org/junit/jupiter/engine/discovery/MethodSelectorResolver$MethodType$3.class(in = 2142) (out= 712)(deflated 66%)
adding: org/junit/jupiter/engine/discovery/MethodSelectorResolver$MethodType.class(in = 12579) (out= 3612)(deflated 71%)
adding: org/junit/jupiter/engine/discovery/MethodSelectorResolver.class(in = 12153) (out= 3544)(deflated 70%)
adding: org/junit/jupiter/engine/discovery/predicates/(in = 0) (out= 0)(stored 0%)
adding: org/junit/jupiter/engine/discovery/predicates/IsInnerClass.class(in = 1246) (out= 651)(deflated 47%)
adding: org/junit/jupiter/engine/discovery/predicates/IsNestedTestClass.class(in = 1551) (out= 739)(deflated 52%)
adding: org/junit/jupiter/engine/discovery/predicates/IsPotentialTestContainer.class(in = 1415) (out= 745)(deflated 47%)
adding: org/junit/jupiter/engine/discovery/predicates/IsTestClassWithTests.class(in = 3076) (out= 1189)(deflated 61%)
adding: org/junit/jupiter/engine/discovery/predicates/IsTestFactoryMethod.class(in = 855) (out= 460)(deflated 46%)
adding: org/junit/jupiter/engine/discovery/predicates/IsTestMethod.class(in = 827) (out= 453)(deflated 45%)
adding: org/junit/jupiter/engine/discovery/predicates/IsTestTemplateMethod.class(in = 859) (out= 460)(deflated 46%)
adding: org/junit/jupiter/engine/discovery/predicates/IsTestableMethod.class(in = 1530) (out= 753)(deflated 50%)
adding: org/junit/jupiter/engine/execution/(in = 0) (out= 0)(stored 0%)
adding: org/junit/jupiter/engine/execution/AfterEachMethodAdapter.class(in = 691) (out= 376)(deflated 45%)
adding: org/junit/jupiter/engine/execution/BeforeEachMethodAdapter.class(in = 694) (out= 381)(deflated 45%)
adding: org/junit/jupiter/engine/execution/ConditionEvaluationException.class(in = 596) (out= 349)(deflated 41%)
adding: org/junit/jupiter/engine/execution/ConditionEvaluator.class(in = 6577) (out= 2265)(deflated 65%)
adding: org/junit/jupiter/engine/execution/ConstructorInvocation.class(in = 2646) (out= 955)(deflated 63%)
adding: org/junit/jupiter/engine/execution/DefaultParameterContext.class(in = 4015) (out= 1540)(deflated 61%)
adding: org/junit/jupiter/engine/execution/DefaultTestInstances.class(in = 3400) (out= 1431)(deflated 57%)
adding: org/junit/jupiter/engine/execution/ExecutableInvoker$ReflectiveInterceptorCall$VoidMethodInterceptorCall.class(in = 1195) (out= 370)(deflated 69%)
adding: org/junit/jupiter/engine/execution/ExecutableInvoker$ReflectiveInterceptorCall.class(in = 3695) (out= 820)(deflated 77%)
adding: org/junit/jupiter/engine/execution/ExecutableInvoker.class(in = 16226) (out= 4674)(deflated 71%)
adding: org/junit/jupiter/engine/execution/ExtensionValuesStore$1.class(in = 278) (out= 185)(deflated 33%)
adding: org/junit/jupiter/engine/execution/ExtensionValuesStore$CompositeKey.class(in = 1740) (out= 760)(deflated 56%)
adding: org/junit/jupiter/engine/execution/ExtensionValuesStore$MemoizingSupplier.class(in = 1847) (out= 815)(deflated 55%)
adding: org/junit/jupiter/engine/execution/ExtensionValuesStore.class(in = 8829) (out= 2991)(deflated 66%)
adding: org/junit/jupiter/engine/execution/InvocationInterceptorChain$InterceptedInvocation.class(in = 2406) (out= 677)(deflated 71%)
adding: org/junit/jupiter/engine/execution/InvocationInterceptorChain$InterceptorCall.class(in = 2844) (out= 766)(deflated 73%)
adding: org/junit/jupiter/engine/execution/InvocationInterceptorChain$ValidatingInvocation.class(in = 3917) (out= 1519)(deflated 61%)
adding: org/junit/jupiter/engine/execution/InvocationInterceptorChain$VoidInterceptorCall.class(in = 888) (out= 345)(deflated 61%)
adding: org/junit/jupiter/engine/execution/InvocationInterceptorChain.class(in = 5778) (out= 1611)(deflated 72%)
adding: org/junit/jupiter/engine/execution/JupiterEngineExecutionContext$1.class(in = 305) (out= 181)(deflated 40%)
adding: org/junit/jupiter/engine/execution/JupiterEngineExecutionContext$Builder.class(in = 3008) (out= 898)(deflated 70%)
adding: org/junit/jupiter/engine/execution/JupiterEngineExecutionContext$State.class(in = 1792) (out= 776)(deflated 56%)
adding: org/junit/jupiter/engine/execution/JupiterEngineExecutionContext.class(in = 5469) (out= 1878)(deflated 65%)
adding: org/junit/jupiter/engine/execution/MethodInvocation.class(in = 3597) (out= 1310)(deflated 63%)
adding: org/junit/jupiter/engine/execution/NamespaceAwareStore.class(in = 3908) (out= 1224)(deflated 68%)
adding: org/junit/jupiter/engine/execution/TestInstancesProvider.class(in = 1034) (out= 459)(deflated 55%)
adding: org/junit/jupiter/engine/extension/(in = 0) (out= 0)(stored 0%)
adding: org/junit/jupiter/engine/extension/DisabledCondition.class(in = 3305) (out= 1332)(deflated 59%)
adding: org/junit/jupiter/engine/extension/ExtensionRegistrar.class(in = 501) (out= 294)(deflated 41%)
adding: org/junit/jupiter/engine/extension/ExtensionRegistry.class(in = 2165) (out= 918)(deflated 57%)
adding: org/junit/jupiter/engine/extension/MutableExtensionRegistry.class(in = 9814) (out= 3521)(deflated 64%)
adding: org/junit/jupiter/engine/extension/RepeatedTestDisplayNameFormatter.class(in = 1022) (out= 526)(deflated 48%)
adding: org/junit/jupiter/engine/extension/RepeatedTestExtension.class(in = 4864) (out= 1783)(deflated 63%)
adding: org/junit/jupiter/engine/extension/RepeatedTestInvocationContext.class(in = 1418) (out= 653)(deflated 53%)
adding: org/junit/jupiter/engine/extension/RepetitionInfoParameterResolver$DefaultRepetitionInfo.class(in = 1327) (out= 632)(deflated 52%)
adding: org/junit/jupiter/engine/extension/RepetitionInfoParameterResolver.class(in = 1895) (out= 715)(deflated 62%)
adding: org/junit/jupiter/engine/extension/TempDirectory$CloseablePath$1.class(in = 3659) (out= 1506)(deflated 58%)
adding: org/junit/jupiter/engine/extension/TempDirectory$CloseablePath.class(in = 5354) (out= 2233)(deflated 58%)
adding: org/junit/jupiter/engine/extension/TempDirectory$UndeletableFileException.class(in = 752) (out= 420)(deflated 44%)
adding: org/junit/jupiter/engine/extension/TempDirectory.class(in = 8237) (out= 3136)(deflated 61%)
adding: org/junit/jupiter/engine/extension/TestInfoParameterResolver$DefaultTestInfo.class(in = 2478) (out= 990)(deflated 60%)
adding: org/junit/jupiter/engine/extension/TestInfoParameterResolver.class(in = 1767) (out= 634)(deflated 64%)
adding: org/junit/jupiter/engine/extension/TestReporterParameterResolver.class(in = 2344) (out= 841)(deflated 64%)
adding: org/junit/jupiter/engine/extension/TimeoutConfiguration.class(in = 6737) (out= 2096)(deflated 68%)
adding: org/junit/jupiter/engine/extension/TimeoutDuration.class(in = 3063) (out= 1461)(deflated 52%)
adding: org/junit/jupiter/engine/extension/TimeoutDurationParser.class(in = 2694) (out= 1384)(deflated 48%)
adding: org/junit/jupiter/engine/extension/TimeoutExtension$ExecutorResource.class(in = 2620) (out= 1172)(deflated 55%)
adding: org/junit/jupiter/engine/extension/TimeoutExtension$TimeoutProvider.class(in = 582) (out= 288)(deflated 50%)
adding: org/junit/jupiter/engine/extension/TimeoutExtension.class(in = 16123) (out= 4327)(deflated 73%)
adding: org/junit/jupiter/engine/extension/TimeoutInvocation$InterruptTask.class(in = 913) (out= 474)(deflated 48%)
adding: org/junit/jupiter/engine/extension/TimeoutInvocation.class(in = 4232) (out= 1669)(deflated 60%)
adding: org/junit/jupiter/engine/support/(in = 0) (out= 0)(stored 0%)
adding: org/junit/jupiter/engine/support/JupiterThrowableCollectorFactory.class(in = 872) (out= 460)(deflated 47%)
adding: org/junit/jupiter/engine/support/OpenTest4JAndJUnit4AwareThrowableCollector.class(in = 3840) (out= 1686)(deflated 56%)
adding: org/junit/platform/(in = 0) (out= 0)(stored 0%)
adding: org/junit/platform/commons/(in = 0) (out= 0)(stored 0%)
adding: org/junit/platform/commons/JUnitException.class(in = 885) (out= 490)(deflated 44%)
adding: org/junit/platform/commons/PreconditionViolationException.class(in = 969) (out= 502)(deflated 48%)
adding: org/junit/platform/commons/annotation/(in = 0) (out= 0)(stored 0%)
adding: org/junit/platform/commons/annotation/Testable.class(in = 714) (out= 391)(deflated 45%)
adding: org/junit/platform/commons/function/(in = 0) (out= 0)(stored 0%)
adding: org/junit/platform/commons/function/Try$1.class(in = 229) (out= 174)(deflated 24%)
adding: org/junit/platform/commons/function/Try$Failure.class(in = 5682) (out= 1767)(deflated 68%)
adding: org/junit/platform/commons/function/Try$Success.class(in = 5986) (out= 1773)(deflated 70%)
adding: org/junit/platform/commons/function/Try$Transformer.class(in = 506) (out= 293)(deflated 42%)
adding: org/junit/platform/commons/function/Try.class(in = 5599) (out= 1781)(deflated 68%)
adding: org/junit/platform/commons/logging/(in = 0) (out= 0)(stored 0%)
adding: org/junit/platform/commons/logging/LogRecordListener.class(in = 4103) (out= 1553)(deflated 62%)
adding: org/junit/platform/commons/logging/Logger.class(in = 855) (out= 400)(deflated 53%)
adding: org/junit/platform/commons/logging/LoggerFactory$DelegatingLogger.class(in = 6274) (out= 2300)(deflated 63%)
adding: org/junit/platform/commons/logging/LoggerFactory.class(in = 2080) (out= 930)(deflated 55%)
adding: org/junit/platform/commons/support/(in = 0) (out= 0)(stored 0%)
adding: org/junit/platform/commons/support/AnnotationSupport.class(in = 9068) (out= 2438)(deflated 73%)
adding: org/junit/platform/commons/support/ClassSupport.class(in = 1350) (out= 594)(deflated 56%)
adding: org/junit/platform/commons/support/HierarchyTraversalMode.class(in = 1435) (out= 691)(deflated 51%)
adding: org/junit/platform/commons/support/ModifierSupport.class(in = 2405) (out= 822)(deflated 65%)
adding: org/junit/platform/commons/support/ReflectionSupport.class(in = 6255) (out= 1727)(deflated 72%)
adding: org/junit/platform/commons/util/(in = 0) (out= 0)(stored 0%)
adding: org/junit/platform/commons/util/AnnotationUtils.class(in = 16708) (out= 5713)(deflated 65%)
adding: org/junit/platform/commons/util/BlacklistedExceptions.class(in = 2201) (out= 1019)(deflated 53%)
adding: org/junit/platform/commons/util/ClassFileVisitor.class(in = 4283) (out= 1674)(deflated 60%)
adding: org/junit/platform/commons/util/ClassFilter.class(in = 3330) (out= 1211)(deflated 63%)
adding: org/junit/platform/commons/util/ClassLoaderUtils.class(in = 2759) (out= 1358)(deflated 50%)
adding: org/junit/platform/commons/util/ClassUtils.class(in = 3107) (out= 1241)(deflated 60%)
adding: org/junit/platform/commons/util/ClasspathScanner.class(in = 14991) (out= 5569)(deflated 62%)
adding: org/junit/platform/commons/util/CloseablePath.class(in = 4340) (out= 1868)(deflated 56%)
adding: org/junit/platform/commons/util/CollectionUtils.class(in = 5670) (out= 2470)(deflated 56%)
adding: org/junit/platform/commons/util/ExceptionUtils.class(in = 1793) (out= 916)(deflated 48%)
adding: org/junit/platform/commons/util/FunctionUtils.class(in = 2287) (out= 919)(deflated 59%)
adding: org/junit/platform/commons/util/LruCache.class(in = 1278) (out= 687)(deflated 46%)
adding: org/junit/platform/commons/util/ModuleUtils.class(in = 3338) (out= 1326)(deflated 60%)
adding: org/junit/platform/commons/util/PackageUtils$JavaNameUtils.class(in = 2403) (out= 1437)(deflated 40%)
adding: org/junit/platform/commons/util/PackageUtils.class(in = 5171) (out= 2302)(deflated 55%)
adding: org/junit/platform/commons/util/PreconditionViolationException.class(in = 1010) (out= 532)(deflated 47%)
adding: org/junit/platform/commons/util/Preconditions.class(in = 5783) (out= 1877)(deflated 67%)
adding: org/junit/platform/commons/util/ReflectionUtils$HierarchyTraversalMode.class(in = 1359) (out= 603)(deflated 55%)
adding: org/junit/platform/commons/util/ReflectionUtils.class(in = 48753) (out= 16779)(deflated 65%)
adding: org/junit/platform/commons/util/RuntimeUtils.class(in = 2582) (out= 1246)(deflated 51%)
adding: org/junit/platform/commons/util/StringUtils.class(in = 5232) (out= 2327)(deflated 55%)
adding: org/junit/platform/commons/util/ToStringBuilder.class(in = 2550) (out= 1153)(deflated 54%)
adding: org/junit/platform/console/(in = 0) (out= 0)(stored 0%)
adding: org/junit/platform/console/ConsoleLauncher.class(in = 5148) (out= 2175)(deflated 57%)
adding: org/junit/platform/console/ConsoleLauncherExecutionResult.class(in = 2482) (out= 1040)(deflated 58%)
adding: org/junit/platform/console/options/(in = 0) (out= 0)(stored 0%)
adding: org/junit/platform/console/options/AvailableOptions.class(in = 16423) (out= 6073)(deflated 63%)
adding: org/junit/platform/console/options/CommandLineOptions.class(in = 11089) (out= 3420)(deflated 69%)
adding: org/junit/platform/console/options/CommandLineOptionsParser.class(in = 555) (out= 329)(deflated 40%)
adding: org/junit/platform/console/options/Details.class(in = 1629) (out= 820)(deflated 49%)
adding: org/junit/platform/console/options/PicocliCommandLineOptionsParser.class(in = 2761) (out= 1136)(deflated 58%)
adding: org/junit/platform/console/options/Theme$1.class(in = 902) (out= 511)(deflated 43%)
adding: org/junit/platform/console/options/Theme.class(in = 3665) (out= 1630)(deflated 55%)
adding: org/junit/platform/console/shadow/(in = 0) (out= 0)(stored 0%)
adding: org/junit/platform/console/shadow/picocli/(in = 0) (out= 0)(stored 0%)
adding: org/junit/platform/console/shadow/picocli/AutoComplete$1.class(in = 1219) (out= 513)(deflated 57%)
adding: org/junit/platform/console/shadow/picocli/AutoComplete$App.class(in = 6423) (out= 2754)(deflated 57%)
adding: org/junit/platform/console/shadow/picocli/AutoComplete$Bashify.class(in = 1306) (out= 529)(deflated 59%)
adding: org/junit/platform/console/shadow/picocli/AutoComplete$BooleanArgFilter.class(in = 1713) (out= 628)(deflated 63%)
adding: org/junit/platform/console/shadow/picocli/AutoComplete$CommandDescriptor.class(in = 1007) (out= 557)(deflated 44%)
adding: org/junit/platform/console/shadow/picocli/AutoComplete$Function.class(in = 417) (out= 238)(deflated 42%)
adding: org/junit/platform/console/shadow/picocli/AutoComplete$NullFunction.class(in = 1344) (out= 538)(deflated 59%)
adding: org/junit/platform/console/shadow/picocli/AutoComplete$Predicate.class(in = 379) (out= 231)(deflated 39%)
adding: org/junit/platform/console/shadow/picocli/AutoComplete.class(in = 29480) (out= 11239)(deflated 61%)
adding: org/junit/platform/console/shadow/picocli/CommandLine$1.class(in = 1121) (out= 545)(deflated 51%)
adding: org/junit/platform/console/shadow/picocli/CommandLine$2.class(in = 1060) (out= 503)(deflated 52%)
adding: org/junit/platform/console/shadow/picocli/CommandLine$AbstractHandler.class(in = 4018) (out= 1311)(deflated 67%)
adding: org/junit/platform/console/shadow/picocli/CommandLine$AbstractParseResultHandler.class(in = 2397) (out= 774)(deflated 67%)
adding: org/junit/platform/console/shadow/picocli/CommandLine$Assert.class(in = 1451) (out= 717)(deflated 50%)
adding: org/junit/platform/console/shadow/picocli/CommandLine$AutoHelpMixin.class(in = 1119) (out= 563)(deflated 49%)
adding: org/junit/platform/console/shadow/picocli/CommandLine$BuiltIn$BigDecimalConverter.class(in = 1211) (out= 525)(deflated 56%)
adding: org/junit/platform/console/shadow/picocli/CommandLine$BuiltIn$BigIntegerConverter.class(in = 1211) (out= 523)(deflated 56%)
adding: org/junit/platform/console/shadow/picocli/CommandLine$BuiltIn$BooleanConverter.class(in = 1709) (out= 741)(deflated 56%)
adding: org/junit/platform/console/shadow/picocli/CommandLine$BuiltIn$ByteConverter.class(in = 1511) (out= 616)(deflated 59%)
adding: org/junit/platform/console/shadow/picocli/CommandLine$BuiltIn$ByteOrderConverter.class(in = 1726) (out= 747)(deflated 56%)
adding: org/junit/platform/console/shadow/picocli/CommandLine$BuiltIn$CharArrayConverter.class(in = 1157) (out= 514)(deflated 55%)
adding: org/junit/platform/console/shadow/picocli/CommandLine$BuiltIn$CharSequenceConverter.class(in = 1148) (out= 488)(deflated 57%)
adding: org/junit/platform/console/shadow/picocli/CommandLine$BuiltIn$CharacterConverter.class(in = 1675) (out= 719)(deflated 57%)
adding: org/junit/platform/console/shadow/picocli/CommandLine$BuiltIn$CharsetConverter.class(in = 1192) (out= 514)(deflated 56%)
adding: org/junit/platform/console/shadow/picocli/CommandLine$BuiltIn$ClassConverter.class(in = 1223) (out= 514)(deflated 57%)
adding: org/junit/platform/console/shadow/picocli/CommandLine$BuiltIn$CurrencyConverter.class(in = 1191) (out= 520)(deflated 56%)
adding: org/junit/platform/console/shadow/picocli/CommandLine$BuiltIn$DoubleConverter.class(in = 1523) (out= 615)(deflated 59%)
adding: org/junit/platform/console/shadow/picocli/CommandLine$BuiltIn$FileConverter.class(in = 1169) (out= 515)(deflated 55%)
adding: org/junit/platform/console/shadow/picocli/CommandLine$BuiltIn$FloatConverter.class(in = 1517) (out= 614)(deflated 59%)
adding: org/junit/platform/console/shadow/picocli/CommandLine$BuiltIn$ISO8601DateConverter.class(in = 1675) (out= 733)(deflated 56%)
adding: org/junit/platform/console/shadow/picocli/CommandLine$BuiltIn$ISO8601TimeConverter.class(in = 4196) (out= 1782)(deflated 57%)
adding: org/junit/platform/console/shadow/picocli/CommandLine$BuiltIn$InetAddressConverter.class(in = 1204) (out= 522)(deflated 56%)
adding: org/junit/platform/console/shadow/picocli/CommandLine$BuiltIn$IntegerConverter.class(in = 1572) (out= 641)(deflated 59%)
adding: org/junit/platform/console/shadow/picocli/CommandLine$BuiltIn$LongConverter.class(in = 1511) (out= 615)(deflated 59%)
adding: org/junit/platform/console/shadow/picocli/CommandLine$BuiltIn$NetworkInterfaceConverter.class(in = 2037) (out= 836)(deflated 58%)
adding: org/junit/platform/console/shadow/picocli/CommandLine$BuiltIn$PatternConverter.class(in = 1189) (out= 515)(deflated 56%)
adding: org/junit/platform/console/shadow/picocli/CommandLine$BuiltIn$ReflectionConverter.class(in = 2392) (out= 1001)(deflated 58%)
adding: org/junit/platform/console/shadow/picocli/CommandLine$BuiltIn$ShortConverter.class(in = 1517) (out= 613)(deflated 59%)
adding: org/junit/platform/console/shadow/picocli/CommandLine$BuiltIn$StringBuilderConverter.class(in = 1229) (out= 512)(deflated 58%)
adding: org/junit/platform/console/shadow/picocli/CommandLine$BuiltIn$StringConverter.class(in = 1124) (out= 479)(deflated 57%)
adding: org/junit/platform/console/shadow/picocli/CommandLine$BuiltIn$TimeZoneConverter.class(in = 1191) (out= 518)(deflated 56%)
adding: org/junit/platform/console/shadow/picocli/CommandLine$BuiltIn$URIConverter.class(in = 1209) (out= 529)(deflated 56%)
adding: org/junit/platform/console/shadow/picocli/CommandLine$BuiltIn$URLConverter.class(in = 1212) (out= 533)(deflated 56%)
adding: org/junit/platform/console/shadow/picocli/CommandLine$BuiltIn$UUIDConverter.class(in = 1166) (out= 515)(deflated 55%)
adding: org/junit/platform/console/shadow/picocli/CommandLine$BuiltIn.class(in = 8535) (out= 2512)(deflated 70%)
adding: org/junit/platform/console/shadow/picocli/CommandLine$Command.class(in = 2561) (out= 951)(deflated 62%)
adding: org/junit/platform/console/shadow/picocli/CommandLine$CosineSimilarity.class(in = 3641) (out= 1645)(deflated 54%)
adding: org/junit/platform/console/shadow/picocli/CommandLine$DefaultExceptionHandler.class(in = 5275) (out= 1288)(deflated 75%)
adding: org/junit/platform/console/shadow/picocli/CommandLine$DefaultFactory.class(in = 5563) (out= 1498)(deflated 73%)
adding: org/junit/platform/console/shadow/picocli/CommandLine$DefaultHelpFactory.class(in = 1863) (out= 556)(deflated 70%)
adding: org/junit/platform/console/shadow/picocli/CommandLine$DuplicateOptionAnnotationsException.class(in = 1768) (out= 729)(deflated 58%)
adding: org/junit/platform/console/shadow/picocli/CommandLine$ExecutionException.class(in = 1492) (out= 601)(deflated 59%)
adding: org/junit/platform/console/shadow/picocli/CommandLine$Help$1.class(in = 2465) (out= 734)(deflated 70%)
adding: org/junit/platform/console/shadow/picocli/CommandLine$Help$Ansi$IStyle.class(in = 541) (out= 287)(deflated 46%)
adding: org/junit/platform/console/shadow/picocli/CommandLine$Help$Ansi$Palette256Color.class(in = 1768) (out= 837)(deflated 52%)
adding: org/junit/platform/console/shadow/picocli/CommandLine$Help$Ansi$Style.class(in = 5418) (out= 2308)(deflated 57%)
adding: org/junit/platform/console/shadow/picocli/CommandLine$Help$Ansi$StyledSection.class(in = 1159) (out= 552)(deflated 52%)
adding: org/junit/platform/console/shadow/picocli/CommandLine$Help$Ansi$Text.class(in = 8819) (out= 3525)(deflated 60%)
adding: org/junit/platform/console/shadow/picocli/CommandLine$Help$Ansi.class(in = 7637) (out= 3127)(deflated 59%)
adding: org/junit/platform/console/shadow/picocli/CommandLine$Help$ColorScheme.class(in = 5096) (out= 1502)(deflated 70%)
adding: org/junit/platform/console/shadow/picocli/CommandLine$Help$Column$Overflow.class(in = 1569) (out= 652)(deflated 58%)
adding: org/junit/platform/console/shadow/picocli/CommandLine$Help$Column.class(in = 1126) (out= 490)(deflated 56%)
adding: org/junit/platform/console/shadow/picocli/CommandLine$Help$DefaultOptionRenderer.class(in = 7228) (out= 2420)(deflated 66%)
adding: org/junit/platform/console/shadow/picocli/CommandLine$Help$DefaultParamLabelRenderer.class(in = 5706) (out= 2093)(deflated 63%)
adding: org/junit/platform/console/shadow/picocli/CommandLine$Help$DefaultParameterRenderer.class(in = 5174) (out= 1746)(deflated 66%)
adding: org/junit/platform/console/shadow/picocli/CommandLine$Help$IOptionRenderer.class(in = 1234) (out= 376)(deflated 69%)
adding: org/junit/platform/console/shadow/picocli/CommandLine$Help$IParamLabelRenderer.class(in = 1417) (out= 419)(deflated 70%)
adding: org/junit/platform/console/shadow/picocli/CommandLine$Help$IParameterRenderer.class(in = 1267) (out= 379)(deflated 70%)
adding: org/junit/platform/console/shadow/picocli/CommandLine$Help$Layout.class(in = 7285) (out= 1861)(deflated 74%)
adding: org/junit/platform/console/shadow/picocli/CommandLine$Help$MinimalOptionRenderer.class(in = 3211) (out= 953)(deflated 70%)
adding: org/junit/platform/console/shadow/picocli/CommandLine$Help$MinimalParameterRenderer.class(in = 2814) (out= 836)(deflated 70%)
adding: org/junit/platform/console/shadow/picocli/CommandLine$Help$ShortestFirst.class(in = 1442) (out= 655)(deflated 54%)
adding: org/junit/platform/console/shadow/picocli/CommandLine$Help$SortByOptionArityAndNameAlphabetically.class(in = 1876) (out= 736)(deflated 60%)
adding: org/junit/platform/console/shadow/picocli/CommandLine$Help$SortByOptionOrder.class(in = 1448) (out= 562)(deflated 61%)
adding: org/junit/platform/console/shadow/picocli/CommandLine$Help$SortByShortestOptionNameAlphabetically.class(in = 1969) (out= 799)(deflated 59%)
adding: org/junit/platform/console/shadow/picocli/CommandLine$Help$TextTable$Cell.class(in = 745) (out= 373)(deflated 49%)
adding: org/junit/platform/console/shadow/picocli/CommandLine$Help$TextTable.class(in = 10198) (out= 4237)(deflated 58%)
adding: org/junit/platform/console/shadow/picocli/CommandLine$Help$Visibility.class(in = 1457) (out= 638)(deflated 56%)
adding: org/junit/platform/console/shadow/picocli/CommandLine$Help.class(in = 33557) (out= 10791)(deflated 67%)
adding: org/junit/platform/console/shadow/picocli/CommandLine$HelpCommand.class(in = 4031) (out= 1585)(deflated 60%)
adding: org/junit/platform/console/shadow/picocli/CommandLine$IDefaultValueProvider.class(in = 616) (out= 285)(deflated 53%)
adding: org/junit/platform/console/shadow/picocli/CommandLine$IExceptionHandler.class(in = 1093) (out= 393)(deflated 64%)
adding: org/junit/platform/console/shadow/picocli/CommandLine$IExceptionHandler2.class(in = 1257) (out= 363)(deflated 71%)
adding: org/junit/platform/console/shadow/picocli/CommandLine$IFactory.class(in = 432) (out= 258)(deflated 40%)
adding: org/junit/platform/console/shadow/picocli/CommandLine$IHelpCommandInitializable.class(in = 635) (out= 270)(deflated 57%)
adding: org/junit/platform/console/shadow/picocli/CommandLine$IHelpFactory.class(in = 847) (out= 294)(deflated 65%)
adding: org/junit/platform/console/shadow/picocli/CommandLine$IHelpSectionRenderer.class(in = 458) (out= 228)(deflated 50%)
adding: org/junit/platform/console/shadow/picocli/CommandLine$IParseResultHandler.class(in = 1025) (out= 396)(deflated 61%)
adding: org/junit/platform/console/shadow/picocli/CommandLine$IParseResultHandler2.class(in = 766) (out= 307)(deflated 59%)
adding: org/junit/platform/console/shadow/picocli/CommandLine$ITypeConverter.class(in = 471) (out= 265)(deflated 43%)
adding: org/junit/platform/console/shadow/picocli/CommandLine$IVersionProvider.class(in = 364) (out= 231)(deflated 36%)
adding: org/junit/platform/console/shadow/picocli/CommandLine$InitializationException.class(in = 919) (out= 445)(deflated 51%)
adding: org/junit/platform/console/shadow/picocli/CommandLine$Interpreter$1.class(in = 3478) (out= 1385)(deflated 60%)
adding: org/junit/platform/console/shadow/picocli/CommandLine$Interpreter.class(in = 63676) (out= 23434)(deflated 63%)
adding: org/junit/platform/console/shadow/picocli/CommandLine$LookBehind.class(in = 1455) (out= 673)(deflated 53%)
adding: org/junit/platform/console/shadow/picocli/CommandLine$MaxValuesExceededException.class(in = 858) (out= 410)(deflated 52%)
adding: org/junit/platform/console/shadow/picocli/CommandLine$MissingParameterException.class(in = 4741) (out= 1635)(deflated 65%)
adding: org/junit/platform/console/shadow/picocli/CommandLine$MissingTypeConverterException.class(in = 867) (out= 411)(deflated 52%)
adding: org/junit/platform/console/shadow/picocli/CommandLine$Mixin.class(in = 607) (out= 355)(deflated 41%)
adding: org/junit/platform/console/shadow/picocli/CommandLine$Model$ArgSpec$Builder.class(in = 15540) (out= 3283)(deflated 78%)
adding: org/junit/platform/console/shadow/picocli/CommandLine$Model$ArgSpec.class(in = 23040) (out= 8012)(deflated 65%)
adding: org/junit/platform/console/shadow/picocli/CommandLine$Model$ArgsReflection.class(in = 13304) (out= 4514)(deflated 66%)
adding: org/junit/platform/console/shadow/picocli/CommandLine$Model$CommandReflection$1.class(in = 2151) (out= 789)(deflated 63%)
adding: org/junit/platform/console/shadow/picocli/CommandLine$Model$CommandReflection.class(in = 22747) (out= 7519)(deflated 66%)
adding: org/junit/platform/console/shadow/picocli/CommandLine$Model$CommandSpec.class(in = 32498) (out= 10386)(deflated 68%)
adding: org/junit/platform/console/shadow/picocli/CommandLine$Model$FieldBinding.class(in = 2133) (out= 919)(deflated 56%)
adding: org/junit/platform/console/shadow/picocli/CommandLine$Model$IGetter.class(in = 475) (out= 267)(deflated 43%)
adding: org/junit/platform/console/shadow/picocli/CommandLine$Model$ISetter.class(in = 496) (out= 270)(deflated 45%)
adding: org/junit/platform/console/shadow/picocli/CommandLine$Model$Messages.class(in = 4801) (out= 1879)(deflated 60%)
adding: org/junit/platform/console/shadow/picocli/CommandLine$Model$MethodBinding.class(in = 3208) (out= 1236)(deflated 61%)
adding: org/junit/platform/console/shadow/picocli/CommandLine$Model$MethodParam.class(in = 3541) (out= 1554)(deflated 56%)
adding: org/junit/platform/console/shadow/picocli/CommandLine$Model$ObjectBinding.class(in = 1464) (out= 579)(deflated 60%)
adding: org/junit/platform/console/shadow/picocli/CommandLine$Model$OptionSpec$Builder.class(in = 7934) (out= 2031)(deflated 74%)
adding: org/junit/platform/console/shadow/picocli/CommandLine$Model$OptionSpec.class(in = 7369) (out= 2560)(deflated 65%)
adding: org/junit/platform/console/shadow/picocli/CommandLine$Model$ParserSpec.class(in = 7144) (out= 2474)(deflated 65%)
adding: org/junit/platform/console/shadow/picocli/CommandLine$Model$PicocliInvocationHandler$ProxyBinding.class(in = 2093) (out= 807)(deflated 61%)
adding: org/junit/platform/console/shadow/picocli/CommandLine$Model$PicocliInvocationHandler.class(in = 1693) (out= 704)(deflated 58%)
adding: org/junit/platform/console/shadow/picocli/CommandLine$Model$PositionalParamSpec$Builder.class(in = 6774) (out= 1642)(deflated 75%)
adding: org/junit/platform/console/shadow/picocli/CommandLine$Model$PositionalParamSpec.class(in = 5115) (out= 1581)(deflated 69%)
adding: org/junit/platform/console/shadow/picocli/CommandLine$Model$TypedMember.class(in = 11713) (out= 4224)(deflated 63%)
adding: org/junit/platform/console/shadow/picocli/CommandLine$Model$UnmatchedArgsBinding.class(in = 3553) (out= 1287)(deflated 63%)
adding: org/junit/platform/console/shadow/picocli/CommandLine$Model$UsageMessageSpec$1.class(in = 1460) (out= 546)(deflated 62%)
adding: org/junit/platform/console/shadow/picocli/CommandLine$Model$UsageMessageSpec$10.class(in = 1436) (out= 539)(deflated 62%)
adding: org/junit/platform/console/shadow/picocli/CommandLine$Model$UsageMessageSpec$11.class(in = 1467) (out= 549)(deflated 62%)
adding: org/junit/platform/console/shadow/picocli/CommandLine$Model$UsageMessageSpec$12.class(in = 1437) (out= 538)(deflated 62%)
adding: org/junit/platform/console/shadow/picocli/CommandLine$Model$UsageMessageSpec$13.class(in = 1462) (out= 552)(deflated 62%)
adding: org/junit/platform/console/shadow/picocli/CommandLine$Model$UsageMessageSpec$14.class(in = 1455) (out= 544)(deflated 62%)
adding: org/junit/platform/console/shadow/picocli/CommandLine$Model$UsageMessageSpec$2.class(in = 1453) (out= 539)(deflated 62%)
adding: org/junit/platform/console/shadow/picocli/CommandLine$Model$UsageMessageSpec$3.class(in = 1462) (out= 549)(deflated 62%)
adding: org/junit/platform/console/shadow/picocli/CommandLine$Model$UsageMessageSpec$4.class(in = 1477) (out= 564)(deflated 61%)
adding: org/junit/platform/console/shadow/picocli/CommandLine$Model$UsageMessageSpec$5.class(in = 1465) (out= 549)(deflated 62%)
adding: org/junit/platform/console/shadow/picocli/CommandLine$Model$UsageMessageSpec$6.class(in = 1458) (out= 546)(deflated 62%)
adding: org/junit/platform/console/shadow/picocli/CommandLine$Model$UsageMessageSpec$7.class(in = 1467) (out= 552)(deflated 62%)
adding: org/junit/platform/console/shadow/picocli/CommandLine$Model$UsageMessageSpec$8.class(in = 1437) (out= 538)(deflated 62%)
adding: org/junit/platform/console/shadow/picocli/CommandLine$Model$UsageMessageSpec$9.class(in = 1464) (out= 550)(deflated 62%)
adding: org/junit/platform/console/shadow/picocli/CommandLine$Model$UsageMessageSpec.class(in = 17520) (out= 5767)(deflated 67%)
adding: org/junit/platform/console/shadow/picocli/CommandLine$Model.class(in = 3642) (out= 1126)(deflated 69%)
adding: org/junit/platform/console/shadow/picocli/CommandLine$NoCompletionCandidates.class(in = 813) (out= 420)(deflated 48%)
adding: org/junit/platform/console/shadow/picocli/CommandLine$NoDefaultProvider.class(in = 1088) (out= 459)(deflated 57%)
adding: org/junit/platform/console/shadow/picocli/CommandLine$NoVersionProvider.class(in = 792) (out= 401)(deflated 49%)
adding: org/junit/platform/console/shadow/picocli/CommandLine$Option.class(in = 2180) (out= 849)(deflated 61%)
adding: org/junit/platform/console/shadow/picocli/CommandLine$OverwrittenOptionException.class(in = 1474) (out= 549)(deflated 62%)
adding: org/junit/platform/console/shadow/picocli/CommandLine$ParameterException.class(in = 4040) (out= 1487)(deflated 63%)
adding: org/junit/platform/console/shadow/picocli/CommandLine$ParameterIndexGapException.class(in = 730) (out= 377)(deflated 48%)
adding: org/junit/platform/console/shadow/picocli/CommandLine$Parameters.class(in = 1993) (out= 758)(deflated 61%)
adding: org/junit/platform/console/shadow/picocli/CommandLine$ParentCommand.class(in = 536) (out= 301)(deflated 43%)
adding: org/junit/platform/console/shadow/picocli/CommandLine$ParseResult$Builder.class(in = 9673) (out= 2674)(deflated 72%)
adding: org/junit/platform/console/shadow/picocli/CommandLine$ParseResult.class(in = 9364) (out= 2516)(deflated 73%)
adding: org/junit/platform/console/shadow/picocli/CommandLine$PicocliException.class(in = 781) (out= 421)(deflated 46%)
adding: org/junit/platform/console/shadow/picocli/CommandLine$PositionalParametersSorter.class(in = 2476) (out= 881)(deflated 64%)
adding: org/junit/platform/console/shadow/picocli/CommandLine$Range.class(in = 8645) (out= 3442)(deflated 60%)
adding: org/junit/platform/console/shadow/picocli/CommandLine$RunAll.class(in = 4370) (out= 1346)(deflated 69%)
adding: org/junit/platform/console/shadow/picocli/CommandLine$RunFirst.class(in = 3882) (out= 1126)(deflated 70%)
adding: org/junit/platform/console/shadow/picocli/CommandLine$RunLast.class(in = 3619) (out= 1095)(deflated 69%)
adding: org/junit/platform/console/shadow/picocli/CommandLine$Spec.class(in = 532) (out= 307)(deflated 42%)
adding: org/junit/platform/console/shadow/picocli/CommandLine$TraceLevel.class(in = 3112) (out= 1273)(deflated 59%)
adding: org/junit/platform/console/shadow/picocli/CommandLine$Tracer.class(in = 1941) (out= 746)(deflated 61%)
adding: org/junit/platform/console/shadow/picocli/CommandLine$TypeConversionException.class(in = 707) (out= 364)(deflated 48%)
adding: org/junit/platform/console/shadow/picocli/CommandLine$Unmatched.class(in = 528) (out= 302)(deflated 42%)
adding: org/junit/platform/console/shadow/picocli/CommandLine$UnmatchedArgumentException.class(in = 6539) (out= 2590)(deflated 60%)
adding: org/junit/platform/console/shadow/picocli/CommandLine.class(in = 55258) (out= 14358)(deflated 74%)
adding: org/junit/platform/console/shadow/picocli/groovy/(in = 0) (out= 0)(stored 0%)
adding: org/junit/platform/console/shadow/picocli/groovy/PicocliBaseScript.class(in = 5887) (out= 2429)(deflated 58%)
adding: org/junit/platform/console/shadow/picocli/groovy/PicocliScript.class(in = 847) (out= 452)(deflated 46%)
adding: org/junit/platform/console/shadow/picocli/groovy/PicocliScriptASTTransformation.class(in = 8890) (out= 3533)(deflated 60%)
adding: org/junit/platform/console/tasks/(in = 0) (out= 0)(stored 0%)
adding: org/junit/platform/console/tasks/Color$1.class(in = 898) (out= 510)(deflated 43%)
adding: org/junit/platform/console/tasks/Color.class(in = 3137) (out= 1519)(deflated 51%)
adding: org/junit/platform/console/tasks/ConsoleTestExecutor$1.class(in = 872) (out= 507)(deflated 41%)
adding: org/junit/platform/console/tasks/ConsoleTestExecutor.class(in = 10203) (out= 3788)(deflated 62%)
adding: org/junit/platform/console/tasks/CustomContextClassLoaderExecutor.class(in = 2091) (out= 911)(deflated 56%)
adding: org/junit/platform/console/tasks/DiscoveryRequestCreator.class(in = 9121) (out= 3160)(deflated 65%)
adding: org/junit/platform/console/tasks/FlatPrintingListener.class(in = 6503) (out= 2581)(deflated 60%)
adding: org/junit/platform/console/tasks/TreeNode.class(in = 3540) (out= 1450)(deflated 59%)
adding: org/junit/platform/console/tasks/TreePrinter.class(in = 8859) (out= 3890)(deflated 56%)
adding: org/junit/platform/console/tasks/TreePrintingListener.class(in = 5528) (out= 1842)(deflated 66%)
adding: org/junit/platform/console/tasks/VerboseTreePrintingListener.class(in = 8878) (out= 3919)(deflated 55%)
adding: org/junit/platform/engine/(in = 0) (out= 0)(stored 0%)
adding: org/junit/platform/engine/CompositeFilter$1.class(in = 1366) (out= 616)(deflated 54%)
adding: org/junit/platform/engine/CompositeFilter.class(in = 5134) (out= 1916)(deflated 62%)
adding: org/junit/platform/engine/ConfigurationParameters.class(in = 2932) (out= 1210)(deflated 58%)
adding: org/junit/platform/engine/DiscoveryFilter.class(in = 531) (out= 300)(deflated 43%)
adding: org/junit/platform/engine/DiscoverySelector.class(in = 393) (out= 256)(deflated 34%)
adding: org/junit/platform/engine/EngineDiscoveryListener$1.class(in = 466) (out= 277)(deflated 40%)
adding: org/junit/platform/engine/EngineDiscoveryListener.class(in = 1112) (out= 526)(deflated 52%)
adding: org/junit/platform/engine/EngineDiscoveryRequest.class(in = 1231) (out= 543)(deflated 55%)
adding: org/junit/platform/engine/EngineExecutionListener.class(in = 859) (out= 407)(deflated 52%)
adding: org/junit/platform/engine/ExecutionRequest.class(in = 1527) (out= 610)(deflated 60%)
adding: org/junit/platform/engine/Filter.class(in = 4311) (out= 1550)(deflated 64%)
adding: org/junit/platform/engine/FilterResult.class(in = 3376) (out= 1353)(deflated 59%)
adding: org/junit/platform/engine/SelectorResolutionResult$Status.class(in = 1331) (out= 609)(deflated 54%)
adding: org/junit/platform/engine/SelectorResolutionResult.class(in = 2236) (out= 953)(deflated 57%)
adding: org/junit/platform/engine/TestDescriptor$Type.class(in = 1465) (out= 695)(deflated 52%)
adding: org/junit/platform/engine/TestDescriptor$Visitor.class(in = 368) (out= 231)(deflated 37%)
adding: org/junit/platform/engine/TestDescriptor.class(in = 4712) (out= 1952)(deflated 58%)
adding: org/junit/platform/engine/TestEngine.class(in = 2941) (out= 1327)(deflated 54%)
adding: org/junit/platform/engine/TestExecutionResult$Status.class(in = 1290) (out= 615)(deflated 52%)
adding: org/junit/platform/engine/TestExecutionResult.class(in = 2322) (out= 1004)(deflated 56%)
adding: org/junit/platform/engine/TestSource.class(in = 407) (out= 268)(deflated 34%)
adding: org/junit/platform/engine/TestTag.class(in = 3777) (out= 1828)(deflated 51%)
adding: org/junit/platform/engine/UniqueId$Segment.class(in = 2106) (out= 1054)(deflated 49%)
adding: org/junit/platform/engine/UniqueId.class(in = 6699) (out= 2724)(deflated 59%)
adding: org/junit/platform/engine/UniqueIdFormat.class(in = 7237) (out= 3211)(deflated 55%)
adding: org/junit/platform/engine/discovery/(in = 0) (out= 0)(stored 0%)
adding: org/junit/platform/engine/discovery/AbstractClassNameFilter.class(in = 3184) (out= 1295)(deflated 59%)
adding: org/junit/platform/engine/discovery/ClassNameFilter.class(in = 1187) (out= 569)(deflated 52%)
adding: org/junit/platform/engine/discovery/ClassSelector.class(in = 3460) (out= 1469)(deflated 57%)
adding: org/junit/platform/engine/discovery/ClasspathResourceSelector.class(in = 1907) (out= 925)(deflated 51%)
adding: org/junit/platform/engine/discovery/ClasspathRootSelector.class(in = 1686) (out= 821)(deflated 51%)
adding: org/junit/platform/engine/discovery/DirectorySelector.class(in = 1988) (out= 937)(deflated 52%)
adding: org/junit/platform/engine/discovery/DiscoverySelectors.class(in = 15477) (out= 4377)(deflated 71%)
adding: org/junit/platform/engine/discovery/ExcludeClassNameFilter.class(in = 3848) (out= 1467)(deflated 61%)
adding: org/junit/platform/engine/discovery/ExcludePackageNameFilter.class(in = 5406) (out= 2148)(deflated 60%)
adding: org/junit/platform/engine/discovery/FileSelector.class(in = 1968) (out= 928)(deflated 52%)
adding: org/junit/platform/engine/discovery/IncludeClassNameFilter.class(in = 3813) (out= 1429)(deflated 62%)
adding: org/junit/platform/engine/discovery/IncludePackageNameFilter.class(in = 5399) (out= 2135)(deflated 60%)
adding: org/junit/platform/engine/discovery/MethodSelector.class(in = 6514) (out= 2513)(deflated 61%)
adding: org/junit/platform/engine/discovery/ModuleSelector.class(in = 1652) (out= 807)(deflated 51%)
adding: org/junit/platform/engine/discovery/NestedClassSelector.class(in = 4392) (out= 1657)(deflated 62%)
adding: org/junit/platform/engine/discovery/NestedMethodSelector.class(in = 4994) (out= 1641)(deflated 67%)
adding: org/junit/platform/engine/discovery/PackageNameFilter.class(in = 1647) (out= 640)(deflated 61%)
adding: org/junit/platform/engine/discovery/PackageSelector.class(in = 1657) (out= 807)(deflated 51%)
adding: org/junit/platform/engine/discovery/UniqueIdSelector.class(in = 1749) (out= 819)(deflated 53%)
adding: org/junit/platform/engine/discovery/UriSelector.class(in = 1636) (out= 810)(deflated 50%)
adding: org/junit/platform/engine/reporting/(in = 0) (out= 0)(stored 0%)
adding: org/junit/platform/engine/reporting/ReportEntry.class(in = 3662) (out= 1452)(deflated 60%)
adding: org/junit/platform/engine/support/(in = 0) (out= 0)(stored 0%)
adding: org/junit/platform/engine/support/config/(in = 0) (out= 0)(stored 0%)
adding: org/junit/platform/engine/support/config/PrefixedConfigurationParameters.class(in = 2492) (out= 1006)(deflated 59%)
adding: org/junit/platform/engine/support/descriptor/(in = 0) (out= 0)(stored 0%)
adding: org/junit/platform/engine/support/descriptor/AbstractTestDescriptor.class(in = 6235) (out= 2523)(deflated 59%)
adding: org/junit/platform/engine/support/descriptor/ClassSource.class(in = 5756) (out= 2078)(deflated 63%)
adding: org/junit/platform/engine/support/descriptor/ClasspathResourceSource.class(in = 4990) (out= 2074)(deflated 58%)
adding: org/junit/platform/engine/support/descriptor/CompositeTestSource.class(in = 2765) (out= 1185)(deflated 57%)
adding: org/junit/platform/engine/support/descriptor/DefaultUriSource.class(in = 1602) (out= 796)(deflated 50%)
adding: org/junit/platform/engine/support/descriptor/DirectorySource.class(in = 2577) (out= 1227)(deflated 52%)
adding: org/junit/platform/engine/support/descriptor/EngineDescriptor.class(in = 1137) (out= 526)(deflated 53%)
adding: org/junit/platform/engine/support/descriptor/FilePosition.class(in = 5140) (out= 2364)(deflated 54%)
adding: org/junit/platform/engine/support/descriptor/FileSource.class(in = 3567) (out= 1533)(deflated 57%)
adding: org/junit/platform/engine/support/descriptor/FileSystemSource.class(in = 509) (out= 304)(deflated 40%)
adding: org/junit/platform/engine/support/descriptor/MethodSource.class(in = 4776) (out= 1798)(deflated 62%)
adding: org/junit/platform/engine/support/descriptor/PackageSource.class(in = 2476) (out= 1098)(deflated 55%)
adding: org/junit/platform/engine/support/descriptor/ResourceUtils.class(in = 1101) (out= 600)(deflated 45%)
adding: org/junit/platform/engine/support/descriptor/UriSource.class(in = 3448) (out= 1475)(deflated 57%)
adding: org/junit/platform/engine/support/discovery/(in = 0) (out= 0)(stored 0%)
adding: org/junit/platform/engine/support/discovery/ClassContainerSelectorResolver.class(in = 4769) (out= 1399)(deflated 70%)
adding: org/junit/platform/engine/support/discovery/EngineDiscoveryRequestResolution$DefaultContext.class(in = 7567) (out= 2401)(deflated 68%)
adding: org/junit/platform/engine/support/discovery/EngineDiscoveryRequestResolution.class(in = 17217) (out= 4327)(deflated 74%)
adding: org/junit/platform/engine/support/discovery/EngineDiscoveryRequestResolver$1.class(in = 326) (out= 195)(deflated 40%)
adding: org/junit/platform/engine/support/discovery/EngineDiscoveryRequestResolver$Builder.class(in = 7139) (out= 1674)(deflated 76%)
adding: org/junit/platform/engine/support/discovery/EngineDiscoveryRequestResolver$DefaultInitializationContext.class(in = 3136) (out= 1010)(deflated 67%)
adding: org/junit/platform/engine/support/discovery/EngineDiscoveryRequestResolver$InitializationContext.class(in = 970) (out= 461)(deflated 52%)
adding: org/junit/platform/engine/support/discovery/EngineDiscoveryRequestResolver.class(in = 7036) (out= 1876)(deflated 73%)
adding: org/junit/platform/engine/support/discovery/SelectorResolver$Context.class(in = 1338) (out= 475)(deflated 64%)
adding: org/junit/platform/engine/support/discovery/SelectorResolver$Match$Type.class(in = 1440) (out= 619)(deflated 57%)
adding: org/junit/platform/engine/support/discovery/SelectorResolver$Match.class(in = 3843) (out= 1302)(deflated 66%)
adding: org/junit/platform/engine/support/discovery/SelectorResolver$Resolution.class(in = 3427) (out= 1173)(deflated 65%)
adding: org/junit/platform/engine/support/discovery/SelectorResolver.class(in = 5485) (out= 843)(deflated 84%)
adding: org/junit/platform/engine/support/filter/(in = 0) (out= 0)(stored 0%)
adding: org/junit/platform/engine/support/filter/ClasspathScanningSupport.class(in = 2514) (out= 935)(deflated 62%)
adding: org/junit/platform/engine/support/hierarchical/(in = 0) (out= 0)(stored 0%)
adding: org/junit/platform/engine/support/hierarchical/CompositeLock$1.class(in = 281) (out= 190)(deflated 32%)
adding: org/junit/platform/engine/support/hierarchical/CompositeLock$CompositeLockManagedBlocker.class(in = 1486) (out= 606)(deflated 59%)
adding: org/junit/platform/engine/support/hierarchical/CompositeLock.class(in = 2840) (out= 1223)(deflated 56%)
adding: org/junit/platform/engine/support/hierarchical/DefaultParallelExecutionConfiguration.class(in = 1207) (out= 546)(deflated 54%)
adding: org/junit/platform/engine/support/hierarchical/DefaultParallelExecutionConfigurationStrategy$1.class(in = 2607) (out= 1001)(deflated 61%)
adding: org/junit/platform/engine/support/hierarchical/DefaultParallelExecutionConfigurationStrategy$2.class(in = 3277) (out= 1312)(deflated 59%)
adding: org/junit/platform/engine/support/hierarchical/DefaultParallelExecutionConfigurationStrategy$3.class(in = 5177) (out= 1637)(deflated 68%)
adding: org/junit/platform/engine/support/hierarchical/DefaultParallelExecutionConfigurationStrategy.class(in = 3519) (out= 1250)(deflated 64%)
adding: org/junit/platform/engine/support/hierarchical/EngineExecutionContext.class(in = 428) (out= 274)(deflated 35%)
adding: org/junit/platform/engine/support/hierarchical/ExclusiveResource$LockMode.class(in = 1379) (out= 600)(deflated 56%)
adding: org/junit/platform/engine/support/hierarchical/ExclusiveResource.class(in = 2444) (out= 1088)(deflated 55%)
adding: org/junit/platform/engine/support/hierarchical/ForkJoinPoolHierarchicalTestExecutorService$ExclusiveTask.class(in = 1934) (out= 793)(deflated 58%)
adding: org/junit/platform/engine/support/hierarchical/ForkJoinPoolHierarchicalTestExecutorService$WorkerThread.class(in = 929) (out= 408)(deflated 56%)
adding: org/junit/platform/engine/support/hierarchical/ForkJoinPoolHierarchicalTestExecutorService$WorkerThreadFactory.class(in = 1420) (out= 554)(deflated 60%)
adding: org/junit/platform/engine/support/hierarchical/ForkJoinPoolHierarchicalTestExecutorService.class(in = 11088) (out= 3731)(deflated 66%)
adding: org/junit/platform/engine/support/hierarchical/HierarchicalTestEngine.class(in = 4591) (out= 1527)(deflated 66%)
adding: org/junit/platform/engine/support/hierarchical/HierarchicalTestExecutor.class(in = 4077) (out= 1092)(deflated 73%)
adding: org/junit/platform/engine/support/hierarchical/HierarchicalTestExecutorService$TestTask.class(in = 692) (out= 284)(deflated 58%)
adding: org/junit/platform/engine/support/hierarchical/HierarchicalTestExecutorService.class(in = 1078) (out= 451)(deflated 58%)
adding: org/junit/platform/engine/support/hierarchical/LockManager.class(in = 6333) (out= 2110)(deflated 66%)
adding: org/junit/platform/engine/support/hierarchical/Node$DynamicTestExecutor.class(in = 421) (out= 262)(deflated 37%)
adding: org/junit/platform/engine/support/hierarchical/Node$ExecutionMode.class(in = 1621) (out= 751)(deflated 53%)
adding: org/junit/platform/engine/support/hierarchical/Node$Invocation.class(in = 759) (out= 393)(deflated 48%)
adding: org/junit/platform/engine/support/hierarchical/Node$SkipResult.class(in = 1908) (out= 852)(deflated 55%)
adding: org/junit/platform/engine/support/hierarchical/Node.class(in = 5264) (out= 1291)(deflated 75%)
adding: org/junit/platform/engine/support/hierarchical/NodeExecutionAdvisor.class(in = 3570) (out= 1169)(deflated 67%)
adding: org/junit/platform/engine/support/hierarchical/NodeTestTask$1.class(in = 278) (out= 190)(deflated 31%)
adding: org/junit/platform/engine/support/hierarchical/NodeTestTask$DefaultDynamicTestExecutor.class(in = 5360) (out= 1861)(deflated 65%)
adding: org/junit/platform/engine/support/hierarchical/NodeTestTask.class(in = 13921) (out= 4294)(deflated 69%)
adding: org/junit/platform/engine/support/hierarchical/NodeTestTaskContext.class(in = 1991) (out= 616)(deflated 69%)
adding: org/junit/platform/engine/support/hierarchical/NodeTreeWalker.class(in = 5325) (out= 1653)(deflated 68%)
adding: org/junit/platform/engine/support/hierarchical/NodeUtils$1.class(in = 530) (out= 291)(deflated 45%)
adding: org/junit/platform/engine/support/hierarchical/NodeUtils.class(in = 1127) (out= 487)(deflated 56%)
adding: org/junit/platform/engine/support/hierarchical/NopLock.class(in = 770) (out= 372)(deflated 51%)
adding: org/junit/platform/engine/support/hierarchical/OpenTest4JAwareThrowableCollector.class(in = 1489) (out= 699)(deflated 53%)
adding: org/junit/platform/engine/support/hierarchical/ParallelExecutionConfiguration.class(in = 587) (out= 366)(deflated 37%)
adding: org/junit/platform/engine/support/hierarchical/ParallelExecutionConfigurationStrategy.class(in = 627) (out= 331)(deflated 47%)
adding: org/junit/platform/engine/support/hierarchical/ResourceLock.class(in = 810) (out= 448)(deflated 44%)
adding: org/junit/platform/engine/support/hierarchical/SameThreadHierarchicalTestExecutorService.class(in = 2679) (out= 951)(deflated 64%)
adding: org/junit/platform/engine/support/hierarchical/SingleLock$1.class(in = 272) (out= 182)(deflated 33%)
adding: org/junit/platform/engine/support/hierarchical/SingleLock$SingleLockManagedBlocker.class(in = 1687) (out= 695)(deflated 58%)
adding: org/junit/platform/engine/support/hierarchical/SingleLock.class(in = 1723) (out= 665)(deflated 61%)
adding: org/junit/platform/engine/support/hierarchical/SingleTestExecutor$Executable.class(in = 479) (out= 296)(deflated 38%)
adding: org/junit/platform/engine/support/hierarchical/SingleTestExecutor.class(in = 1719) (out= 746)(deflated 56%)
adding: org/junit/platform/engine/support/hierarchical/ThrowableCollector$Executable.class(in = 436) (out= 267)(deflated 38%)
adding: org/junit/platform/engine/support/hierarchical/ThrowableCollector$Factory.class(in = 373) (out= 201)(deflated 46%)
adding: org/junit/platform/engine/support/hierarchical/ThrowableCollector.class(in = 3292) (out= 1383)(deflated 57%)
adding: org/junit/platform/launcher/(in = 0) (out= 0)(stored 0%)
adding: org/junit/platform/launcher/EngineFilter$Type.class(in = 1479) (out= 690)(deflated 53%)
adding: org/junit/platform/launcher/EngineFilter.class(in = 6301) (out= 2332)(deflated 62%)
adding: org/junit/platform/launcher/Launcher.class(in = 856) (out= 365)(deflated 57%)
adding: org/junit/platform/launcher/LauncherConstants.class(in = 1067) (out= 569)(deflated 46%)
adding: org/junit/platform/launcher/LauncherDiscoveryRequest.class(in = 712) (out= 362)(deflated 49%)
adding: org/junit/platform/launcher/PostDiscoveryFilter.class(in = 558) (out= 311)(deflated 44%)
adding: org/junit/platform/launcher/TagFilter.class(in = 6769) (out= 2221)(deflated 67%)
adding: org/junit/platform/launcher/TestExecutionListener.class(in = 1808) (out= 612)(deflated 66%)
adding: org/junit/platform/launcher/TestIdentifier.class(in = 5556) (out= 2188)(deflated 60%)
adding: org/junit/platform/launcher/TestPlan.class(in = 8599) (out= 3265)(deflated 62%)
adding: org/junit/platform/launcher/core/(in = 0) (out= 0)(stored 0%)
adding: org/junit/platform/launcher/core/DefaultDiscoveryRequest.class(in = 4597) (out= 1489)(deflated 67%)
adding: org/junit/platform/launcher/core/DefaultLauncher.class(in = 17407) (out= 5838)(deflated 66%)
adding: org/junit/platform/launcher/core/DefaultLauncherConfig.class(in = 1871) (out= 667)(deflated 64%)
adding: org/junit/platform/launcher/core/EngineDiscoveryResultValidator.class(in = 3222) (out= 1427)(deflated 55%)
adding: org/junit/platform/launcher/core/ExecutionListenerAdapter.class(in = 2975) (out= 950)(deflated 68%)
adding: org/junit/platform/launcher/core/InternalTestPlan.class(in = 4943) (out= 1802)(deflated 63%)
adding: org/junit/platform/launcher/core/LauncherConfig$1.class(in = 256) (out= 172)(deflated 32%)
adding: org/junit/platform/launcher/core/LauncherConfig$Builder.class(in = 2804) (out= 1023)(deflated 63%)
adding: org/junit/platform/launcher/core/LauncherConfig.class(in = 1154) (out= 530)(deflated 54%)
adding: org/junit/platform/launcher/core/LauncherConfigurationParameters.class(in = 7904) (out= 3206)(deflated 59%)
adding: org/junit/platform/launcher/core/LauncherDiscoveryRequestBuilder.class(in = 6727) (out= 2247)(deflated 66%)
adding: org/junit/platform/launcher/core/LauncherFactory.class(in = 4122) (out= 1629)(deflated 60%)
adding: org/junit/platform/launcher/core/Root.class(in = 5226) (out= 1813)(deflated 65%)
adding: org/junit/platform/launcher/core/ServiceLoaderTestEngineRegistry.class(in = 5661) (out= 2184)(deflated 61%)
adding: org/junit/platform/launcher/core/ServiceLoaderTestExecutionListenerRegistry.class(in = 3086) (out= 1198)(deflated 61%)
adding: org/junit/platform/launcher/core/StreamInterceptingTestExecutionListener.class(in = 5882) (out= 2150)(deflated 63%)
adding: org/junit/platform/launcher/core/StreamInterceptor$RewindableByteArrayOutputStream.class(in = 1630) (out= 849)(deflated 47%)
adding: org/junit/platform/launcher/core/StreamInterceptor.class(in = 4348) (out= 1765)(deflated 59%)
adding: org/junit/platform/launcher/core/TestExecutionListenerRegistry$1.class(in = 301) (out= 190)(deflated 36%)
adding: org/junit/platform/launcher/core/TestExecutionListenerRegistry$CompositeTestExecutionListener.class(in = 9620) (out= 2318)(deflated 75%)
adding: org/junit/platform/launcher/core/TestExecutionListenerRegistry$EagerTestExecutionListener.class(in = 1005) (out= 385)(deflated 61%)
adding: org/junit/platform/launcher/core/TestExecutionListenerRegistry.class(in = 6859) (out= 2234)(deflated 67%)
adding: org/junit/platform/launcher/listeners/(in = 0) (out= 0)(stored 0%)
adding: org/junit/platform/launcher/listeners/LegacyReportingUtils.class(in = 3551) (out= 1410)(deflated 60%)
adding: org/junit/platform/launcher/listeners/LoggingListener.class(in = 5783) (out= 2006)(deflated 65%)
adding: org/junit/platform/launcher/listeners/MutableTestExecutionSummary$DefaultFailure.class(in = 1168) (out= 491)(deflated 57%)
adding: org/junit/platform/launcher/listeners/MutableTestExecutionSummary.class(in = 11281) (out= 4437)(deflated 60%)
adding: org/junit/platform/launcher/listeners/SummaryGeneratingListener$1.class(in = 997) (out= 541)(deflated 45%)
adding: org/junit/platform/launcher/listeners/SummaryGeneratingListener.class(in = 5753) (out= 2274)(deflated 60%)
adding: org/junit/platform/launcher/listeners/TestExecutionSummary$Failure.class(in = 398) (out= 234)(deflated 41%)
adding: org/junit/platform/launcher/listeners/TestExecutionSummary.class(in = 1218) (out= 541)(deflated 55%)
adding: org/junit/platform/launcher/tagexpression/(in = 0) (out= 0)(stored 0%)
adding: org/junit/platform/launcher/tagexpression/DequeStack.class(in = 1448) (out= 614)(deflated 57%)
adding: org/junit/platform/launcher/tagexpression/Operator$Associativity.class(in = 1298) (out= 587)(deflated 54%)
adding: org/junit/platform/launcher/tagexpression/Operator$TagExpressionCreator.class(in = 755) (out= 268)(deflated 64%)
adding: org/junit/platform/launcher/tagexpression/Operator.class(in = 9670) (out= 2666)(deflated 72%)
adding: org/junit/platform/launcher/tagexpression/Operators.class(in = 3460) (out= 1229)(deflated 64%)
adding: org/junit/platform/launcher/tagexpression/ParseResult.class(in = 1760) (out= 731)(deflated 58%)
adding: org/junit/platform/launcher/tagexpression/ParseResults$1.class(in = 1118) (out= 463)(deflated 58%)
adding: org/junit/platform/launcher/tagexpression/ParseResults$2.class(in = 958) (out= 461)(deflated 51%)
adding: org/junit/platform/launcher/tagexpression/ParseResults.class(in = 1074) (out= 424)(deflated 60%)
adding: org/junit/platform/launcher/tagexpression/ParseStatus.class(in = 4339) (out= 1436)(deflated 66%)
adding: org/junit/platform/launcher/tagexpression/Parser.class(in = 1607) (out= 617)(deflated 61%)
adding: org/junit/platform/launcher/tagexpression/ShuntingYard.class(in = 8440) (out= 2930)(deflated 65%)
adding: org/junit/platform/launcher/tagexpression/Stack.class(in = 373) (out= 238)(deflated 36%)
adding: org/junit/platform/launcher/tagexpression/TagExpression.class(in = 902) (out= 487)(deflated 46%)
adding: org/junit/platform/launcher/tagexpression/TagExpressions$1.class(in = 1312) (out= 579)(deflated 55%)
adding: org/junit/platform/launcher/tagexpression/TagExpressions$2.class(in = 1513) (out= 645)(deflated 57%)
adding: org/junit/platform/launcher/tagexpression/TagExpressions$3.class(in = 1690) (out= 681)(deflated 59%)
adding: org/junit/platform/launcher/tagexpression/TagExpressions$4.class(in = 1690) (out= 685)(deflated 59%)
adding: org/junit/platform/launcher/tagexpression/TagExpressions.class(in = 1888) (out= 578)(deflated 69%)
adding: org/junit/platform/launcher/tagexpression/Token.class(in = 1571) (out= 762)(deflated 51%)
adding: org/junit/platform/launcher/tagexpression/TokenWith.class(in = 835) (out= 385)(deflated 53%)
adding: org/junit/platform/launcher/tagexpression/Tokenizer.class(in = 3772) (out= 1639)(deflated 56%)
adding: org/junit/platform/reporting/(in = 0) (out= 0)(stored 0%)
adding: org/junit/platform/reporting/legacy/(in = 0) (out= 0)(stored 0%)
adding: org/junit/platform/reporting/legacy/xml/(in = 0) (out= 0)(stored 0%)
adding: org/junit/platform/reporting/legacy/xml/LegacyXmlReportGeneratingListener.class(in = 6000) (out= 2486)(deflated 58%)
adding: org/junit/platform/reporting/legacy/xml/XmlReportData.class(in = 8369) (out= 3065)(deflated 63%)
adding: org/junit/platform/reporting/legacy/xml/XmlReportWriter$TestCounts.class(in = 2872) (out= 1158)(deflated 59%)
adding: org/junit/platform/reporting/legacy/xml/XmlReportWriter.class(in = 16580) (out= 6480)(deflated 60%)
adding: org/newsclub/(in = 0) (out= 0)(stored 0%)
adding: org/newsclub/lib/(in = 0) (out= 0)(stored 0%)
adding: org/newsclub/lib/junixsocket/(in = 0) (out= 0)(stored 0%)
adding: org/newsclub/lib/junixsocket/common/(in = 0) (out= 0)(stored 0%)
adding: org/newsclub/lib/junixsocket/common/NarMetadata.class(in = 432) (out= 294)(deflated 31%)
adding: org/newsclub/net/(in = 0) (out= 0)(stored 0%)
adding: org/newsclub/net/unix/(in = 0) (out= 0)(stored 0%)
adding: org/newsclub/net/unix/AFUNIXServerSocket$1.class(in = 1053) (out= 500)(deflated 52%)
adding: org/newsclub/net/unix/AFUNIXServerSocket.class(in = 4726) (out= 2125)(deflated 55%)
adding: org/newsclub/net/unix/AFUNIXSocket.class(in = 7346) (out= 3228)(deflated 56%)
adding: org/newsclub/net/unix/AFUNIXSocketAddress.class(in = 3686) (out= 1865)(deflated 49%)
adding: org/newsclub/net/unix/AFUNIXSocketAddressTest.class(in = 1304) (out= 724)(deflated 44%)
adding: org/newsclub/net/unix/AFUNIXSocketCapability.class(in = 1475) (out= 760)(deflated 48%)
adding: org/newsclub/net/unix/AFUNIXSocketCapabilityCondition.class(in = 2942) (out= 1234)(deflated 58%)
adding: org/newsclub/net/unix/AFUNIXSocketCapabilityRequirement.class(in = 616) (out= 328)(deflated 46%)
adding: org/newsclub/net/unix/AFUNIXSocketCredentials.class(in = 3808) (out= 1929)(deflated 49%)
adding: org/newsclub/net/unix/AFUNIXSocketFactory$1.class(in = 249) (out= 177)(deflated 28%)
adding: org/newsclub/net/unix/AFUNIXSocketFactory$DefaultSocketHostnameSocketFactory.class(in = 1263) (out= 590)(deflated 53%)
adding: org/newsclub/net/unix/AFUNIXSocketFactory$FactoryArg.class(in = 1417) (out= 660)(deflated 53%)
adding: org/newsclub/net/unix/AFUNIXSocketFactory$SystemProperty.class(in = 1535) (out= 747)(deflated 51%)
adding: org/newsclub/net/unix/AFUNIXSocketFactory$URIScheme.class(in = 2127) (out= 1135)(deflated 46%)
adding: org/newsclub/net/unix/AFUNIXSocketFactory.class(in = 3126) (out= 1252)(deflated 59%)
adding: org/newsclub/net/unix/AFUNIXSocketImpl$1.class(in = 1000) (out= 537)(deflated 46%)
adding: org/newsclub/net/unix/AFUNIXSocketImpl$AFUNIXInputStream.class(in = 2514) (out= 1205)(deflated 52%)
adding: org/newsclub/net/unix/AFUNIXSocketImpl$AFUNIXOutputStream.class(in = 2743) (out= 1391)(deflated 49%)
adding: org/newsclub/net/unix/AFUNIXSocketImpl$Lenient.class(in = 1044) (out= 600)(deflated 42%)
adding: org/newsclub/net/unix/AFUNIXSocketImpl.class(in = 15085) (out= 6654)(deflated 55%)
adding: org/newsclub/net/unix/AcceptTimeoutTest$1.class(in = 1403) (out= 753)(deflated 46%)
adding: org/newsclub/net/unix/AcceptTimeoutTest.class(in = 4088) (out= 1976)(deflated 51%)
adding: org/newsclub/net/unix/AvailableTest$1.class(in = 1191) (out= 572)(deflated 51%)
adding: org/newsclub/net/unix/AvailableTest$2.class(in = 1191) (out= 577)(deflated 51%)
adding: org/newsclub/net/unix/AvailableTest.class(in = 4496) (out= 2120)(deflated 52%)
adding: org/newsclub/net/unix/BufferOverflowTest$1.class(in = 1128) (out= 544)(deflated 51%)
adding: org/newsclub/net/unix/BufferOverflowTest.class(in = 7349) (out= 3093)(deflated 57%)
adding: org/newsclub/net/unix/CancelAcceptTest$1.class(in = 1213) (out= 557)(deflated 54%)
adding: org/newsclub/net/unix/CancelAcceptTest.class(in = 2261) (out= 1160)(deflated 48%)
adding: org/newsclub/net/unix/Closeables$1.class(in = 222) (out= 162)(deflated 27%)
adding: org/newsclub/net/unix/Closeables$HardReference.class(in = 1132) (out= 516)(deflated 54%)
adding: org/newsclub/net/unix/Closeables.class(in = 2765) (out= 1383)(deflated 49%)
adding: org/newsclub/net/unix/EndOfFileJavaTest$1.class(in = 1074) (out= 532)(deflated 50%)
adding: org/newsclub/net/unix/EndOfFileJavaTest.class(in = 2617) (out= 1270)(deflated 51%)
adding: org/newsclub/net/unix/EndOfFileTest$1.class(in = 1050) (out= 530)(deflated 49%)
adding: org/newsclub/net/unix/EndOfFileTest.class(in = 9184) (out= 3672)(deflated 60%)
adding: org/newsclub/net/unix/FileDescriptorsTest$1.class(in = 1502) (out= 746)(deflated 50%)
adding: org/newsclub/net/unix/FileDescriptorsTest$2.class(in = 1624) (out= 818)(deflated 49%)
adding: org/newsclub/net/unix/FileDescriptorsTest$3.class(in = 1407) (out= 702)(deflated 50%)
adding: org/newsclub/net/unix/FileDescriptorsTest$4.class(in = 1413) (out= 703)(deflated 50%)
adding: org/newsclub/net/unix/FileDescriptorsTest$5.class(in = 2144) (out= 1072)(deflated 50%)
adding: org/newsclub/net/unix/FileDescriptorsTest$6.class(in = 2268) (out= 1147)(deflated 49%)
adding: org/newsclub/net/unix/FileDescriptorsTest.class(in = 8383) (out= 3430)(deflated 59%)
adding: org/newsclub/net/unix/NativeLibraryLoader$ClasspathLibraryCandidate.class(in = 2515) (out= 1330)(deflated 47%)
adding: org/newsclub/net/unix/NativeLibraryLoader$LibraryCandidate.class(in = 926) (out= 514)(deflated 44%)
adding: org/newsclub/net/unix/NativeLibraryLoader$StandardLibraryCandidate.class(in = 1325) (out= 671)(deflated 49%)
adding: org/newsclub/net/unix/NativeLibraryLoader.class(in = 9471) (out= 4608)(deflated 51%)
adding: org/newsclub/net/unix/NativeUnixSocket.class(in = 3398) (out= 1454)(deflated 57%)
adding: org/newsclub/net/unix/PeerCredentialsTest$1.class(in = 1492) (out= 689)(deflated 53%)
adding: org/newsclub/net/unix/PeerCredentialsTest.class(in = 3322) (out= 1451)(deflated 56%)
adding: org/newsclub/net/unix/ServerSocketCloseTest$1.class(in = 1522) (out= 753)(deflated 50%)
adding: org/newsclub/net/unix/ServerSocketCloseTest.class(in = 3693) (out= 1712)(deflated 53%)
adding: org/newsclub/net/unix/SoTimeoutTest$1.class(in = 1078) (out= 526)(deflated 51%)
adding: org/newsclub/net/unix/SoTimeoutTest$2.class(in = 1212) (out= 593)(deflated 51%)
adding: org/newsclub/net/unix/SoTimeoutTest.class(in = 1859) (out= 926)(deflated 50%)
adding: org/newsclub/net/unix/SocketTestBase$ServerThread.class(in = 2983) (out= 1520)(deflated 49%)
adding: org/newsclub/net/unix/SocketTestBase.class(in = 3829) (out= 1715)(deflated 55%)
adding: org/newsclub/net/unix/SuppressFBWarnings.class(in = 378) (out= 244)(deflated 35%)
adding: org/newsclub/net/unix/TcpNoDelayTest$1.class(in = 1026) (out= 510)(deflated 50%)
adding: org/newsclub/net/unix/TcpNoDelayTest$2.class(in = 1027) (out= 511)(deflated 50%)
adding: org/newsclub/net/unix/TcpNoDelayTest.class(in = 2012) (out= 1000)(deflated 50%)
adding: org/newsclub/net/unix/TestUtils.class(in = 2829) (out= 1426)(deflated 49%)
adding: org/newsclub/net/unix/rmi/(in = 0) (out= 0)(stored 0%)
adding: org/newsclub/net/unix/rmi/AFUNIXNaming.class(in = 12201) (out= 5280)(deflated 56%)
adding: org/newsclub/net/unix/rmi/AFUNIXNamingRef.class(in = 1882) (out= 1043)(deflated 44%)
adding: org/newsclub/net/unix/rmi/AFUNIXRMIPorts.class(in = 677) (out= 458)(deflated 32%)
adding: org/newsclub/net/unix/rmi/AFUNIXRMIService.class(in = 551) (out= 323)(deflated 41%)
adding: org/newsclub/net/unix/rmi/AFUNIXRMIServiceImpl$1.class(in = 1220) (out= 675)(deflated 44%)
adding: org/newsclub/net/unix/rmi/AFUNIXRMIServiceImpl.class(in = 5187) (out= 2435)(deflated 53%)
adding: org/newsclub/net/unix/rmi/AFUNIXRMISocketFactory$1.class(in = 1109) (out= 563)(deflated 49%)
adding: org/newsclub/net/unix/rmi/AFUNIXRMISocketFactory$2.class(in = 1383) (out= 663)(deflated 52%)
adding: org/newsclub/net/unix/rmi/AFUNIXRMISocketFactory$AnonymousServerSocket.class(in = 941) (out= 491)(deflated 47%)
adding: org/newsclub/net/unix/rmi/AFUNIXRMISocketFactory$HostAndPort.class(in = 1460) (out= 770)(deflated 47%)
adding: org/newsclub/net/unix/rmi/AFUNIXRMISocketFactory$PortCloseable.class(in = 1525) (out= 720)(deflated 52%)
adding: org/newsclub/net/unix/rmi/AFUNIXRMISocketFactory.class(in = 13149) (out= 5409)(deflated 58%)
adding: org/newsclub/net/unix/rmi/AFUNIXRegistry$1.class(in = 1249) (out= 580)(deflated 53%)
adding: org/newsclub/net/unix/rmi/AFUNIXRegistry.class(in = 6215) (out= 2785)(deflated 55%)
adding: org/newsclub/net/unix/rmi/DefaultRMIClientSocketFactory.class(in = 1250) (out= 641)(deflated 48%)
adding: org/newsclub/net/unix/rmi/DefaultRMIServerSocketFactory.class(in = 1199) (out= 617)(deflated 48%)
adding: org/newsclub/net/unix/rmi/NaiveFileInputStreamRemote.class(in = 500) (out= 290)(deflated 42%)
adding: org/newsclub/net/unix/rmi/NaiveFileInputStreamRemoteImpl.class(in = 1800) (out= 696)(deflated 61%)
adding: org/newsclub/net/unix/rmi/RemoteCloseable.class(in = 417) (out= 248)(deflated 40%)
adding: org/newsclub/net/unix/rmi/RemoteCloseableImpl.class(in = 1640) (out= 730)(deflated 55%)
adding: org/newsclub/net/unix/rmi/RemoteFileDescriptor.class(in = 1299) (out= 622)(deflated 52%)
adding: org/newsclub/net/unix/rmi/RemoteFileDescriptorBase$1.class(in = 2245) (out= 1045)(deflated 53%)
adding: org/newsclub/net/unix/rmi/RemoteFileDescriptorBase.class(in = 7505) (out= 3536)(deflated 52%)
adding: org/newsclub/net/unix/rmi/RemoteFileDescriptorTest.class(in = 6775) (out= 2984)(deflated 55%)
adding: org/newsclub/net/unix/rmi/RemoteFileDescriptorTestService.class(in = 766) (out= 337)(deflated 56%)
adding: org/newsclub/net/unix/rmi/RemoteFileDescriptorTestServiceImpl.class(in = 4305) (out= 1812)(deflated 57%)
adding: org/newsclub/net/unix/rmi/RemoteFileInput$1.class(in = 1008) (out= 543)(deflated 46%)
adding: org/newsclub/net/unix/rmi/RemoteFileInput.class(in = 1635) (out= 759)(deflated 53%)
adding: org/newsclub/net/unix/rmi/RemoteFileOutput$1.class(in = 886) (out= 452)(deflated 48%)
adding: org/newsclub/net/unix/rmi/RemoteFileOutput.class(in = 1647) (out= 762)(deflated 53%)
adding: org/newsclub/net/unix/rmi/RemotePeerInfo$ExtractingObjectOutput.class(in = 4147) (out= 1656)(deflated 60%)
adding: org/newsclub/net/unix/rmi/RemotePeerInfo.class(in = 3726) (out= 1618)(deflated 56%)
adding: org/newsclub/net/unix/rmi/ShutdownHookSupport$1.class(in = 257) (out= 176)(deflated 31%)
adding: org/newsclub/net/unix/rmi/ShutdownHookSupport$ShutdownHook.class(in = 307) (out= 194)(deflated 36%)
adding: org/newsclub/net/unix/rmi/ShutdownHookSupport$ShutdownThread.class(in = 1558) (out= 630)(deflated 59%)
adding: org/newsclub/net/unix/rmi/ShutdownHookSupport.class(in = 1230) (out= 548)(deflated 55%)
adding: org/newsclub/net/unix/rmi/TestUtils.class(in = 926) (out= 585)(deflated 36%)
adding: org/newsclub/net/unix/selftest/(in = 0) (out= 0)(stored 0%)
adding: org/newsclub/net/unix/selftest/Selftest.class(in = 11339) (out= 5519)(deflated 51%)
adding: org/newsclub/net/unix/server/(in = 0) (out= 0)(stored 0%)
adding: org/newsclub/net/unix/server/AFUNIXSocketServer$1.class(in = 1029) (out= 520)(deflated 49%)
adding: org/newsclub/net/unix/server/AFUNIXSocketServer$2.class(in = 1871) (out= 957)(deflated 48%)
adding: org/newsclub/net/unix/server/AFUNIXSocketServer$3.class(in = 1207) (out= 597)(deflated 50%)
adding: org/newsclub/net/unix/server/AFUNIXSocketServer.class(in = 11619) (out= 4921)(deflated 57%)
adding: org/newsclub/net/unix/server/SuppressFBWarnings.class(in = 385) (out= 248)(deflated 35%)
adding: org/opentest4j/(in = 0) (out= 0)(stored 0%)
adding: org/opentest4j/AssertionFailedError.class(in = 2688) (out= 1169)(deflated 56%)
adding: org/opentest4j/IncompleteExecutionException.class(in = 732) (out= 404)(deflated 44%)
adding: org/opentest4j/MultipleFailuresError.class(in = 3568) (out= 1820)(deflated 48%)
adding: org/opentest4j/TestAbortedException.class(in = 725) (out= 408)(deflated 43%)
adding: org/opentest4j/TestSkippedException.class(in = 725) (out= 408)(deflated 43%)
adding: org/opentest4j/ValueWrapper.class(in = 3054) (out= 1407)(deflated 53%)
adding: rts/(in = 0) (out= 0)(stored 0%)
adding: rts/GameSettings$LaunchMode.class(in = 1143) (out= 610)(deflated 46%)
adding: rts/GameSettings.class(in = 4616) (out= 2259)(deflated 51%)
adding: rts/GameState.class(in = 19385) (out= 9622)(deflated 50%)
adding: rts/InvalidPlayerActionStats.class(in = 389) (out= 269)(deflated 30%)
adding: rts/MicroRTS$1.class(in = 786) (out= 504)(deflated 35%)
adding: rts/MicroRTS.class(in = 3938) (out= 2279)(deflated 42%)
adding: rts/PartiallyObservableGameState.class(in = 2066) (out= 1152)(deflated 44%)
adding: rts/PhysicalGameState.class(in = 11485) (out= 5598)(deflated 51%)
adding: rts/Player.class(in = 2337) (out= 1154)(deflated 50%)
adding: rts/PlayerAction.class(in = 11413) (out= 5087)(deflated 55%)
adding: rts/PlayerActionGenerator.class(in = 6864) (out= 3605)(deflated 47%)
adding: rts/RemoteGame.class(in = 2555) (out= 1501)(deflated 41%)
adding: rts/ResourceUsage.class(in = 2575) (out= 1319)(deflated 48%)
adding: rts/Trace.class(in = 4779) (out= 2477)(deflated 48%)
adding: rts/TraceEntry.class(in = 4319) (out= 2210)(deflated 48%)
adding: rts/UnitAction.class(in = 13781) (out= 6794)(deflated 50%)
adding: rts/UnitActionAssignment.class(in = 1359) (out= 701)(deflated 48%)
adding: rts/VariableSpec.class(in = 498) (out= 355)(deflated 28%)
adding: rts/units/(in = 0) (out= 0)(stored 0%)
adding: rts/units/Unit.class(in = 9076) (out= 4166)(deflated 54%)
adding: rts/units/UnitType.class(in = 6974) (out= 3191)(deflated 54%)
adding: rts/units/UnitTypeTable.class(in = 7216) (out= 3752)(deflated 48%)
adding: tests/(in = 0) (out= 0)(stored 0%)
adding: tests/AIComplianceTest.class(in = 4019) (out= 2094)(deflated 47%)
adding: tests/AbstractTraceGenerationTest.class(in = 2674) (out= 1384)(deflated 48%)
adding: tests/CompareAllAIsObservable.class(in = 3983) (out= 1901)(deflated 52%)
adding: tests/CompareAllAIsPartiallyObservable.class(in = 3853) (out= 1841)(deflated 52%)
adding: tests/Experimenter.class(in = 8519) (out= 3813)(deflated 55%)
adding: tests/ExperimenterAsymmetric$BranchingCalculatorWithTimeOut$1.class(in = 979) (out= 582)(deflated 40%)
adding: tests/ExperimenterAsymmetric$BranchingCalculatorWithTimeOut.class(in = 1183) (out= 657)(deflated 44%)
adding: tests/ExperimenterAsymmetric.class(in = 7623) (out= 3715)(deflated 51%)
adding: tests/GameVisualSimulationTest.class(in = 1884) (out= 1152)(deflated 38%)
adding: tests/JNIClient$Response.class(in = 579) (out= 388)(deflated 32%)
adding: tests/JNIClient.class(in = 7736) (out= 4138)(deflated 46%)
adding: tests/JNIClientMultiPlayer$Response.class(in = 634) (out= 406)(deflated 35%)
adding: tests/JNIClientMultiPlayer.class(in = 6415) (out= 3419)(deflated 46%)
adding: tests/JNIGridnetClient$Response.class(in = 612) (out= 397)(deflated 35%)
adding: tests/JNIGridnetClient.class(in = 6077) (out= 3192)(deflated 47%)
adding: tests/JNIGridnetClientSelfPlay.class(in = 6088) (out= 3206)(deflated 47%)
adding: tests/JNIGridnetVecClient$Responses.class(in = 652) (out= 422)(deflated 35%)
adding: tests/JNIGridnetVecClient.class(in = 4443) (out= 2176)(deflated 51%)
adding: tests/JNISelfPlayClient$Response.class(in = 619) (out= 407)(deflated 34%)
adding: tests/JNISelfPlayClient.class(in = 5427) (out= 2861)(deflated 47%)
adding: tests/JNIVecClient$Responses.class(in = 528) (out= 362)(deflated 31%)
adding: tests/JNIVecClient.class(in = 3404) (out= 1740)(deflated 48%)
adding: tests/LMCTest.class(in = 4318) (out= 2091)(deflated 51%)
adding: tests/MapGenerator.class(in = 9660) (out= 3546)(deflated 63%)
adding: tests/MapVisualizationTest.class(in = 1392) (out= 792)(deflated 43%)
adding: tests/POGameVisualSimulationTest.class(in = 2162) (out= 1305)(deflated 39%)
adding: tests/PlayGameWithMouseTest.class(in = 2120) (out= 1284)(deflated 39%)
adding: tests/PlayerActionGenerationTest.class(in = 1946) (out= 1029)(deflated 47%)
adding: tests/PlayoutPolicyOptimization.class(in = 4774) (out= 2515)(deflated 47%)
adding: tests/RunConfigurableExperiments.class(in = 12059) (out= 5616)(deflated 53%)
adding: tests/TraceGenerationTest.class(in = 2055) (out= 1166)(deflated 43%)
adding: tests/TraceVisualizationTest.class(in = 1777) (out= 968)(deflated 45%)
adding: tests/bayesianmodels/(in = 0) (out= 0)(stored 0%)
adding: tests/bayesianmodels/GenerateTrainingTraces.class(in = 9008) (out= 4372)(deflated 51%)
adding: tests/bayesianmodels/PretrainNaiveBayesModels.class(in = 7231) (out= 3438)(deflated 52%)
adding: tests/bayesianmodels/TestPretrainedBayesianModel.class(in = 10069) (out= 4786)(deflated 52%)
adding: tests/sockets/(in = 0) (out= 0)(stored 0%)
adding: tests/sockets/RunClient.class(in = 7950) (out= 4311)(deflated 45%)
adding: tests/sockets/RunClientExample.class(in = 1768) (out= 1122)(deflated 36%)
adding: tests/sockets/RunServerExample.class(in = 608) (out= 434)(deflated 28%)
adding: tournaments/(in = 0) (out= 0)(stored 0%)
adding: tournaments/FixedOpponentsTournament.class(in = 9810) (out= 4970)(deflated 49%)
adding: tournaments/LoadTournamentAIs.class(in = 2439) (out= 1352)(deflated 44%)
adding: tournaments/RoundRobinTournament.class(in = 10176) (out= 5274)(deflated 48%)
adding: util/(in = 0) (out= 0)(stored 0%)
adding: util/CartesianProduct.class(in = 1456) (out= 854)(deflated 41%)
adding: util/Pair.class(in = 1101) (out= 553)(deflated 49%)
adding: util/RunnableWithTimeOut$1.class(in = 802) (out= 445)(deflated 44%)
adding: util/RunnableWithTimeOut.class(in = 1718) (out= 829)(deflated 51%)
adding: util/Sampler.class(in = 3209) (out= 1675)(deflated 47%)
adding: util/XMLWriter.class(in = 3241) (out= 1465)(deflated 54%)
adding: weka/(in = 0) (out= 0)(stored 0%)
adding: weka/PluginManager.props(in = 511) (out= 189)(deflated 63%)
adding: weka/Run$SchemeType.class(in = 1786) (out= 994)(deflated 44%)
adding: weka/Run.class(in = 8177) (out= 4350)(deflated 46%)
adding: weka/associations/(in = 0) (out= 0)(stored 0%)
adding: weka/associations/AbstractAssociator.class(in = 5357) (out= 2393)(deflated 55%)
adding: weka/associations/Apriori.class(in = 33690) (out= 15226)(deflated 54%)
adding: weka/associations/AprioriItemSet.class(in = 12315) (out= 5899)(deflated 52%)
adding: weka/associations/AssociationRule.class(in = 2568) (out= 1248)(deflated 51%)
adding: weka/associations/AssociationRules.class(in = 2657) (out= 1170)(deflated 55%)
adding: weka/associations/AssociationRulesProducer.class(in = 303) (out= 191)(deflated 36%)
adding: weka/associations/Associator.class(in = 277) (out= 197)(deflated 28%)
adding: weka/associations/AssociatorEvaluation.class(in = 6238) (out= 3172)(deflated 49%)
adding: weka/associations/BinaryItem.class(in = 1405) (out= 855)(deflated 39%)
adding: weka/associations/CARuleMiner.class(in = 520) (out= 308)(deflated 40%)
adding: weka/associations/CheckAssociator.class(in = 22312) (out= 9987)(deflated 55%)
adding: weka/associations/DefaultAssociationRule$1.class(in = 250) (out= 170)(deflated 32%)
adding: weka/associations/DefaultAssociationRule$METRIC_TYPE$1.class(in = 939) (out= 452)(deflated 51%)
adding: weka/associations/DefaultAssociationRule$METRIC_TYPE$2.class(in = 1081) (out= 530)(deflated 50%)
adding: weka/associations/DefaultAssociationRule$METRIC_TYPE$3.class(in = 1047) (out= 525)(deflated 49%)
adding: weka/associations/DefaultAssociationRule$METRIC_TYPE$4.class(in = 1007) (out= 507)(deflated 49%)
adding: weka/associations/DefaultAssociationRule$METRIC_TYPE.class(in = 2957) (out= 1290)(deflated 56%)
adding: weka/associations/DefaultAssociationRule.class(in = 4945) (out= 2248)(deflated 54%)
adding: weka/associations/FPGrowth$FPTreeNode.class(in = 5262) (out= 2387)(deflated 54%)
adding: weka/associations/FPGrowth$FPTreeRoot$Header.class(in = 1512) (out= 700)(deflated 53%)
adding: weka/associations/FPGrowth$FPTreeRoot.class(in = 2628) (out= 1243)(deflated 52%)
adding: weka/associations/FPGrowth$FrequentBinaryItemSet.class(in = 2844) (out= 1309)(deflated 53%)
adding: weka/associations/FPGrowth$FrequentItemSets$1.class(in = 2171) (out= 968)(deflated 55%)
adding: weka/associations/FPGrowth$FrequentItemSets.class(in = 3312) (out= 1484)(deflated 55%)
adding: weka/associations/FPGrowth$ShadowCounts.class(in = 1425) (out= 810)(deflated 43%)
adding: weka/associations/FPGrowth.class(in = 34100) (out= 15249)(deflated 55%)
adding: weka/associations/FilteredAssociationRules.class(in = 2045) (out= 791)(deflated 61%)
adding: weka/associations/FilteredAssociator.class(in = 8373) (out= 3927)(deflated 53%)
adding: weka/associations/Item.class(in = 2495) (out= 1191)(deflated 52%)
adding: weka/associations/ItemSet.class(in = 10506) (out= 4939)(deflated 52%)
adding: weka/associations/LabeledItemSet.class(in = 9071) (out= 4214)(deflated 53%)
adding: weka/associations/NominalItem.class(in = 2018) (out= 1091)(deflated 45%)
adding: weka/associations/NumericItem$1.class(in = 838) (out= 503)(deflated 39%)
adding: weka/associations/NumericItem$Comparison.class(in = 1252) (out= 634)(deflated 49%)
adding: weka/associations/NumericItem.class(in = 2986) (out= 1521)(deflated 49%)
adding: weka/associations/SingleAssociatorEnhancer.class(in = 4350) (out= 2085)(deflated 52%)
adding: weka/attributeSelection/(in = 0) (out= 0)(stored 0%)
adding: weka/attributeSelection/ASEvaluation.class(in = 4198) (out= 1959)(deflated 53%)
adding: weka/attributeSelection/ASSearch.class(in = 1717) (out= 868)(deflated 49%)
adding: weka/attributeSelection/AttributeEvaluator.class(in = 224) (out= 161)(deflated 28%)
adding: weka/attributeSelection/AttributeSelection.class(in = 19611) (out= 9676)(deflated 50%)
adding: weka/attributeSelection/AttributeSetEvaluator.class(in = 531) (out= 328)(deflated 38%)
adding: weka/attributeSelection/AttributeTransformer.class(in = 411) (out= 225)(deflated 45%)
adding: weka/attributeSelection/BestFirst$Link2.class(in = 1382) (out= 723)(deflated 47%)
adding: weka/attributeSelection/BestFirst$LinkedList2.class(in = 2444) (out= 1296)(deflated 46%)
adding: weka/attributeSelection/BestFirst.class(in = 13334) (out= 6487)(deflated 51%)
adding: weka/attributeSelection/CfsSubsetEval$1.class(in = 2261) (out= 1218)(deflated 46%)
adding: weka/attributeSelection/CfsSubsetEval.class(in = 24063) (out= 11780)(deflated 51%)
adding: weka/attributeSelection/CheckAttributeSelection.class(in = 24695) (out= 10767)(deflated 56%)
adding: weka/attributeSelection/CorrelationAttributeEval.class(in = 9095) (out= 4672)(deflated 48%)
adding: weka/attributeSelection/ErrorBasedMeritEvaluator.class(in = 153) (out= 124)(deflated 18%)
adding: weka/attributeSelection/GainRatioAttributeEval.class(in = 7434) (out= 3762)(deflated 49%)
adding: weka/attributeSelection/GreedyStepwise$1.class(in = 1551) (out= 761)(deflated 50%)
adding: weka/attributeSelection/GreedyStepwise.class(in = 16615) (out= 7901)(deflated 52%)
adding: weka/attributeSelection/HoldOutSubsetEvaluator.class(in = 651) (out= 370)(deflated 43%)
adding: weka/attributeSelection/InfoGainAttributeEval.class(in = 8357) (out= 4226)(deflated 49%)
adding: weka/attributeSelection/OneRAttributeEval.class(in = 8354) (out= 3816)(deflated 54%)
adding: weka/attributeSelection/PrincipalComponents.class(in = 18731) (out= 9207)(deflated 50%)
adding: weka/attributeSelection/RankedOutputSearch.class(in = 452) (out= 285)(deflated 36%)
adding: weka/attributeSelection/Ranker.class(in = 9576) (out= 4761)(deflated 50%)
adding: weka/attributeSelection/ReliefFAttributeEval.class(in = 19994) (out= 9871)(deflated 50%)
adding: weka/attributeSelection/StartSetHandler.class(in = 274) (out= 182)(deflated 33%)
adding: weka/attributeSelection/SubsetEvaluator.class(in = 232) (out= 173)(deflated 25%)
adding: weka/attributeSelection/SymmetricalUncertAttributeEval.class(in = 7381) (out= 3727)(deflated 49%)
adding: weka/attributeSelection/UnsupervisedAttributeEvaluator.class(in = 497) (out= 291)(deflated 41%)
adding: weka/attributeSelection/UnsupervisedSubsetEvaluator.class(in = 675) (out= 379)(deflated 43%)
adding: weka/attributeSelection/WrapperSubsetEval$PluginTag.class(in = 1226) (out= 572)(deflated 53%)
adding: weka/attributeSelection/WrapperSubsetEval.class(in = 19928) (out= 9639)(deflated 51%)
adding: weka/classifiers/(in = 0) (out= 0)(stored 0%)
adding: weka/classifiers/AbstractClassifier.class(in = 9807) (out= 4444)(deflated 54%)
adding: weka/classifiers/AggregateableEvaluation.class(in = 1406) (out= 617)(deflated 56%)
adding: weka/classifiers/BVDecompose.class(in = 13024) (out= 6453)(deflated 50%)
adding: weka/classifiers/BVDecomposeSegCVSub.class(in = 18991) (out= 9660)(deflated 49%)
adding: weka/classifiers/CheckClassifier.class(in = 34034) (out= 13179)(deflated 61%)
adding: weka/classifiers/CheckSource.class(in = 8305) (out= 4068)(deflated 51%)
adding: weka/classifiers/Classifier.class(in = 408) (out= 240)(deflated 41%)
adding: weka/classifiers/ConditionalDensityEstimator.class(in = 248) (out= 185)(deflated 25%)
adding: weka/classifiers/CostMatrix$InstanceExpression.class(in = 2393) (out= 1007)(deflated 57%)
adding: weka/classifiers/CostMatrix.class(in = 14101) (out= 7453)(deflated 47%)
adding: weka/classifiers/Evaluation.class(in = 12892) (out= 3986)(deflated 69%)
adding: weka/classifiers/IntervalEstimator.class(in = 236) (out= 180)(deflated 23%)
adding: weka/classifiers/IteratedSingleClassifierEnhancer.class(in = 3339) (out= 1598)(deflated 52%)
adding: weka/classifiers/IterativeClassifier.class(in = 339) (out= 219)(deflated 35%)
adding: weka/classifiers/MultipleClassifiersCombiner.class(in = 5836) (out= 2818)(deflated 51%)
adding: weka/classifiers/ParallelIteratedSingleClassifierEnhancer$1.class(in = 2146) (out= 1037)(deflated 51%)
adding: weka/classifiers/ParallelIteratedSingleClassifierEnhancer.class(in = 5197) (out= 2555)(deflated 50%)
adding: weka/classifiers/ParallelMultipleClassifiersCombiner$1.class(in = 1828) (out= 910)(deflated 50%)
adding: weka/classifiers/ParallelMultipleClassifiersCombiner.class(in = 5497) (out= 2667)(deflated 51%)
adding: weka/classifiers/RandomizableClassifier.class(in = 2669) (out= 1323)(deflated 50%)
adding: weka/classifiers/RandomizableIteratedSingleClassifierEnhancer.class(in = 2749) (out= 1336)(deflated 51%)
adding: weka/classifiers/RandomizableMultipleClassifiersCombiner.class(in = 2729) (out= 1322)(deflated 51%)
adding: weka/classifiers/RandomizableParallelIteratedSingleClassifierEnhancer.class(in = 2781) (out= 1340)(deflated 51%)
adding: weka/classifiers/RandomizableParallelMultipleClassifiersCombiner.class(in = 2761) (out= 1336)(deflated 51%)
adding: weka/classifiers/RandomizableSingleClassifierEnhancer.class(in = 2717) (out= 1326)(deflated 51%)
adding: weka/classifiers/SingleClassifierEnhancer.class(in = 5052) (out= 2359)(deflated 53%)
adding: weka/classifiers/Sourcable.class(in = 224) (out= 159)(deflated 29%)
adding: weka/classifiers/UpdateableBatchProcessor.class(in = 224) (out= 168)(deflated 25%)
adding: weka/classifiers/UpdateableClassifier.class(in = 239) (out= 172)(deflated 28%)
adding: weka/classifiers/bayes/(in = 0) (out= 0)(stored 0%)
adding: weka/classifiers/bayes/BayesNet.class(in = 21726) (out= 9660)(deflated 55%)
adding: weka/classifiers/bayes/NaiveBayes.class(in = 20783) (out= 10297)(deflated 50%)
adding: weka/classifiers/bayes/NaiveBayesMultinomial.class(in = 7415) (out= 3952)(deflated 46%)
adding: weka/classifiers/bayes/NaiveBayesMultinomialText$Count.class(in = 609) (out= 380)(deflated 37%)
adding: weka/classifiers/bayes/NaiveBayesMultinomialText.class(in = 23440) (out= 10679)(deflated 54%)
adding: weka/classifiers/bayes/NaiveBayesMultinomialUpdateable.class(in = 5158) (out= 2752)(deflated 46%)
adding: weka/classifiers/bayes/NaiveBayesUpdateable.class(in = 1933) (out= 981)(deflated 49%)
adding: weka/classifiers/bayes/net/(in = 0) (out= 0)(stored 0%)
adding: weka/classifiers/bayes/net/ADNode.class(in = 6488) (out= 3392)(deflated 47%)
adding: weka/classifiers/bayes/net/BIFReader.class(in = 14604) (out= 7235)(deflated 50%)
adding: weka/classifiers/bayes/net/BayesNetGenerator.class(in = 12438) (out= 6504)(deflated 47%)
adding: weka/classifiers/bayes/net/EditableBayesNet$AddArcAction.class(in = 2783) (out= 1390)(deflated 50%)
adding: weka/classifiers/bayes/net/EditableBayesNet$AddNodeAction.class(in = 1538) (out= 785)(deflated 48%)
adding: weka/classifiers/bayes/net/EditableBayesNet$AddValueAction.class(in = 1828) (out= 859)(deflated 53%)
adding: weka/classifiers/bayes/net/EditableBayesNet$DelValueAction.class(in = 3524) (out= 1771)(deflated 49%)
adding: weka/classifiers/bayes/net/EditableBayesNet$DeleteArcAction.class(in = 2378) (out= 1247)(deflated 47%)
adding: weka/classifiers/bayes/net/EditableBayesNet$DeleteNodeAction.class(in = 4348) (out= 2154)(deflated 50%)
adding: weka/classifiers/bayes/net/EditableBayesNet$DeleteSelectionAction.class(in = 5313) (out= 2670)(deflated 49%)
adding: weka/classifiers/bayes/net/EditableBayesNet$LayoutGraphAction.class(in = 2081) (out= 962)(deflated 53%)
adding: weka/classifiers/bayes/net/EditableBayesNet$PasteAction.class(in = 1440) (out= 755)(deflated 47%)
adding: weka/classifiers/bayes/net/EditableBayesNet$RenameAction.class(in = 1235) (out= 588)(deflated 52%)
adding: weka/classifiers/bayes/net/EditableBayesNet$RenameValueAction.class(in = 1683) (out= 741)(deflated 55%)
adding: weka/classifiers/bayes/net/EditableBayesNet$SetDistributionAction.class(in = 2202) (out= 1093)(deflated 50%)
adding: weka/classifiers/bayes/net/EditableBayesNet$SetGroupPositionAction.class(in = 2080) (out= 1011)(deflated 51%)
adding: weka/classifiers/bayes/net/EditableBayesNet$SetPositionAction.class(in = 1419) (out= 684)(deflated 51%)
adding: weka/classifiers/bayes/net/EditableBayesNet$UndoAction.class(in = 1631) (out= 854)(deflated 47%)
adding: weka/classifiers/bayes/net/EditableBayesNet$alignAction.class(in = 1976) (out= 1011)(deflated 48%)
adding: weka/classifiers/bayes/net/EditableBayesNet$alignBottomAction.class(in = 1796) (out= 851)(deflated 52%)
adding: weka/classifiers/bayes/net/EditableBayesNet$alignLeftAction.class(in = 1784) (out= 857)(deflated 51%)
adding: weka/classifiers/bayes/net/EditableBayesNet$alignRightAction.class(in = 1790) (out= 864)(deflated 51%)
adding: weka/classifiers/bayes/net/EditableBayesNet$alignTopAction.class(in = 1778) (out= 851)(deflated 52%)
adding: weka/classifiers/bayes/net/EditableBayesNet$centerHorizontalAction.class(in = 1811) (out= 855)(deflated 52%)
adding: weka/classifiers/bayes/net/EditableBayesNet$centerVerticalAction.class(in = 1799) (out= 853)(deflated 52%)
adding: weka/classifiers/bayes/net/EditableBayesNet$spaceHorizontalAction.class(in = 1805) (out= 852)(deflated 52%)
adding: weka/classifiers/bayes/net/EditableBayesNet$spaceVerticalAction.class(in = 1791) (out= 862)(deflated 51%)
adding: weka/classifiers/bayes/net/EditableBayesNet.class(in = 37717) (out= 16994)(deflated 54%)
adding: weka/classifiers/bayes/net/GUI$1.class(in = 2733) (out= 1438)(deflated 47%)
adding: weka/classifiers/bayes/net/GUI$2.class(in = 1074) (out= 617)(deflated 42%)
adding: weka/classifiers/bayes/net/GUI$3.class(in = 1074) (out= 618)(deflated 42%)
adding: weka/classifiers/bayes/net/GUI$4.class(in = 1132) (out= 569)(deflated 49%)
adding: weka/classifiers/bayes/net/GUI$5.class(in = 1761) (out= 913)(deflated 48%)
adding: weka/classifiers/bayes/net/GUI$6.class(in = 861) (out= 493)(deflated 42%)
adding: weka/classifiers/bayes/net/GUI$ActionAbout.class(in = 1138) (out= 611)(deflated 46%)
adding: weka/classifiers/bayes/net/GUI$ActionAddArc.class(in = 1974) (out= 1030)(deflated 47%)
adding: weka/classifiers/bayes/net/GUI$ActionAddNode$1.class(in = 949) (out= 492)(deflated 48%)
adding: weka/classifiers/bayes/net/GUI$ActionAddNode$2.class(in = 2404) (out= 1273)(deflated 47%)
adding: weka/classifiers/bayes/net/GUI$ActionAddNode.class(in = 3167) (out= 1650)(deflated 47%)
adding: weka/classifiers/bayes/net/GUI$ActionAlignBottom.class(in = 1704) (out= 825)(deflated 51%)
adding: weka/classifiers/bayes/net/GUI$ActionAlignLeft.class(in = 1692) (out= 817)(deflated 51%)
adding: weka/classifiers/bayes/net/GUI$ActionAlignRight.class(in = 1698) (out= 818)(deflated 51%)
adding: weka/classifiers/bayes/net/GUI$ActionAlignTop.class(in = 1686) (out= 815)(deflated 51%)
adding: weka/classifiers/bayes/net/GUI$ActionCenterHorizontal.class(in = 1734) (out= 821)(deflated 52%)
adding: weka/classifiers/bayes/net/GUI$ActionCenterVertical.class(in = 1722) (out= 814)(deflated 52%)
adding: weka/classifiers/bayes/net/GUI$ActionCopyNode.class(in = 1837) (out= 843)(deflated 54%)
adding: weka/classifiers/bayes/net/GUI$ActionCutNode.class(in = 1769) (out= 878)(deflated 50%)
adding: weka/classifiers/bayes/net/GUI$ActionDeleteArc.class(in = 1934) (out= 1026)(deflated 46%)
adding: weka/classifiers/bayes/net/GUI$ActionDeleteNode.class(in = 2434) (out= 1223)(deflated 49%)
adding: weka/classifiers/bayes/net/GUI$ActionExport.class(in = 1315) (out= 669)(deflated 49%)
adding: weka/classifiers/bayes/net/GUI$ActionGenerateData$1.class(in = 3680) (out= 1830)(deflated 50%)
adding: weka/classifiers/bayes/net/GUI$ActionGenerateData$2.class(in = 1768) (out= 932)(deflated 47%)
adding: weka/classifiers/bayes/net/GUI$ActionGenerateData$3.class(in = 969) (out= 495)(deflated 48%)
adding: weka/classifiers/bayes/net/GUI$ActionGenerateData.class(in = 4078) (out= 2058)(deflated 49%)
adding: weka/classifiers/bayes/net/GUI$ActionGenerateNetwork$1.class(in = 3044) (out= 1462)(deflated 51%)
adding: weka/classifiers/bayes/net/GUI$ActionGenerateNetwork$2.class(in = 987) (out= 500)(deflated 49%)
adding: weka/classifiers/bayes/net/GUI$ActionGenerateNetwork.class(in = 4156) (out= 2096)(deflated 49%)
adding: weka/classifiers/bayes/net/GUI$ActionHelp.class(in = 1157) (out= 629)(deflated 45%)
adding: weka/classifiers/bayes/net/GUI$ActionLayout$1.class(in = 1612) (out= 812)(deflated 49%)
adding: weka/classifiers/bayes/net/GUI$ActionLayout$2.class(in = 2817) (out= 1402)(deflated 50%)
adding: weka/classifiers/bayes/net/GUI$ActionLayout$3.class(in = 933) (out= 488)(deflated 47%)
adding: weka/classifiers/bayes/net/GUI$ActionLayout.class(in = 3920) (out= 1959)(deflated 50%)
adding: weka/classifiers/bayes/net/GUI$ActionLearn$1$1.class(in = 2471) (out= 1186)(deflated 52%)
adding: weka/classifiers/bayes/net/GUI$ActionLearn$1.class(in = 2554) (out= 1243)(deflated 51%)
adding: weka/classifiers/bayes/net/GUI$ActionLearn$2.class(in = 1520) (out= 784)(deflated 48%)
adding: weka/classifiers/bayes/net/GUI$ActionLearn$3.class(in = 927) (out= 488)(deflated 47%)
adding: weka/classifiers/bayes/net/GUI$ActionLearn.class(in = 3408) (out= 1772)(deflated 48%)
adding: weka/classifiers/bayes/net/GUI$ActionLearnCPT.class(in = 2075) (out= 1125)(deflated 45%)
adding: weka/classifiers/bayes/net/GUI$ActionLoad.class(in = 2535) (out= 1363)(deflated 46%)
adding: weka/classifiers/bayes/net/GUI$ActionNew.class(in = 1702) (out= 871)(deflated 48%)
adding: weka/classifiers/bayes/net/GUI$ActionPasteNode.class(in = 1749) (out= 890)(deflated 49%)
adding: weka/classifiers/bayes/net/GUI$ActionPrint.class(in = 2105) (out= 1026)(deflated 51%)
adding: weka/classifiers/bayes/net/GUI$ActionQuit.class(in = 1466) (out= 801)(deflated 45%)
adding: weka/classifiers/bayes/net/GUI$ActionRedo.class(in = 1814) (out= 903)(deflated 50%)
adding: weka/classifiers/bayes/net/GUI$ActionSave.class(in = 3352) (out= 1735)(deflated 48%)
adding: weka/classifiers/bayes/net/GUI$ActionSaveAs.class(in = 981) (out= 502)(deflated 48%)
adding: weka/classifiers/bayes/net/GUI$ActionSelectAll.class(in = 1175) (out= 580)(deflated 50%)
adding: weka/classifiers/bayes/net/GUI$ActionSetData.class(in = 2154) (out= 1151)(deflated 46%)
adding: weka/classifiers/bayes/net/GUI$ActionSpaceHorizontal.class(in = 1728) (out= 823)(deflated 52%)
adding: weka/classifiers/bayes/net/GUI$ActionSpaceVertical.class(in = 1716) (out= 815)(deflated 52%)
adding: weka/classifiers/bayes/net/GUI$ActionUndo.class(in = 1976) (out= 963)(deflated 51%)
adding: weka/classifiers/bayes/net/GUI$ActionViewStatusbar.class(in = 1200) (out= 627)(deflated 47%)
adding: weka/classifiers/bayes/net/GUI$ActionViewToolbar.class(in = 1192) (out= 627)(deflated 47%)
adding: weka/classifiers/bayes/net/GUI$ActionZoomIn.class(in = 2481) (out= 1261)(deflated 49%)
adding: weka/classifiers/bayes/net/GUI$ActionZoomOut.class(in = 2522) (out= 1301)(deflated 48%)
adding: weka/classifiers/bayes/net/GUI$ClipBoard.class(in = 1058) (out= 598)(deflated 43%)
adding: weka/classifiers/bayes/net/GUI$GraphPanel.class(in = 11522) (out= 5855)(deflated 49%)
adding: weka/classifiers/bayes/net/GUI$GraphVisualizerMouseListener$1.class(in = 1518) (out= 725)(deflated 52%)
adding: weka/classifiers/bayes/net/GUI$GraphVisualizerMouseListener$2.class(in = 1886) (out= 893)(deflated 52%)
adding: weka/classifiers/bayes/net/GUI$GraphVisualizerMouseListener$3.class(in = 1221) (out= 588)(deflated 51%)
adding: weka/classifiers/bayes/net/GUI$GraphVisualizerMouseListener$4.class(in = 1218) (out= 587)(deflated 51%)
adding: weka/classifiers/bayes/net/GUI$GraphVisualizerMouseListener$5.class(in = 1789) (out= 872)(deflated 51%)
adding: weka/classifiers/bayes/net/GUI$GraphVisualizerMouseListener$6.class(in = 1219) (out= 587)(deflated 51%)
adding: weka/classifiers/bayes/net/GUI$GraphVisualizerMouseListener$7.class(in = 1219) (out= 589)(deflated 51%)
adding: weka/classifiers/bayes/net/GUI$GraphVisualizerMouseListener$8.class(in = 2995) (out= 1496)(deflated 50%)
adding: weka/classifiers/bayes/net/GUI$GraphVisualizerMouseListener$9.class(in = 1678) (out= 865)(deflated 48%)
adding: weka/classifiers/bayes/net/GUI$GraphVisualizerMouseListener.class(in = 8956) (out= 4437)(deflated 50%)
adding: weka/classifiers/bayes/net/GUI$GraphVisualizerMouseMotionListener.class(in = 3931) (out= 1907)(deflated 51%)
adding: weka/classifiers/bayes/net/GUI$GraphVisualizerTableModel.class(in = 3364) (out= 1851)(deflated 44%)
adding: weka/classifiers/bayes/net/GUI$MyAction.class(in = 2137) (out= 1130)(deflated 47%)
adding: weka/classifiers/bayes/net/GUI$Selection.class(in = 4579) (out= 2202)(deflated 51%)
adding: weka/classifiers/bayes/net/GUI.class(in = 28632) (out= 13665)(deflated 52%)
adding: weka/classifiers/bayes/net/MarginCalculator$JunctionTreeNode.class(in = 10042) (out= 5165)(deflated 48%)
adding: weka/classifiers/bayes/net/MarginCalculator$JunctionTreeSeparator.class(in = 3887) (out= 1879)(deflated 51%)
adding: weka/classifiers/bayes/net/MarginCalculator.class(in = 12730) (out= 6225)(deflated 51%)
adding: weka/classifiers/bayes/net/ParentSet.class(in = 3661) (out= 1784)(deflated 51%)
adding: weka/classifiers/bayes/net/VaryNode.class(in = 2169) (out= 1182)(deflated 45%)
adding: weka/classifiers/bayes/net/estimate/(in = 0) (out= 0)(stored 0%)
adding: weka/classifiers/bayes/net/estimate/BMAEstimator.class(in = 6232) (out= 3164)(deflated 49%)
adding: weka/classifiers/bayes/net/estimate/BayesNetEstimator.class(in = 3622) (out= 1644)(deflated 54%)
adding: weka/classifiers/bayes/net/estimate/DiscreteEstimatorBayes.class(in = 3928) (out= 2180)(deflated 44%)
adding: weka/classifiers/bayes/net/estimate/DiscreteEstimatorFullBayes.class(in = 2572) (out= 1396)(deflated 45%)
adding: weka/classifiers/bayes/net/estimate/MultiNomialBMAEstimator.class(in = 7287) (out= 3795)(deflated 47%)
adding: weka/classifiers/bayes/net/estimate/SimpleEstimator.class(in = 4352) (out= 2380)(deflated 45%)
adding: weka/classifiers/bayes/net/icons/(in = 0) (out= 0)(stored 0%)
adding: weka/classifiers/bayes/net/icons/alignbottom.png(in = 213) (out= 196)(deflated 7%)
adding: weka/classifiers/bayes/net/icons/alignleft.png(in = 300) (out= 295)(deflated 1%)
adding: weka/classifiers/bayes/net/icons/alignright.png(in = 212) (out= 195)(deflated 8%)
adding: weka/classifiers/bayes/net/icons/aligntop.png(in = 213) (out= 195)(deflated 8%)
adding: weka/classifiers/bayes/net/icons/arrow-s.png(in = 242) (out= 233)(deflated 3%)
adding: weka/classifiers/bayes/net/icons/arrow.png(in = 183) (out= 169)(deflated 7%)
adding: weka/classifiers/bayes/net/icons/centerhorizontal.png(in = 207) (out= 190)(deflated 8%)
adding: weka/classifiers/bayes/net/icons/centervertical.png(in = 212) (out= 195)(deflated 8%)
adding: weka/classifiers/bayes/net/icons/copy.png(in = 225) (out= 210)(deflated 6%)
adding: weka/classifiers/bayes/net/icons/cut.png(in = 199) (out= 183)(deflated 8%)
adding: weka/classifiers/bayes/net/icons/help.png(in = 218) (out= 203)(deflated 6%)
adding: weka/classifiers/bayes/net/icons/layout.png(in = 230) (out= 216)(deflated 6%)
adding: weka/classifiers/bayes/net/icons/line-s.png(in = 246) (out= 238)(deflated 3%)
adding: weka/classifiers/bayes/net/icons/line.png(in = 188) (out= 173)(deflated 7%)
adding: weka/classifiers/bayes/net/icons/lines-s.png(in = 249) (out= 241)(deflated 3%)
adding: weka/classifiers/bayes/net/icons/lines.png(in = 202) (out= 188)(deflated 6%)
adding: weka/classifiers/bayes/net/icons/new.png(in = 195) (out= 181)(deflated 7%)
adding: weka/classifiers/bayes/net/icons/open.png(in = 233) (out= 222)(deflated 4%)
adding: weka/classifiers/bayes/net/icons/oval-s.png(in = 247) (out= 239)(deflated 3%)
adding: weka/classifiers/bayes/net/icons/oval.png(in = 189) (out= 175)(deflated 7%)
adding: weka/classifiers/bayes/net/icons/paste.png(in = 227) (out= 212)(deflated 6%)
adding: weka/classifiers/bayes/net/icons/print.png(in = 234) (out= 221)(deflated 5%)
adding: weka/classifiers/bayes/net/icons/rect-s.png(in = 168) (out= 155)(deflated 7%)
adding: weka/classifiers/bayes/net/icons/rect.png(in = 177) (out= 162)(deflated 8%)
adding: weka/classifiers/bayes/net/icons/redo.png(in = 209) (out= 195)(deflated 6%)
adding: weka/classifiers/bayes/net/icons/rrect.png(in = 184) (out= 170)(deflated 7%)
adding: weka/classifiers/bayes/net/icons/save.png(in = 207) (out= 195)(deflated 5%)
adding: weka/classifiers/bayes/net/icons/select-s.png(in = 205) (out= 194)(deflated 5%)
adding: weka/classifiers/bayes/net/icons/select.png(in = 198) (out= 184)(deflated 7%)
adding: weka/classifiers/bayes/net/icons/spacehorizontal.png(in = 205) (out= 188)(deflated 8%)
adding: weka/classifiers/bayes/net/icons/spacevertical.png(in = 213) (out= 197)(deflated 7%)
adding: weka/classifiers/bayes/net/icons/undo.png(in = 200) (out= 186)(deflated 7%)
adding: weka/classifiers/bayes/net/icons/zoomin.png(in = 1186) (out= 580)(deflated 51%)
adding: weka/classifiers/bayes/net/icons/zoomout.png(in = 1176) (out= 572)(deflated 51%)
adding: weka/classifiers/bayes/net/search/(in = 0) (out= 0)(stored 0%)
adding: weka/classifiers/bayes/net/search/SearchAlgorithm.class(in = 7510) (out= 3744)(deflated 50%)
adding: weka/classifiers/bayes/net/search/ci/(in = 0) (out= 0)(stored 0%)
adding: weka/classifiers/bayes/net/search/ci/CISearchAlgorithm.class(in = 1955) (out= 1052)(deflated 46%)
adding: weka/classifiers/bayes/net/search/ci/ICSSearchAlgorithm$SeparationSet.class(in = 1192) (out= 656)(deflated 44%)
adding: weka/classifiers/bayes/net/search/ci/ICSSearchAlgorithm.class(in = 11000) (out= 5200)(deflated 52%)
adding: weka/classifiers/bayes/net/search/fixed/(in = 0) (out= 0)(stored 0%)
adding: weka/classifiers/bayes/net/search/fixed/FromFile.class(in = 4182) (out= 2001)(deflated 52%)
adding: weka/classifiers/bayes/net/search/fixed/NaiveBayes.class(in = 1531) (out= 801)(deflated 47%)
adding: weka/classifiers/bayes/net/search/global/(in = 0) (out= 0)(stored 0%)
adding: weka/classifiers/bayes/net/search/global/GeneticSearch$BayesNetRepresentation.class(in = 4080) (out= 2113)(deflated 48%)
adding: weka/classifiers/bayes/net/search/global/GeneticSearch.class(in = 10457) (out= 4576)(deflated 56%)
adding: weka/classifiers/bayes/net/search/global/GlobalScoreSearchAlgorithm.class(in = 9449) (out= 4506)(deflated 52%)
adding: weka/classifiers/bayes/net/search/global/HillClimber$Operation.class(in = 1698) (out= 871)(deflated 48%)
adding: weka/classifiers/bayes/net/search/global/HillClimber.class(in = 8901) (out= 3974)(deflated 55%)
adding: weka/classifiers/bayes/net/search/global/K2.class(in = 7417) (out= 3747)(deflated 49%)
adding: weka/classifiers/bayes/net/search/global/RepeatedHillClimber.class(in = 6036) (out= 2949)(deflated 51%)
adding: weka/classifiers/bayes/net/search/global/SimulatedAnnealing.class(in = 8606) (out= 4146)(deflated 51%)
adding: weka/classifiers/bayes/net/search/global/TAN.class(in = 4435) (out= 2410)(deflated 45%)
adding: weka/classifiers/bayes/net/search/global/TabuSearch.class(in = 7901) (out= 3772)(deflated 52%)
adding: weka/classifiers/bayes/net/search/local/(in = 0) (out= 0)(stored 0%)
adding: weka/classifiers/bayes/net/search/local/GeneticSearch$BayesNetRepresentation.class(in = 4035) (out= 2087)(deflated 48%)
adding: weka/classifiers/bayes/net/search/local/GeneticSearch.class(in = 10489) (out= 4627)(deflated 55%)
adding: weka/classifiers/bayes/net/search/local/HillClimber$Cache.class(in = 1730) (out= 798)(deflated 53%)
adding: weka/classifiers/bayes/net/search/local/HillClimber$Operation.class(in = 1696) (out= 867)(deflated 48%)
adding: weka/classifiers/bayes/net/search/local/HillClimber.class(in = 10292) (out= 4618)(deflated 55%)
adding: weka/classifiers/bayes/net/search/local/K2.class(in = 7484) (out= 3800)(deflated 49%)
adding: weka/classifiers/bayes/net/search/local/LAGDHillClimber.class(in = 9431) (out= 4124)(deflated 56%)
adding: weka/classifiers/bayes/net/search/local/LocalScoreSearchAlgorithm.class(in = 11104) (out= 5532)(deflated 50%)
adding: weka/classifiers/bayes/net/search/local/RepeatedHillClimber.class(in = 6335) (out= 3086)(deflated 51%)
adding: weka/classifiers/bayes/net/search/local/Scoreable.class(in = 328) (out= 238)(deflated 27%)
adding: weka/classifiers/bayes/net/search/local/SimulatedAnnealing.class(in = 8741) (out= 4262)(deflated 51%)
adding: weka/classifiers/bayes/net/search/local/TAN.class(in = 4734) (out= 2613)(deflated 44%)
adding: weka/classifiers/bayes/net/search/local/TabuSearch.class(in = 8184) (out= 3904)(deflated 52%)
adding: weka/classifiers/evaluation/(in = 0) (out= 0)(stored 0%)
adding: weka/classifiers/evaluation/AbstractEvaluationMetric$UnknownStatisticException.class(in = 849) (out= 426)(deflated 49%)
adding: weka/classifiers/evaluation/AbstractEvaluationMetric.class(in = 2573) (out= 1191)(deflated 53%)
adding: weka/classifiers/evaluation/AggregateableEvaluation.class(in = 4280) (out= 2170)(deflated 49%)
adding: weka/classifiers/evaluation/ConfusionMatrix.class(in = 5982) (out= 3183)(deflated 46%)
adding: weka/classifiers/evaluation/CostCurve.class(in = 4566) (out= 2264)(deflated 50%)
adding: weka/classifiers/evaluation/Evaluation.class(in = 74509) (out= 34934)(deflated 53%)
adding: weka/classifiers/evaluation/EvaluationMetricHelper.class(in = 7805) (out= 3617)(deflated 53%)
adding: weka/classifiers/evaluation/EvaluationUtils.class(in = 3940) (out= 1741)(deflated 55%)
adding: weka/classifiers/evaluation/InformationRetrievalEvaluationMetric.class(in = 407) (out= 263)(deflated 35%)
adding: weka/classifiers/evaluation/InformationTheoreticEvaluationMetric.class(in = 547) (out= 292)(deflated 46%)
adding: weka/classifiers/evaluation/IntervalBasedEvaluationMetric.class(in = 369) (out= 237)(deflated 35%)
adding: weka/classifiers/evaluation/MarginCurve.class(in = 4087) (out= 2072)(deflated 49%)
adding: weka/classifiers/evaluation/NominalPrediction.class(in = 3027) (out= 1654)(deflated 45%)
adding: weka/classifiers/evaluation/NumericPrediction.class(in = 2275) (out= 1127)(deflated 50%)
adding: weka/classifiers/evaluation/Prediction.class(in = 364) (out= 282)(deflated 22%)
adding: weka/classifiers/evaluation/RegressionAnalysis.class(in = 4144) (out= 2356)(deflated 43%)
adding: weka/classifiers/evaluation/StandardEvaluationMetric.class(in = 388) (out= 247)(deflated 36%)
adding: weka/classifiers/evaluation/ThresholdCurve.class(in = 10322) (out= 5387)(deflated 47%)
adding: weka/classifiers/evaluation/ThresholdProducingMetric.class(in = 188) (out= 149)(deflated 20%)
adding: weka/classifiers/evaluation/TwoClassStats.class(in = 3397) (out= 1439)(deflated 57%)
adding: weka/classifiers/evaluation/output/(in = 0) (out= 0)(stored 0%)
adding: weka/classifiers/evaluation/output/prediction/(in = 0) (out= 0)(stored 0%)
adding: weka/classifiers/evaluation/output/prediction/AbstractOutput.class(in = 11688) (out= 5279)(deflated 54%)
adding: weka/classifiers/evaluation/output/prediction/CSV.class(in = 6779) (out= 3290)(deflated 51%)
adding: weka/classifiers/evaluation/output/prediction/HTML.class(in = 5809) (out= 2971)(deflated 48%)
adding: weka/classifiers/evaluation/output/prediction/Null.class(in = 1315) (out= 591)(deflated 55%)
adding: weka/classifiers/evaluation/output/prediction/PlainText.class(in = 4901) (out= 2518)(deflated 48%)
adding: weka/classifiers/evaluation/output/prediction/XML.class(in = 8193) (out= 3853)(deflated 52%)
adding: weka/classifiers/functions/(in = 0) (out= 0)(stored 0%)
adding: weka/classifiers/functions/GaussianProcesses.class(in = 16384) (out= 7904)(deflated 51%)
adding: weka/classifiers/functions/LinearRegression.class(in = 19389) (out= 9860)(deflated 49%)
adding: weka/classifiers/functions/Logistic$1.class(in = 226) (out= 165)(deflated 26%)
adding: weka/classifiers/functions/Logistic$OptEng.class(in = 1537) (out= 677)(deflated 55%)
adding: weka/classifiers/functions/Logistic$OptEngCG.class(in = 1560) (out= 688)(deflated 55%)
adding: weka/classifiers/functions/Logistic$OptObject.class(in = 3210) (out= 1835)(deflated 42%)
adding: weka/classifiers/functions/Logistic.class(in = 18809) (out= 9373)(deflated 50%)
adding: weka/classifiers/functions/MultilayerPerceptron$1.class(in = 1616) (out= 830)(deflated 48%)
adding: weka/classifiers/functions/MultilayerPerceptron$ControlPanel$1.class(in = 1902) (out= 836)(deflated 56%)
adding: weka/classifiers/functions/MultilayerPerceptron$ControlPanel$2.class(in = 2172) (out= 951)(deflated 56%)
adding: weka/classifiers/functions/MultilayerPerceptron$ControlPanel$3.class(in = 2931) (out= 1282)(deflated 56%)
adding: weka/classifiers/functions/MultilayerPerceptron$ControlPanel$4.class(in = 1290) (out= 552)(deflated 57%)
adding: weka/classifiers/functions/MultilayerPerceptron$ControlPanel$5.class(in = 1602) (out= 739)(deflated 53%)
adding: weka/classifiers/functions/MultilayerPerceptron$ControlPanel.class(in = 4548) (out= 2135)(deflated 53%)
adding: weka/classifiers/functions/MultilayerPerceptron$NeuralEnd.class(in = 5391) (out= 2698)(deflated 49%)
adding: weka/classifiers/functions/MultilayerPerceptron$NodePanel$1.class(in = 5282) (out= 1937)(deflated 63%)
adding: weka/classifiers/functions/MultilayerPerceptron$NodePanel.class(in = 4910) (out= 2121)(deflated 56%)
adding: weka/classifiers/functions/MultilayerPerceptron.class(in = 38925) (out= 16963)(deflated 56%)
adding: weka/classifiers/functions/SGD.class(in = 17459) (out= 8315)(deflated 52%)
adding: weka/classifiers/functions/SGDText$Count.class(in = 568) (out= 374)(deflated 34%)
adding: weka/classifiers/functions/SGDText.class(in = 28275) (out= 12795)(deflated 54%)
adding: weka/classifiers/functions/SMO$BinarySMO.class(in = 15762) (out= 8472)(deflated 46%)
adding: weka/classifiers/functions/SMO.class(in = 23868) (out= 11148)(deflated 53%)
adding: weka/classifiers/functions/SMOreg.class(in = 14508) (out= 6847)(deflated 52%)
adding: weka/classifiers/functions/SimpleLinearRegression.class(in = 10861) (out= 5471)(deflated 49%)
adding: weka/classifiers/functions/SimpleLogistic.class(in = 14109) (out= 6020)(deflated 57%)
adding: weka/classifiers/functions/VotedPerceptron.class(in = 10614) (out= 5185)(deflated 51%)
adding: weka/classifiers/functions/neural/(in = 0) (out= 0)(stored 0%)
adding: weka/classifiers/functions/neural/LinearUnit.class(in = 2368) (out= 1248)(deflated 47%)
adding: weka/classifiers/functions/neural/NeuralConnection.class(in = 7949) (out= 3636)(deflated 54%)
adding: weka/classifiers/functions/neural/NeuralMethod.class(in = 340) (out= 211)(deflated 37%)
adding: weka/classifiers/functions/neural/NeuralNode.class(in = 4802) (out= 2334)(deflated 51%)
adding: weka/classifiers/functions/neural/SigmoidUnit.class(in = 2539) (out= 1374)(deflated 45%)
adding: weka/classifiers/functions/supportVector/(in = 0) (out= 0)(stored 0%)
adding: weka/classifiers/functions/supportVector/CachedKernel.class(in = 6237) (out= 3272)(deflated 47%)
adding: weka/classifiers/functions/supportVector/CheckKernel.class(in = 21804) (out= 9583)(deflated 56%)
adding: weka/classifiers/functions/supportVector/Kernel.class(in = 5534) (out= 2437)(deflated 55%)
adding: weka/classifiers/functions/supportVector/KernelEvaluation.class(in = 7908) (out= 3976)(deflated 49%)
adding: weka/classifiers/functions/supportVector/NormalizedPolyKernel.class(in = 2719) (out= 1458)(deflated 46%)
adding: weka/classifiers/functions/supportVector/PolyKernel.class(in = 5425) (out= 2621)(deflated 51%)
adding: weka/classifiers/functions/supportVector/PrecomputedKernelMatrixKernel.class(in = 5979) (out= 2824)(deflated 52%)
adding: weka/classifiers/functions/supportVector/Puk.class(in = 7073) (out= 3507)(deflated 50%)
adding: weka/classifiers/functions/supportVector/RBFKernel.class(in = 5023) (out= 2525)(deflated 49%)
adding: weka/classifiers/functions/supportVector/RegOptimizer.class(in = 9288) (out= 4567)(deflated 50%)
adding: weka/classifiers/functions/supportVector/RegSMO.class(in = 11163) (out= 5945)(deflated 46%)
adding: weka/classifiers/functions/supportVector/RegSMOImproved.class(in = 11257) (out= 5895)(deflated 47%)
adding: weka/classifiers/functions/supportVector/SMOset.class(in = 2262) (out= 1264)(deflated 44%)
adding: weka/classifiers/functions/supportVector/StringKernel.class(in = 18467) (out= 9294)(deflated 49%)
adding: weka/classifiers/lazy/(in = 0) (out= 0)(stored 0%)
adding: weka/classifiers/lazy/IBk.class(in = 18592) (out= 9030)(deflated 51%)
adding: weka/classifiers/lazy/KStar.class(in = 13817) (out= 6944)(deflated 49%)
adding: weka/classifiers/lazy/LWL.class(in = 14117) (out= 6799)(deflated 51%)
adding: weka/classifiers/lazy/kstar/(in = 0) (out= 0)(stored 0%)
adding: weka/classifiers/lazy/kstar/KStarCache$CacheTable.class(in = 3654) (out= 1933)(deflated 47%)
adding: weka/classifiers/lazy/kstar/KStarCache$TableEntry.class(in = 1190) (out= 648)(deflated 45%)
adding: weka/classifiers/lazy/kstar/KStarCache.class(in = 1511) (out= 769)(deflated 49%)
adding: weka/classifiers/lazy/kstar/KStarConstants.class(in = 697) (out= 440)(deflated 36%)
adding: weka/classifiers/lazy/kstar/KStarNominalAttribute.class(in = 9452) (out= 5036)(deflated 46%)
adding: weka/classifiers/lazy/kstar/KStarNumericAttribute.class(in = 9792) (out= 5188)(deflated 47%)
adding: weka/classifiers/lazy/kstar/KStarWrapper.class(in = 757) (out= 458)(deflated 39%)
adding: weka/classifiers/meta/(in = 0) (out= 0)(stored 0%)
adding: weka/classifiers/meta/AdaBoostM1.class(in = 13774) (out= 7067)(deflated 48%)
adding: weka/classifiers/meta/AdditiveRegression.class(in = 12561) (out= 5940)(deflated 52%)
adding: weka/classifiers/meta/AttributeSelectedClassifier.class(in = 11728) (out= 5288)(deflated 54%)
adding: weka/classifiers/meta/Bagging.class(in = 15934) (out= 7337)(deflated 53%)
adding: weka/classifiers/meta/CVParameterSelection$CVParameter.class(in = 3923) (out= 1759)(deflated 55%)
adding: weka/classifiers/meta/CVParameterSelection.class(in = 14065) (out= 6784)(deflated 51%)
adding: weka/classifiers/meta/ClassificationViaRegression.class(in = 5867) (out= 2916)(deflated 50%)
adding: weka/classifiers/meta/CostSensitiveClassifier.class(in = 13009) (out= 6077)(deflated 53%)
adding: weka/classifiers/meta/FilteredClassifier.class(in = 11329) (out= 5282)(deflated 53%)
adding: weka/classifiers/meta/IterativeClassifierOptimizer$1.class(in = 1818) (out= 901)(deflated 50%)
adding: weka/classifiers/meta/IterativeClassifierOptimizer.class(in = 20794) (out= 9672)(deflated 53%)
adding: weka/classifiers/meta/LogitBoost$1.class(in = 2293) (out= 1302)(deflated 43%)
adding: weka/classifiers/meta/LogitBoost.class(in = 23425) (out= 11836)(deflated 49%)
adding: weka/classifiers/meta/MultiClassClassifier$1.class(in = 252) (out= 166)(deflated 34%)
adding: weka/classifiers/meta/MultiClassClassifier$Code.class(in = 2112) (out= 1045)(deflated 50%)
adding: weka/classifiers/meta/MultiClassClassifier$ExhaustiveCode.class(in = 1521) (out= 819)(deflated 46%)
adding: weka/classifiers/meta/MultiClassClassifier$RandomCode.class(in = 2641) (out= 1406)(deflated 46%)
adding: weka/classifiers/meta/MultiClassClassifier$StandardCode.class(in = 1218) (out= 611)(deflated 49%)
adding: weka/classifiers/meta/MultiClassClassifier.class(in = 15996) (out= 7950)(deflated 50%)
adding: weka/classifiers/meta/MultiClassClassifierUpdateable.class(in = 4217) (out= 2296)(deflated 45%)
adding: weka/classifiers/meta/MultiScheme.class(in = 8217) (out= 3922)(deflated 52%)
adding: weka/classifiers/meta/RandomCommittee.class(in = 5961) (out= 3138)(deflated 47%)
adding: weka/classifiers/meta/RandomSubSpace.class(in = 10291) (out= 5281)(deflated 48%)
adding: weka/classifiers/meta/RandomizableFilteredClassifier.class(in = 6192) (out= 2968)(deflated 52%)
adding: weka/classifiers/meta/RegressionByDiscretization.class(in = 15016) (out= 7141)(deflated 52%)
adding: weka/classifiers/meta/Stacking.class(in = 10767) (out= 5247)(deflated 51%)
adding: weka/classifiers/meta/Vote.class(in = 20282) (out= 9720)(deflated 52%)
adding: weka/classifiers/meta/WeightedInstancesHandlerWrapper.class(in = 5934) (out= 2702)(deflated 54%)
adding: weka/classifiers/misc/(in = 0) (out= 0)(stored 0%)
adding: weka/classifiers/misc/InputMappedClassifier.class(in = 15710) (out= 7657)(deflated 51%)
adding: weka/classifiers/misc/InputMappedClassifierBeanInfo.class(in = 1494) (out= 754)(deflated 49%)
adding: weka/classifiers/misc/SerializedClassifier.class(in = 6207) (out= 2937)(deflated 52%)
adding: weka/classifiers/pmml/(in = 0) (out= 0)(stored 0%)
adding: weka/classifiers/pmml/consumer/(in = 0) (out= 0)(stored 0%)
adding: weka/classifiers/pmml/consumer/GeneralRegression$1.class(in = 1074) (out= 579)(deflated 46%)
adding: weka/classifiers/pmml/consumer/GeneralRegression$CumulativeLinkFunction$1.class(in = 974) (out= 443)(deflated 54%)
adding: weka/classifiers/pmml/consumer/GeneralRegression$CumulativeLinkFunction$2.class(in = 994) (out= 457)(deflated 54%)
adding: weka/classifiers/pmml/consumer/GeneralRegression$CumulativeLinkFunction$3.class(in = 999) (out= 462)(deflated 53%)
adding: weka/classifiers/pmml/consumer/GeneralRegression$CumulativeLinkFunction$4.class(in = 995) (out= 457)(deflated 54%)
adding: weka/classifiers/pmml/consumer/GeneralRegression$CumulativeLinkFunction$5.class(in = 994) (out= 455)(deflated 54%)
adding: weka/classifiers/pmml/consumer/GeneralRegression$CumulativeLinkFunction$6.class(in = 1016) (out= 483)(deflated 52%)
adding: weka/classifiers/pmml/consumer/GeneralRegression$CumulativeLinkFunction.class(in = 2797) (out= 1063)(deflated 61%)
adding: weka/classifiers/pmml/consumer/GeneralRegression$Distribution.class(in = 1891) (out= 905)(deflated 52%)
adding: weka/classifiers/pmml/consumer/GeneralRegression$LinkFunction$1.class(in = 1000) (out= 468)(deflated 53%)
adding: weka/classifiers/pmml/consumer/GeneralRegression$LinkFunction$10.class(in = 1114) (out= 562)(deflated 49%)
adding: weka/classifiers/pmml/consumer/GeneralRegression$LinkFunction$11.class(in = 1030) (out= 490)(deflated 52%)
adding: weka/classifiers/pmml/consumer/GeneralRegression$LinkFunction$2.class(in = 1024) (out= 483)(deflated 52%)
adding: weka/classifiers/pmml/consumer/GeneralRegression$LinkFunction$3.class(in = 972) (out= 451)(deflated 53%)
adding: weka/classifiers/pmml/consumer/GeneralRegression$LinkFunction$4.class(in = 1018) (out= 479)(deflated 52%)
adding: weka/classifiers/pmml/consumer/GeneralRegression$LinkFunction$5.class(in = 1020) (out= 481)(deflated 52%)
adding: weka/classifiers/pmml/consumer/GeneralRegression$LinkFunction$6.class(in = 1023) (out= 485)(deflated 52%)
adding: weka/classifiers/pmml/consumer/GeneralRegression$LinkFunction$7.class(in = 1023) (out= 482)(deflated 52%)
adding: weka/classifiers/pmml/consumer/GeneralRegression$LinkFunction$8.class(in = 1026) (out= 488)(deflated 52%)
adding: weka/classifiers/pmml/consumer/GeneralRegression$LinkFunction$9.class(in = 1137) (out= 579)(deflated 49%)
adding: weka/classifiers/pmml/consumer/GeneralRegression$LinkFunction.class(in = 3423) (out= 1357)(deflated 60%)
adding: weka/classifiers/pmml/consumer/GeneralRegression$ModelType.class(in = 1817) (out= 868)(deflated 52%)
adding: weka/classifiers/pmml/consumer/GeneralRegression$PCell.class(in = 725) (out= 462)(deflated 36%)
adding: weka/classifiers/pmml/consumer/GeneralRegression$PPCell.class(in = 736) (out= 457)(deflated 37%)
adding: weka/classifiers/pmml/consumer/GeneralRegression$Parameter.class(in = 641) (out= 400)(deflated 37%)
adding: weka/classifiers/pmml/consumer/GeneralRegression$Predictor.class(in = 752) (out= 451)(deflated 40%)
adding: weka/classifiers/pmml/consumer/GeneralRegression.class(in = 26378) (out= 12552)(deflated 52%)
adding: weka/classifiers/pmml/consumer/NeuralNetwork$1.class(in = 249) (out= 173)(deflated 30%)
adding: weka/classifiers/pmml/consumer/NeuralNetwork$ActivationFunction$1.class(in = 978) (out= 477)(deflated 51%)
adding: weka/classifiers/pmml/consumer/NeuralNetwork$ActivationFunction$10.class(in = 985) (out= 472)(deflated 52%)
adding: weka/classifiers/pmml/consumer/NeuralNetwork$ActivationFunction$11.class(in = 989) (out= 472)(deflated 52%)
adding: weka/classifiers/pmml/consumer/NeuralNetwork$ActivationFunction$12.class(in = 1012) (out= 495)(deflated 51%)
adding: weka/classifiers/pmml/consumer/NeuralNetwork$ActivationFunction$13.class(in = 1010) (out= 490)(deflated 51%)
adding: weka/classifiers/pmml/consumer/NeuralNetwork$ActivationFunction$2.class(in = 988) (out= 471)(deflated 52%)
adding: weka/classifiers/pmml/consumer/NeuralNetwork$ActivationFunction$3.class(in = 1039) (out= 507)(deflated 51%)
adding: weka/classifiers/pmml/consumer/NeuralNetwork$ActivationFunction$4.class(in = 937) (out= 438)(deflated 53%)
adding: weka/classifiers/pmml/consumer/NeuralNetwork$ActivationFunction$5.class(in = 983) (out= 467)(deflated 52%)
adding: weka/classifiers/pmml/consumer/NeuralNetwork$ActivationFunction$6.class(in = 939) (out= 441)(deflated 53%)
adding: weka/classifiers/pmml/consumer/NeuralNetwork$ActivationFunction$7.class(in = 939) (out= 444)(deflated 52%)
adding: weka/classifiers/pmml/consumer/NeuralNetwork$ActivationFunction$8.class(in = 986) (out= 473)(deflated 52%)
adding: weka/classifiers/pmml/consumer/NeuralNetwork$ActivationFunction$9.class(in = 983) (out= 469)(deflated 52%)
adding: weka/classifiers/pmml/consumer/NeuralNetwork$ActivationFunction.class(in = 3790) (out= 1524)(deflated 59%)
adding: weka/classifiers/pmml/consumer/NeuralNetwork$MiningFunction.class(in = 1287) (out= 597)(deflated 53%)
adding: weka/classifiers/pmml/consumer/NeuralNetwork$NeuralInput.class(in = 3121) (out= 1515)(deflated 51%)
adding: weka/classifiers/pmml/consumer/NeuralNetwork$NeuralLayer.class(in = 6345) (out= 2863)(deflated 54%)
adding: weka/classifiers/pmml/consumer/NeuralNetwork$NeuralOutputs.class(in = 5649) (out= 2916)(deflated 48%)
adding: weka/classifiers/pmml/consumer/NeuralNetwork$Neuron.class(in = 4818) (out= 2551)(deflated 47%)
adding: weka/classifiers/pmml/consumer/NeuralNetwork$Normalization.class(in = 1589) (out= 741)(deflated 53%)
adding: weka/classifiers/pmml/consumer/NeuralNetwork.class(in = 9407) (out= 4587)(deflated 51%)
adding: weka/classifiers/pmml/consumer/PMMLClassifier.class(in = 3775) (out= 1815)(deflated 51%)
adding: weka/classifiers/pmml/consumer/Regression$1.class(in = 1190) (out= 641)(deflated 46%)
adding: weka/classifiers/pmml/consumer/Regression$Normalization.class(in = 1594) (out= 769)(deflated 51%)
adding: weka/classifiers/pmml/consumer/Regression$RegressionTable$CategoricalPredictor.class(in = 2666) (out= 1335)(deflated 49%)
adding: weka/classifiers/pmml/consumer/Regression$RegressionTable$NumericPredictor.class(in = 2319) (out= 1137)(deflated 50%)
adding: weka/classifiers/pmml/consumer/Regression$RegressionTable$Predictor.class(in = 2134) (out= 1149)(deflated 46%)
adding: weka/classifiers/pmml/consumer/Regression$RegressionTable$PredictorTerm.class(in = 3770) (out= 2021)(deflated 46%)
adding: weka/classifiers/pmml/consumer/Regression$RegressionTable.class(in = 5435) (out= 2569)(deflated 52%)
adding: weka/classifiers/pmml/consumer/Regression.class(in = 8118) (out= 4244)(deflated 47%)
adding: weka/classifiers/pmml/consumer/RuleSetModel$CompoundRule.class(in = 3777) (out= 1784)(deflated 52%)
adding: weka/classifiers/pmml/consumer/RuleSetModel$Rule.class(in = 1367) (out= 626)(deflated 54%)
adding: weka/classifiers/pmml/consumer/RuleSetModel$RuleSet$RuleSelectionMethod.class(in = 1766) (out= 777)(deflated 56%)
adding: weka/classifiers/pmml/consumer/RuleSetModel$RuleSet.class(in = 8398) (out= 4126)(deflated 50%)
adding: weka/classifiers/pmml/consumer/RuleSetModel$SimpleRule.class(in = 6613) (out= 3175)(deflated 51%)
adding: weka/classifiers/pmml/consumer/RuleSetModel.class(in = 4657) (out= 2308)(deflated 50%)
adding: weka/classifiers/pmml/consumer/SupportVectorMachineModel$Kernel.class(in = 2257) (out= 1024)(deflated 54%)
adding: weka/classifiers/pmml/consumer/SupportVectorMachineModel$LinearKernel.class(in = 1410) (out= 653)(deflated 53%)
adding: weka/classifiers/pmml/consumer/SupportVectorMachineModel$PolynomialKernel.class(in = 3455) (out= 1668)(deflated 51%)
adding: weka/classifiers/pmml/consumer/SupportVectorMachineModel$RadialBasisKernel.class(in = 2920) (out= 1403)(deflated 51%)
adding: weka/classifiers/pmml/consumer/SupportVectorMachineModel$SVM_representation.class(in = 1414) (out= 618)(deflated 56%)
adding: weka/classifiers/pmml/consumer/SupportVectorMachineModel$SigmoidKernel.class(in = 3232) (out= 1588)(deflated 50%)
adding: weka/classifiers/pmml/consumer/SupportVectorMachineModel$SupportVectorMachine.class(in = 7881) (out= 3814)(deflated 51%)
adding: weka/classifiers/pmml/consumer/SupportVectorMachineModel$classificationMethod.class(in = 1482) (out= 634)(deflated 57%)
adding: weka/classifiers/pmml/consumer/SupportVectorMachineModel.class(in = 10100) (out= 4832)(deflated 52%)
adding: weka/classifiers/pmml/consumer/TreeModel$1.class(in = 944) (out= 524)(deflated 44%)
adding: weka/classifiers/pmml/consumer/TreeModel$CompoundPredicate$BooleanOperator$1.class(in = 2170) (out= 885)(deflated 59%)
adding: weka/classifiers/pmml/consumer/TreeModel$CompoundPredicate$BooleanOperator$2.class(in = 2170) (out= 887)(deflated 59%)
adding: weka/classifiers/pmml/consumer/TreeModel$CompoundPredicate$BooleanOperator$3.class(in = 2060) (out= 860)(deflated 58%)
adding: weka/classifiers/pmml/consumer/TreeModel$CompoundPredicate$BooleanOperator$4.class(in = 1939) (out= 762)(deflated 60%)
adding: weka/classifiers/pmml/consumer/TreeModel$CompoundPredicate$BooleanOperator.class(in = 2921) (out= 1054)(deflated 63%)
adding: weka/classifiers/pmml/consumer/TreeModel$CompoundPredicate.class(in = 4141) (out= 1967)(deflated 52%)
adding: weka/classifiers/pmml/consumer/TreeModel$False.class(in = 947) (out= 468)(deflated 50%)
adding: weka/classifiers/pmml/consumer/TreeModel$MiningFunction.class(in = 1251) (out= 592)(deflated 52%)
adding: weka/classifiers/pmml/consumer/TreeModel$MissingValueStrategy.class(in = 1872) (out= 912)(deflated 51%)
adding: weka/classifiers/pmml/consumer/TreeModel$NoTrueChildStrategy.class(in = 1580) (out= 723)(deflated 54%)
adding: weka/classifiers/pmml/consumer/TreeModel$Predicate$Eval.class(in = 1352) (out= 628)(deflated 53%)
adding: weka/classifiers/pmml/consumer/TreeModel$Predicate.class(in = 3263) (out= 1597)(deflated 51%)
adding: weka/classifiers/pmml/consumer/TreeModel$ScoreDistribution.class(in = 2854) (out= 1439)(deflated 49%)
adding: weka/classifiers/pmml/consumer/TreeModel$SimplePredicate$Operator$1.class(in = 1509) (out= 647)(deflated 57%)
adding: weka/classifiers/pmml/consumer/TreeModel$SimplePredicate$Operator$2.class(in = 1537) (out= 676)(deflated 56%)
adding: weka/classifiers/pmml/consumer/TreeModel$SimplePredicate$Operator$3.class(in = 1536) (out= 674)(deflated 56%)
adding: weka/classifiers/pmml/consumer/TreeModel$SimplePredicate$Operator$4.class(in = 1537) (out= 676)(deflated 56%)
adding: weka/classifiers/pmml/consumer/TreeModel$SimplePredicate$Operator$5.class(in = 1536) (out= 675)(deflated 56%)
adding: weka/classifiers/pmml/consumer/TreeModel$SimplePredicate$Operator$6.class(in = 1537) (out= 675)(deflated 56%)
adding: weka/classifiers/pmml/consumer/TreeModel$SimplePredicate$Operator$7.class(in = 1490) (out= 637)(deflated 57%)
adding: weka/classifiers/pmml/consumer/TreeModel$SimplePredicate$Operator$8.class(in = 1547) (out= 684)(deflated 55%)
adding: weka/classifiers/pmml/consumer/TreeModel$SimplePredicate$Operator.class(in = 3365) (out= 1283)(deflated 61%)
adding: weka/classifiers/pmml/consumer/TreeModel$SimplePredicate.class(in = 3921) (out= 1954)(deflated 50%)
adding: weka/classifiers/pmml/consumer/TreeModel$SimpleSetPredicate$BooleanOperator$1.class(in = 2114) (out= 950)(deflated 55%)
adding: weka/classifiers/pmml/consumer/TreeModel$SimpleSetPredicate$BooleanOperator$2.class(in = 1683) (out= 717)(deflated 57%)
adding: weka/classifiers/pmml/consumer/TreeModel$SimpleSetPredicate$BooleanOperator.class(in = 2498) (out= 944)(deflated 62%)
adding: weka/classifiers/pmml/consumer/TreeModel$SimpleSetPredicate.class(in = 4197) (out= 2073)(deflated 50%)
adding: weka/classifiers/pmml/consumer/TreeModel$SplitCharacteristic.class(in = 1542) (out= 705)(deflated 54%)
adding: weka/classifiers/pmml/consumer/TreeModel$TreeNode.class(in = 13335) (out= 6273)(deflated 52%)
adding: weka/classifiers/pmml/consumer/TreeModel$True.class(in = 942) (out= 471)(deflated 50%)
adding: weka/classifiers/pmml/consumer/TreeModel.class(in = 7273) (out= 3292)(deflated 54%)
adding: weka/classifiers/pmml/producer/(in = 0) (out= 0)(stored 0%)
adding: weka/classifiers/pmml/producer/AbstractPMMLProducerHelper.class(in = 3854) (out= 1875)(deflated 51%)
adding: weka/classifiers/pmml/producer/LogisticProducerHelper.class(in = 7356) (out= 3298)(deflated 55%)
adding: weka/classifiers/rules/(in = 0) (out= 0)(stored 0%)
adding: weka/classifiers/rules/DecisionTable$1.class(in = 233) (out= 168)(deflated 27%)
adding: weka/classifiers/rules/DecisionTable$DummySubsetEvaluator.class(in = 1573) (out= 786)(deflated 50%)
adding: weka/classifiers/rules/DecisionTable.class(in = 23660) (out= 11832)(deflated 49%)
adding: weka/classifiers/rules/DecisionTableHashKey.class(in = 3628) (out= 2070)(deflated 42%)
adding: weka/classifiers/rules/JRip$Antd.class(in = 1846) (out= 892)(deflated 51%)
adding: weka/classifiers/rules/JRip$NominalAntd.class(in = 3061) (out= 1694)(deflated 44%)
adding: weka/classifiers/rules/JRip$NumericAntd.class(in = 4265) (out= 2418)(deflated 43%)
adding: weka/classifiers/rules/JRip$RipperRule.class(in = 8932) (out= 4879)(deflated 45%)
adding: weka/classifiers/rules/JRip.class(in = 26514) (out= 13043)(deflated 50%)
adding: weka/classifiers/rules/M5Rules.class(in = 2403) (out= 1268)(deflated 47%)
adding: weka/classifiers/rules/OneR$OneRRule.class(in = 3747) (out= 1670)(deflated 55%)
adding: weka/classifiers/rules/OneR.class(in = 13793) (out= 6865)(deflated 50%)
adding: weka/classifiers/rules/PART.class(in = 12970) (out= 5701)(deflated 56%)
adding: weka/classifiers/rules/Rule.class(in = 767) (out= 478)(deflated 37%)
adding: weka/classifiers/rules/RuleStats.class(in = 12830) (out= 6613)(deflated 48%)
adding: weka/classifiers/rules/ZeroR.class(in = 4724) (out= 2509)(deflated 46%)
adding: weka/classifiers/rules/part/(in = 0) (out= 0)(stored 0%)
adding: weka/classifiers/rules/part/C45PruneableDecList.class(in = 4255) (out= 2115)(deflated 50%)
adding: weka/classifiers/rules/part/ClassifierDecList.class(in = 7567) (out= 3798)(deflated 49%)
adding: weka/classifiers/rules/part/MakeDecList.class(in = 6823) (out= 3361)(deflated 50%)
adding: weka/classifiers/rules/part/PruneableDecList.class(in = 4633) (out= 2224)(deflated 51%)
adding: weka/classifiers/trees/(in = 0) (out= 0)(stored 0%)
adding: weka/classifiers/trees/DecisionStump.class(in = 13875) (out= 6971)(deflated 49%)
adding: weka/classifiers/trees/HoeffdingTree.class(in = 18661) (out= 8474)(deflated 54%)
adding: weka/classifiers/trees/J48.class(in = 16817) (out= 6975)(deflated 58%)
adding: weka/classifiers/trees/LMT.class(in = 15828) (out= 6820)(deflated 56%)
adding: weka/classifiers/trees/M5P.class(in = 3513) (out= 1786)(deflated 49%)
adding: weka/classifiers/trees/REPTree$Tree.class(in = 19729) (out= 10456)(deflated 47%)
adding: weka/classifiers/trees/REPTree.class(in = 15900) (out= 7552)(deflated 52%)
adding: weka/classifiers/trees/RandomForest.class(in = 12101) (out= 5682)(deflated 53%)
adding: weka/classifiers/trees/RandomTree$Tree.class(in = 16996) (out= 9366)(deflated 44%)
adding: weka/classifiers/trees/RandomTree.class(in = 15560) (out= 7356)(deflated 52%)
adding: weka/classifiers/trees/ht/(in = 0) (out= 0)(stored 0%)
adding: weka/classifiers/trees/ht/ActiveHNode.class(in = 4033) (out= 1832)(deflated 54%)
adding: weka/classifiers/trees/ht/ConditionalSufficientStats.class(in = 1058) (out= 523)(deflated 50%)
adding: weka/classifiers/trees/ht/GaussianConditionalSufficientStats$GaussianEstimator.class(in = 1764) (out= 990)(deflated 43%)
adding: weka/classifiers/trees/ht/GaussianConditionalSufficientStats.class(in = 6380) (out= 2955)(deflated 53%)
adding: weka/classifiers/trees/ht/GiniSplitMetric.class(in = 2601) (out= 1197)(deflated 53%)
adding: weka/classifiers/trees/ht/HNode.class(in = 5679) (out= 2768)(deflated 51%)
adding: weka/classifiers/trees/ht/InactiveHNode.class(in = 975) (out= 518)(deflated 46%)
adding: weka/classifiers/trees/ht/InfoGainSplitMetric.class(in = 3036) (out= 1567)(deflated 48%)
adding: weka/classifiers/trees/ht/LeafNode.class(in = 1134) (out= 612)(deflated 46%)
adding: weka/classifiers/trees/ht/LearningNode.class(in = 131) (out= 115)(deflated 12%)
adding: weka/classifiers/trees/ht/NBNode.class(in = 2468) (out= 1259)(deflated 48%)
adding: weka/classifiers/trees/ht/NBNodeAdaptive.class(in = 3419) (out= 1727)(deflated 49%)
adding: weka/classifiers/trees/ht/NominalConditionalSufficientStats$ValueDistribution.class(in = 2012) (out= 971)(deflated 51%)
adding: weka/classifiers/trees/ht/NominalConditionalSufficientStats.class(in = 5019) (out= 2180)(deflated 56%)
adding: weka/classifiers/trees/ht/Split.class(in = 833) (out= 497)(deflated 40%)
adding: weka/classifiers/trees/ht/SplitCandidate.class(in = 1481) (out= 676)(deflated 54%)
adding: weka/classifiers/trees/ht/SplitMetric.class(in = 1615) (out= 768)(deflated 52%)
adding: weka/classifiers/trees/ht/SplitNode.class(in = 5362) (out= 2549)(deflated 52%)
adding: weka/classifiers/trees/ht/UnivariateNominalMultiwaySplit.class(in = 1665) (out= 841)(deflated 49%)
adding: weka/classifiers/trees/ht/UnivariateNumericBinarySplit.class(in = 2098) (out= 1073)(deflated 48%)
adding: weka/classifiers/trees/ht/WeightMass.class(in = 422) (out= 303)(deflated 28%)
adding: weka/classifiers/trees/j48/(in = 0) (out= 0)(stored 0%)
adding: weka/classifiers/trees/j48/BinC45ModelSelection.class(in = 4143) (out= 2158)(deflated 47%)
adding: weka/classifiers/trees/j48/BinC45Split.class(in = 8784) (out= 4418)(deflated 49%)
adding: weka/classifiers/trees/j48/C45ModelSelection.class(in = 4235) (out= 2185)(deflated 48%)
adding: weka/classifiers/trees/j48/C45PruneableClassifierTree.class(in = 6398) (out= 3105)(deflated 51%)
adding: weka/classifiers/trees/j48/C45Split.class(in = 8799) (out= 4448)(deflated 49%)
adding: weka/classifiers/trees/j48/ClassifierSplitModel.class(in = 5605) (out= 2727)(deflated 51%)
adding: weka/classifiers/trees/j48/ClassifierTree.class(in = 13285) (out= 6205)(deflated 53%)
adding: weka/classifiers/trees/j48/Distribution.class(in = 11539) (out= 5276)(deflated 54%)
adding: weka/classifiers/trees/j48/EntropyBasedSplitCrit.class(in = 1544) (out= 848)(deflated 45%)
adding: weka/classifiers/trees/j48/EntropySplitCrit.class(in = 1707) (out= 936)(deflated 45%)
adding: weka/classifiers/trees/j48/GainRatioSplitCrit.class(in = 1873) (out= 1050)(deflated 43%)
adding: weka/classifiers/trees/j48/InfoGainSplitCrit.class(in = 1641) (out= 868)(deflated 47%)
adding: weka/classifiers/trees/j48/ModelSelection.class(in = 900) (out= 494)(deflated 45%)
adding: weka/classifiers/trees/j48/NBTreeClassifierTree.class(in = 5874) (out= 2769)(deflated 52%)
adding: weka/classifiers/trees/j48/NBTreeModelSelection.class(in = 3657) (out= 1888)(deflated 48%)
adding: weka/classifiers/trees/j48/NBTreeNoSplit.class(in = 4142) (out= 1886)(deflated 54%)
adding: weka/classifiers/trees/j48/NBTreeSplit.class(in = 6549) (out= 3247)(deflated 50%)
adding: weka/classifiers/trees/j48/NoSplit.class(in = 1730) (out= 777)(deflated 55%)
adding: weka/classifiers/trees/j48/PruneableClassifierTree.class(in = 4698) (out= 2266)(deflated 51%)
adding: weka/classifiers/trees/j48/SplitCriterion.class(in = 1234) (out= 501)(deflated 59%)
adding: weka/classifiers/trees/j48/Stats.class(in = 1359) (out= 886)(deflated 34%)
adding: weka/classifiers/trees/lmt/(in = 0) (out= 0)(stored 0%)
adding: weka/classifiers/trees/lmt/CompareNode.class(in = 1180) (out= 581)(deflated 50%)
adding: weka/classifiers/trees/lmt/LMTNode.class(in = 14836) (out= 7370)(deflated 50%)
adding: weka/classifiers/trees/lmt/LogisticBase$UnsafeInstance.class(in = 1201) (out= 695)(deflated 42%)
adding: weka/classifiers/trees/lmt/LogisticBase.class(in = 16223) (out= 8583)(deflated 47%)
adding: weka/classifiers/trees/lmt/ResidualModelSelection.class(in = 2518) (out= 1270)(deflated 49%)
adding: weka/classifiers/trees/lmt/ResidualSplit.class(in = 5873) (out= 3193)(deflated 45%)
adding: weka/classifiers/trees/lmt/SimpleLinearRegression.class(in = 3213) (out= 1783)(deflated 44%)
adding: weka/classifiers/trees/m5/(in = 0) (out= 0)(stored 0%)
adding: weka/classifiers/trees/m5/CorrelationSplitInfo.class(in = 3770) (out= 2028)(deflated 46%)
adding: weka/classifiers/trees/m5/Impurity.class(in = 4295) (out= 2116)(deflated 50%)
adding: weka/classifiers/trees/m5/M5Base.class(in = 11933) (out= 5643)(deflated 52%)
adding: weka/classifiers/trees/m5/PreConstructedLinearModel.class(in = 3206) (out= 1679)(deflated 47%)
adding: weka/classifiers/trees/m5/Rule.class(in = 8425) (out= 4286)(deflated 49%)
adding: weka/classifiers/trees/m5/RuleNode.class(in = 15339) (out= 7538)(deflated 50%)
adding: weka/classifiers/trees/m5/SplitEvaluate.class(in = 394) (out= 253)(deflated 35%)
adding: weka/classifiers/trees/m5/Values.class(in = 2410) (out= 1290)(deflated 46%)
adding: weka/classifiers/trees/m5/YongSplitInfo.class(in = 4086) (out= 2090)(deflated 48%)
adding: weka/classifiers/xml/(in = 0) (out= 0)(stored 0%)
adding: weka/classifiers/xml/XMLClassifier.class(in = 927) (out= 513)(deflated 44%)
adding: weka/clusterers/(in = 0) (out= 0)(stored 0%)
adding: weka/clusterers/AbstractClusterer.class(in = 6947) (out= 3074)(deflated 55%)
adding: weka/clusterers/AbstractDensityBasedClusterer.class(in = 2279) (out= 1211)(deflated 46%)
adding: weka/clusterers/Canopy.class(in = 26702) (out= 12923)(deflated 51%)
adding: weka/clusterers/CheckClusterer.class(in = 21403) (out= 9640)(deflated 54%)
adding: weka/clusterers/ClusterEvaluation.class(in = 25851) (out= 13330)(deflated 48%)
adding: weka/clusterers/Clusterer.class(in = 446) (out= 257)(deflated 42%)
adding: weka/clusterers/Cobweb$CNode.class(in = 12285) (out= 6378)(deflated 48%)
adding: weka/clusterers/Cobweb.class(in = 10717) (out= 5199)(deflated 51%)
adding: weka/clusterers/DensityBasedClusterer.class(in = 491) (out= 261)(deflated 46%)
adding: weka/clusterers/EM$ETask.class(in = 1696) (out= 999)(deflated 41%)
adding: weka/clusterers/EM$MTask.class(in = 2113) (out= 1156)(deflated 45%)
adding: weka/clusterers/EM.class(in = 32423) (out= 15623)(deflated 51%)
adding: weka/clusterers/FarthestFirst.class(in = 11375) (out= 5870)(deflated 48%)
adding: weka/clusterers/FilteredClusterer.class(in = 7204) (out= 3527)(deflated 51%)
adding: weka/clusterers/HierarchicalClusterer$Node.class(in = 3466) (out= 1541)(deflated 55%)
adding: weka/clusterers/HierarchicalClusterer$Tuple.class(in = 853) (out= 473)(deflated 44%)
adding: weka/clusterers/HierarchicalClusterer$TupleComparator.class(in = 1233) (out= 551)(deflated 55%)
adding: weka/clusterers/HierarchicalClusterer.class(in = 23174) (out= 11597)(deflated 49%)
adding: weka/clusterers/MakeDensityBasedClusterer.class(in = 11395) (out= 5626)(deflated 50%)
adding: weka/clusterers/NumberOfClustersRequestable.class(in = 231) (out= 167)(deflated 27%)
adding: weka/clusterers/RandomizableClusterer.class(in = 2788) (out= 1383)(deflated 50%)
adding: weka/clusterers/RandomizableDensityBasedClusterer.class(in = 2836) (out= 1396)(deflated 50%)
adding: weka/clusterers/RandomizableSingleClustererEnhancer.class(in = 2830) (out= 1398)(deflated 50%)
adding: weka/clusterers/SimpleKMeans$KMeansClusterTask.class(in = 2721) (out= 1508)(deflated 44%)
adding: weka/clusterers/SimpleKMeans$KMeansComputeCentroidTask.class(in = 1122) (out= 594)(deflated 47%)
adding: weka/clusterers/SimpleKMeans.class(in = 38573) (out= 18259)(deflated 52%)
adding: weka/clusterers/SingleClustererEnhancer.class(in = 4472) (out= 2142)(deflated 52%)
adding: weka/clusterers/UpdateableClusterer.class(in = 266) (out= 185)(deflated 30%)
adding: weka/core/(in = 0) (out= 0)(stored 0%)
adding: weka/core/AbstractInstance.class(in = 8759) (out= 3656)(deflated 58%)
adding: weka/core/AdditionalMeasureProducer.class(in = 310) (out= 205)(deflated 33%)
adding: weka/core/Aggregateable.class(in = 354) (out= 219)(deflated 38%)
adding: weka/core/AlgVector.class(in = 6639) (out= 3470)(deflated 47%)
adding: weka/core/AllJavadoc.class(in = 3067) (out= 1530)(deflated 50%)
adding: weka/core/Attribute$1.class(in = 1063) (out= 593)(deflated 44%)
adding: weka/core/Attribute.class(in = 20762) (out= 9156)(deflated 55%)
adding: weka/core/AttributeInfo.class(in = 145) (out= 126)(deflated 13%)
adding: weka/core/AttributeLocator.class(in = 4718) (out= 2289)(deflated 51%)
adding: weka/core/AttributeMetaInfo.class(in = 5383) (out= 2755)(deflated 48%)
adding: weka/core/AttributeStats.class(in = 3007) (out= 1579)(deflated 47%)
adding: weka/core/BatchPredictor.class(in = 380) (out= 254)(deflated 33%)
adding: weka/core/BinarySparseInstance.class(in = 12031) (out= 5818)(deflated 51%)
adding: weka/core/Capabilities$Capability.class(in = 3606) (out= 1683)(deflated 53%)
adding: weka/core/Capabilities.class(in = 23356) (out= 10585)(deflated 54%)
adding: weka/core/Capabilities.props(in = 826) (out= 316)(deflated 61%)
adding: weka/core/CapabilitiesHandler.class(in = 184) (out= 133)(deflated 27%)
adding: weka/core/CapabilitiesIgnorer.class(in = 214) (out= 154)(deflated 28%)
adding: weka/core/ChebyshevDistance.class(in = 2213) (out= 1145)(deflated 48%)
adding: weka/core/Check.class(in = 4956) (out= 2403)(deflated 51%)
adding: weka/core/CheckGOE.class(in = 6994) (out= 3497)(deflated 50%)
adding: weka/core/CheckOptionHandler.class(in = 9039) (out= 4391)(deflated 51%)
adding: weka/core/CheckScheme$PostProcessor.class(in = 782) (out= 428)(deflated 45%)
adding: weka/core/CheckScheme.class(in = 9974) (out= 4456)(deflated 55%)
adding: weka/core/ClassCache$ClassFileFilter.class(in = 681) (out= 395)(deflated 41%)
adding: weka/core/ClassCache$DirectoryFilter.class(in = 584) (out= 347)(deflated 40%)
adding: weka/core/ClassCache.class(in = 8833) (out= 4350)(deflated 50%)
adding: weka/core/ClassDiscovery$StringCompare.class(in = 2201) (out= 1195)(deflated 45%)
adding: weka/core/ClassDiscovery.class(in = 10510) (out= 4914)(deflated 53%)
adding: weka/core/ClassloaderUtil.class(in = 2900) (out= 1509)(deflated 47%)
adding: weka/core/CommandlineRunnable.class(in = 307) (out= 196)(deflated 36%)
adding: weka/core/ConjugateGradientOptimization.class(in = 5458) (out= 3132)(deflated 42%)
adding: weka/core/ContingencyTables.class(in = 11358) (out= 6131)(deflated 46%)
adding: weka/core/Copyable.class(in = 145) (out= 118)(deflated 18%)
adding: weka/core/Copyright.class(in = 2222) (out= 1147)(deflated 48%)
adding: weka/core/Copyright.props(in = 252) (out= 203)(deflated 19%)
adding: weka/core/CustomDisplayStringProvider.class(in = 188) (out= 140)(deflated 25%)
adding: weka/core/DateAttributeInfo.class(in = 681) (out= 439)(deflated 35%)
adding: weka/core/Debug$Clock.class(in = 5154) (out= 2646)(deflated 48%)
adding: weka/core/Debug$DBO.class(in = 2354) (out= 1130)(deflated 51%)
adding: weka/core/Debug$Log.class(in = 4378) (out= 2192)(deflated 49%)
adding: weka/core/Debug$Random.class(in = 4820) (out= 2240)(deflated 53%)
adding: weka/core/Debug$SimpleLog.class(in = 2099) (out= 1082)(deflated 48%)
adding: weka/core/Debug$Timestamp.class(in = 1922) (out= 994)(deflated 48%)
adding: weka/core/Debug.class(in = 5783) (out= 2664)(deflated 53%)
adding: weka/core/Defaults.class(in = 1622) (out= 766)(deflated 52%)
adding: weka/core/DenseInstance.class(in = 9537) (out= 4467)(deflated 53%)
adding: weka/core/DictionaryBuilder.class(in = 34084) (out= 15625)(deflated 54%)
adding: weka/core/DistanceFunction.class(in = 900) (out= 397)(deflated 55%)
adding: weka/core/Drawable.class(in = 366) (out= 258)(deflated 29%)
adding: weka/core/EnumHelper.class(in = 2852) (out= 1392)(deflated 51%)
adding: weka/core/Environment.class(in = 4921) (out= 2496)(deflated 49%)
adding: weka/core/EnvironmentHandler.class(in = 181) (out= 133)(deflated 26%)
adding: weka/core/EnvironmentProperties.class(in = 932) (out= 513)(deflated 44%)
adding: weka/core/EuclideanDistance.class(in = 4273) (out= 2137)(deflated 49%)
adding: weka/core/FastVector.class(in = 4002) (out= 1603)(deflated 59%)
adding: weka/core/FileHelper.class(in = 982) (out= 522)(deflated 46%)
adding: weka/core/FilteredDistance.class(in = 8192) (out= 3690)(deflated 54%)
adding: weka/core/FindWithCapabilities.class(in = 18303) (out= 8540)(deflated 53%)
adding: weka/core/FontHelper.class(in = 1419) (out= 658)(deflated 53%)
adding: weka/core/GlobalInfoJavadoc.class(in = 2257) (out= 1169)(deflated 48%)
adding: weka/core/Instance.class(in = 1981) (out= 763)(deflated 61%)
adding: weka/core/InstanceComparator.class(in = 5173) (out= 2515)(deflated 51%)
adding: weka/core/Instances.class(in = 38961) (out= 18768)(deflated 51%)
adding: weka/core/Javadoc.class(in = 9673) (out= 4840)(deflated 49%)
adding: weka/core/ListOptions.class(in = 4930) (out= 2405)(deflated 51%)
adding: weka/core/LogHandler.class(in = 190) (out= 147)(deflated 22%)
adding: weka/core/ManhattanDistance.class(in = 2182) (out= 1121)(deflated 48%)
adding: weka/core/Matchable.class(in = 197) (out= 154)(deflated 21%)
adding: weka/core/Matrix.class(in = 9713) (out= 4624)(deflated 52%)
adding: weka/core/Memory.class(in = 6413) (out= 3383)(deflated 47%)
adding: weka/core/MinkowskiDistance.class(in = 5689) (out= 2689)(deflated 52%)
adding: weka/core/MultiInstanceCapabilitiesHandler.class(in = 260) (out= 160)(deflated 38%)
adding: weka/core/NoSupportForMissingValuesException.class(in = 563) (out= 346)(deflated 38%)
adding: weka/core/NominalAttributeInfo.class(in = 2361) (out= 1203)(deflated 49%)
adding: weka/core/NormalizableDistance.class(in = 11504) (out= 5590)(deflated 51%)
adding: weka/core/Optimization$DynamicIntArray.class(in = 2445) (out= 1293)(deflated 47%)
adding: weka/core/Optimization.class(in = 21808) (out= 11991)(deflated 45%)
adding: weka/core/Option.class(in = 15005) (out= 7148)(deflated 52%)
adding: weka/core/OptionHandler.class(in = 374) (out= 231)(deflated 38%)
adding: weka/core/OptionHandlerJavadoc.class(in = 4431) (out= 2244)(deflated 49%)
adding: weka/core/OptionMetadata.class(in = 701) (out= 392)(deflated 44%)
adding: weka/core/PartitionGenerator.class(in = 372) (out= 243)(deflated 34%)
adding: weka/core/PluginManager.class(in = 10954) (out= 4729)(deflated 56%)
adding: weka/core/PropertyPath$Path.class(in = 3344) (out= 1548)(deflated 53%)
adding: weka/core/PropertyPath$PathElement.class(in = 1852) (out= 969)(deflated 47%)
adding: weka/core/PropertyPath$PropertyContainer.class(in = 1077) (out= 528)(deflated 50%)
adding: weka/core/PropertyPath.class(in = 5172) (out= 2390)(deflated 53%)
adding: weka/core/ProtectedProperties.class(in = 2428) (out= 1104)(deflated 54%)
adding: weka/core/Queue$QueueNode.class(in = 1347) (out= 644)(deflated 52%)
adding: weka/core/Queue.class(in = 3297) (out= 1779)(deflated 46%)
adding: weka/core/RandomVariates.class(in = 5637) (out= 3090)(deflated 45%)
adding: weka/core/Randomizable.class(in = 164) (out= 138)(deflated 15%)
adding: weka/core/Range.class(in = 7543) (out= 4127)(deflated 45%)
adding: weka/core/RelationalAttributeInfo.class(in = 476) (out= 300)(deflated 36%)
adding: weka/core/RelationalLocator.class(in = 3958) (out= 2000)(deflated 49%)
adding: weka/core/RepositoryIndexGenerator$1.class(in = 1362) (out= 716)(deflated 47%)
adding: weka/core/RepositoryIndexGenerator.class(in = 16264) (out= 8209)(deflated 49%)
adding: weka/core/ResampleUtils.class(in = 1019) (out= 576)(deflated 43%)
adding: weka/core/RevisionHandler.class(in = 166) (out= 132)(deflated 20%)
adding: weka/core/RevisionUtils$Type.class(in = 1113) (out= 591)(deflated 46%)
adding: weka/core/RevisionUtils.class(in = 2787) (out= 1420)(deflated 49%)
adding: weka/core/SelectedTag.class(in = 2890) (out= 1536)(deflated 46%)
adding: weka/core/SerializationHelper$1.class(in = 2752) (out= 1332)(deflated 51%)
adding: weka/core/SerializationHelper.class(in = 6289) (out= 2733)(deflated 56%)
adding: weka/core/SerializedObject$1.class(in = 2804) (out= 1352)(deflated 51%)
adding: weka/core/SerializedObject$2.class(in = 2847) (out= 1391)(deflated 51%)
adding: weka/core/SerializedObject.class(in = 3204) (out= 1663)(deflated 48%)
adding: weka/core/Settings$SettingKey.class(in = 3702) (out= 1409)(deflated 61%)
adding: weka/core/Settings.class(in = 8785) (out= 3756)(deflated 57%)
adding: weka/core/SingleIndex.class(in = 3326) (out= 1764)(deflated 46%)
adding: weka/core/SparseInstance.class(in = 14839) (out= 7316)(deflated 50%)
adding: weka/core/SpecialFunctions.class(in = 2125) (out= 1179)(deflated 44%)
adding: weka/core/Statistics.class(in = 14104) (out= 8565)(deflated 39%)
adding: weka/core/Stopwords.class(in = 16828) (out= 9179)(deflated 45%)
adding: weka/core/StringLocator.class(in = 3931) (out= 1983)(deflated 49%)
adding: weka/core/Summarizable.class(in = 164) (out= 132)(deflated 19%)
adding: weka/core/SystemInfo.class(in = 3960) (out= 2058)(deflated 48%)
adding: weka/core/Tag.class(in = 2773) (out= 1306)(deflated 52%)
adding: weka/core/TechnicalInformation$Field.class(in = 8871) (out= 4534)(deflated 48%)
adding: weka/core/TechnicalInformation$Type.class(in = 3258) (out= 1740)(deflated 46%)
adding: weka/core/TechnicalInformation.class(in = 10588) (out= 4791)(deflated 54%)
adding: weka/core/TechnicalInformationHandler.class(in = 216) (out= 142)(deflated 34%)
adding: weka/core/TechnicalInformationHandlerJavadoc.class(in = 4486) (out= 2224)(deflated 50%)
adding: weka/core/Tee.class(in = 7828) (out= 3030)(deflated 61%)
adding: weka/core/TestInstances.class(in = 27639) (out= 12408)(deflated 55%)
adding: weka/core/ThreadSafe.class(in = 111) (out= 96)(deflated 13%)
adding: weka/core/Trie$TrieIterator.class(in = 1697) (out= 906)(deflated 46%)
adding: weka/core/Trie$TrieNode.class(in = 6051) (out= 2963)(deflated 51%)
adding: weka/core/Trie.class(in = 7443) (out= 3479)(deflated 53%)
adding: weka/core/UnassignedClassException.class(in = 536) (out= 339)(deflated 36%)
adding: weka/core/UnassignedDatasetException.class(in = 542) (out= 344)(deflated 36%)
adding: weka/core/Undoable.class(in = 251) (out= 177)(deflated 29%)
adding: weka/core/UnsupportedAttributeTypeException.class(in = 560) (out= 348)(deflated 37%)
adding: weka/core/UnsupportedClassTypeException.class(in = 548) (out= 344)(deflated 37%)
adding: weka/core/Utils$1.class(in = 1307) (out= 680)(deflated 47%)
adding: weka/core/Utils.class(in = 38666) (out= 19607)(deflated 49%)
adding: weka/core/Version.class(in = 6111) (out= 3006)(deflated 50%)
adding: weka/core/WeightedInstancesHandler.class(in = 139) (out= 111)(deflated 20%)
adding: weka/core/WekaEnumeration.class(in = 1802) (out= 899)(deflated 50%)
adding: weka/core/WekaException.class(in = 995) (out= 519)(deflated 47%)
adding: weka/core/WekaPackageClassLoaderManager.class(in = 17647) (out= 8301)(deflated 52%)
adding: weka/core/WekaPackageLibIsolatingClassLoader.class(in = 23311) (out= 11263)(deflated 51%)
adding: weka/core/WekaPackageManager.class(in = 55255) (out= 27003)(deflated 51%)
adding: weka/core/converters/(in = 0) (out= 0)(stored 0%)
adding: weka/core/converters/AbstractFileLoader.class(in = 6533) (out= 3430)(deflated 47%)
adding: weka/core/converters/AbstractFileSaver.class(in = 10352) (out= 5094)(deflated 50%)
adding: weka/core/converters/AbstractLoader.class(in = 1362) (out= 668)(deflated 50%)
adding: weka/core/converters/AbstractSaver.class(in = 4767) (out= 2035)(deflated 57%)
adding: weka/core/converters/ArffLoader$ArffReader.class(in = 14438) (out= 7214)(deflated 50%)
adding: weka/core/converters/ArffLoader.class(in = 5893) (out= 2937)(deflated 50%)
adding: weka/core/converters/ArffSaver.class(in = 8381) (out= 4157)(deflated 50%)
adding: weka/core/converters/BatchConverter.class(in = 130) (out= 105)(deflated 19%)
adding: weka/core/converters/C45Loader.class(in = 9444) (out= 5059)(deflated 46%)
adding: weka/core/converters/C45Saver.class(in = 10651) (out= 5500)(deflated 48%)
adding: weka/core/converters/CSVLoader$TYPE.class(in = 1252) (out= 653)(deflated 47%)
adding: weka/core/converters/CSVLoader.class(in = 27608) (out= 12900)(deflated 53%)
adding: weka/core/converters/CSVSaver.class(in = 10439) (out= 5198)(deflated 50%)
adding: weka/core/converters/ConverterUtils$DataSink.class(in = 3375) (out= 1547)(deflated 54%)
adding: weka/core/converters/ConverterUtils$DataSource.class(in = 6891) (out= 3370)(deflated 51%)
adding: weka/core/converters/ConverterUtils.class(in = 10863) (out= 4535)(deflated 58%)
adding: weka/core/converters/DatabaseConnection.class(in = 1872) (out= 896)(deflated 52%)
adding: weka/core/converters/DatabaseConverter.class(in = 275) (out= 183)(deflated 33%)
adding: weka/core/converters/DatabaseLoader.class(in = 29004) (out= 14532)(deflated 49%)
adding: weka/core/converters/DatabaseSaver.class(in = 19383) (out= 9522)(deflated 50%)
adding: weka/core/converters/DictionarySaver.class(in = 10730) (out= 4719)(deflated 56%)
adding: weka/core/converters/FileSourcedConverter.class(in = 472) (out= 278)(deflated 41%)
adding: weka/core/converters/IncrementalConverter.class(in = 142) (out= 111)(deflated 21%)
adding: weka/core/converters/JSONLoader.class(in = 5295) (out= 2658)(deflated 49%)
adding: weka/core/converters/JSONSaver.class(in = 7583) (out= 3672)(deflated 51%)
adding: weka/core/converters/LibSVMLoader.class(in = 7757) (out= 4087)(deflated 47%)
adding: weka/core/converters/LibSVMSaver.class(in = 7393) (out= 3715)(deflated 49%)
adding: weka/core/converters/Loader$StructureNotReadyException.class(in = 563) (out= 348)(deflated 38%)
adding: weka/core/converters/Loader.class(in = 799) (out= 438)(deflated 45%)
adding: weka/core/converters/MatlabLoader.class(in = 6403) (out= 3299)(deflated 48%)
adding: weka/core/converters/MatlabSaver.class(in = 8559) (out= 4237)(deflated 50%)
adding: weka/core/converters/SVMLightLoader.class(in = 8719) (out= 4560)(deflated 47%)
adding: weka/core/converters/SVMLightSaver.class(in = 7679) (out= 3884)(deflated 49%)
adding: weka/core/converters/Saver.class(in = 972) (out= 500)(deflated 48%)
adding: weka/core/converters/SerializedInstancesLoader.class(in = 3128) (out= 1466)(deflated 53%)
adding: weka/core/converters/SerializedInstancesSaver.class(in = 3023) (out= 1500)(deflated 50%)
adding: weka/core/converters/StreamTokenizerUtils.class(in = 1705) (out= 884)(deflated 48%)
adding: weka/core/converters/TextDirectoryLoader.class(in = 12678) (out= 6278)(deflated 50%)
adding: weka/core/converters/URLSourcedLoader.class(in = 268) (out= 184)(deflated 31%)
adding: weka/core/converters/XRFFLoader.class(in = 5096) (out= 2573)(deflated 49%)
adding: weka/core/converters/XRFFSaver.class(in = 7145) (out= 3459)(deflated 51%)
adding: weka/core/expressionlanguage/(in = 0) (out= 0)(stored 0%)
adding: weka/core/expressionlanguage/common/(in = 0) (out= 0)(stored 0%)
adding: weka/core/expressionlanguage/common/IfElseMacro$BooleanIfElse.class(in = 1178) (out= 509)(deflated 56%)
adding: weka/core/expressionlanguage/common/IfElseMacro$DoubleIfElse.class(in = 1353) (out= 552)(deflated 59%)
adding: weka/core/expressionlanguage/common/IfElseMacro$StringIfElse.class(in = 1370) (out= 555)(deflated 59%)
adding: weka/core/expressionlanguage/common/IfElseMacro.class(in = 3118) (out= 1130)(deflated 63%)
adding: weka/core/expressionlanguage/common/JavaMacro$BooleanJavaMethod.class(in = 2080) (out= 1035)(deflated 50%)
adding: weka/core/expressionlanguage/common/JavaMacro$DoubleJavaMethod.class(in = 2079) (out= 1038)(deflated 50%)
adding: weka/core/expressionlanguage/common/JavaMacro$InvalidSignature.class(in = 855) (out= 485)(deflated 43%)
adding: weka/core/expressionlanguage/common/JavaMacro$JavaMethod.class(in = 1969) (out= 988)(deflated 49%)
adding: weka/core/expressionlanguage/common/JavaMacro$StringJavaMethod.class(in = 2008) (out= 990)(deflated 50%)
adding: weka/core/expressionlanguage/common/JavaMacro.class(in = 7669) (out= 3594)(deflated 53%)
adding: weka/core/expressionlanguage/common/MacroDeclarationsCompositor.class(in = 1452) (out= 692)(deflated 52%)
adding: weka/core/expressionlanguage/common/MathFunctions$1.class(in = 259) (out= 175)(deflated 32%)
adding: weka/core/expressionlanguage/common/MathFunctions$AbsFunction.class(in = 995) (out= 443)(deflated 55%)
adding: weka/core/expressionlanguage/common/MathFunctions$CeilFunction.class(in = 999) (out= 438)(deflated 56%)
adding: weka/core/expressionlanguage/common/MathFunctions$CosFunction.class(in = 995) (out= 442)(deflated 55%)
adding: weka/core/expressionlanguage/common/MathFunctions$DoubleUnaryFunction.class(in = 821) (out= 366)(deflated 55%)
adding: weka/core/expressionlanguage/common/MathFunctions$DoubleUnaryMacro.class(in = 2511) (out= 1072)(deflated 57%)
adding: weka/core/expressionlanguage/common/MathFunctions$ExpFunction.class(in = 995) (out= 437)(deflated 56%)
adding: weka/core/expressionlanguage/common/MathFunctions$FloorFunction.class(in = 1003) (out= 446)(deflated 55%)
adding: weka/core/expressionlanguage/common/MathFunctions$LogFunction.class(in = 995) (out= 442)(deflated 55%)
adding: weka/core/expressionlanguage/common/MathFunctions$PowFunction.class(in = 1059) (out= 476)(deflated 55%)
adding: weka/core/expressionlanguage/common/MathFunctions$PowMacro.class(in = 1720) (out= 705)(deflated 59%)
adding: weka/core/expressionlanguage/common/MathFunctions$RintFunction.class(in = 999) (out= 444)(deflated 55%)
adding: weka/core/expressionlanguage/common/MathFunctions$SinFunction.class(in = 995) (out= 441)(deflated 55%)
adding: weka/core/expressionlanguage/common/MathFunctions$SqrtFunction.class(in = 999) (out= 444)(deflated 55%)
adding: weka/core/expressionlanguage/common/MathFunctions$TanFunction.class(in = 995) (out= 442)(deflated 55%)
adding: weka/core/expressionlanguage/common/MathFunctions.class(in = 3320) (out= 1223)(deflated 63%)
adding: weka/core/expressionlanguage/common/NoMacros.class(in = 930) (out= 479)(deflated 48%)
adding: weka/core/expressionlanguage/common/NoVariables.class(in = 950) (out= 481)(deflated 49%)
adding: weka/core/expressionlanguage/common/Operators$Addition.class(in = 1122) (out= 511)(deflated 54%)
adding: weka/core/expressionlanguage/common/Operators$And.class(in = 1404) (out= 591)(deflated 57%)
adding: weka/core/expressionlanguage/common/Operators$BooleanBinaryExpression.class(in = 1215) (out= 544)(deflated 55%)
adding: weka/core/expressionlanguage/common/Operators$CompiledRegexp.class(in = 1443) (out= 664)(deflated 53%)
adding: weka/core/expressionlanguage/common/Operators$Concatenation.class(in = 1246) (out= 584)(deflated 53%)
adding: weka/core/expressionlanguage/common/Operators$Division.class(in = 1122) (out= 511)(deflated 54%)
adding: weka/core/expressionlanguage/common/Operators$DoubleBinaryExpression.class(in = 1016) (out= 472)(deflated 53%)
adding: weka/core/expressionlanguage/common/Operators$Equal.class(in = 1408) (out= 598)(deflated 57%)
adding: weka/core/expressionlanguage/common/Operators$GreaterEqual.class(in = 1429) (out= 607)(deflated 57%)
adding: weka/core/expressionlanguage/common/Operators$GreaterThan.class(in = 1426) (out= 601)(deflated 57%)
adding: weka/core/expressionlanguage/common/Operators$Is.class(in = 1448) (out= 604)(deflated 58%)
adding: weka/core/expressionlanguage/common/Operators$LessEqual.class(in = 1420) (out= 607)(deflated 57%)
adding: weka/core/expressionlanguage/common/Operators$LessThan.class(in = 1417) (out= 605)(deflated 57%)
adding: weka/core/expressionlanguage/common/Operators$Multiplication.class(in = 1140) (out= 509)(deflated 55%)
adding: weka/core/expressionlanguage/common/Operators$Not.class(in = 981) (out= 508)(deflated 48%)
adding: weka/core/expressionlanguage/common/Operators$Or.class(in = 1402) (out= 594)(deflated 57%)
adding: weka/core/expressionlanguage/common/Operators$Pow.class(in = 1153) (out= 533)(deflated 53%)
adding: weka/core/expressionlanguage/common/Operators$Regexp.class(in = 1461) (out= 604)(deflated 58%)
adding: weka/core/expressionlanguage/common/Operators$Subtraction.class(in = 1131) (out= 510)(deflated 54%)
adding: weka/core/expressionlanguage/common/Operators$UMinus.class(in = 952) (out= 478)(deflated 49%)
adding: weka/core/expressionlanguage/common/Operators.class(in = 6999) (out= 1877)(deflated 73%)
adding: weka/core/expressionlanguage/common/Primitives$BooleanConstant.class(in = 790) (out= 442)(deflated 44%)
adding: weka/core/expressionlanguage/common/Primitives$BooleanExpression.class(in = 329) (out= 205)(deflated 37%)
adding: weka/core/expressionlanguage/common/Primitives$BooleanVariable.class(in = 1113) (out= 545)(deflated 51%)
adding: weka/core/expressionlanguage/common/Primitives$DoubleConstant.class(in = 785) (out= 445)(deflated 43%)
adding: weka/core/expressionlanguage/common/Primitives$DoubleExpression.class(in = 327) (out= 203)(deflated 37%)
adding: weka/core/expressionlanguage/common/Primitives$DoubleVariable.class(in = 1108) (out= 550)(deflated 50%)
adding: weka/core/expressionlanguage/common/Primitives$StringConstant.class(in = 836) (out= 449)(deflated 46%)
adding: weka/core/expressionlanguage/common/Primitives$StringExpression.class(in = 344) (out= 211)(deflated 38%)
adding: weka/core/expressionlanguage/common/Primitives$StringVariable.class(in = 1091) (out= 531)(deflated 51%)
adding: weka/core/expressionlanguage/common/Primitives.class(in = 1288) (out= 479)(deflated 62%)
adding: weka/core/expressionlanguage/common/SimpleVariableDeclarations$VariableInitializer.class(in = 3614) (out= 1490)(deflated 58%)
adding: weka/core/expressionlanguage/common/SimpleVariableDeclarations.class(in = 2981) (out= 1073)(deflated 64%)
adding: weka/core/expressionlanguage/common/VariableDeclarationsCompositor.class(in = 1481) (out= 693)(deflated 53%)
adding: weka/core/expressionlanguage/core/(in = 0) (out= 0)(stored 0%)
adding: weka/core/expressionlanguage/core/Macro.class(in = 310) (out= 175)(deflated 43%)
adding: weka/core/expressionlanguage/core/MacroDeclarations.class(in = 275) (out= 172)(deflated 37%)
adding: weka/core/expressionlanguage/core/Node.class(in = 151) (out= 130)(deflated 13%)
adding: weka/core/expressionlanguage/core/SemanticException.class(in = 686) (out= 373)(deflated 45%)
adding: weka/core/expressionlanguage/core/SyntaxException.class(in = 465) (out= 304)(deflated 34%)
adding: weka/core/expressionlanguage/core/VariableDeclarations.class(in = 314) (out= 203)(deflated 35%)
adding: weka/core/expressionlanguage/package-info.class(in = 134) (out= 115)(deflated 14%)
adding: weka/core/expressionlanguage/parser/(in = 0) (out= 0)(stored 0%)
adding: weka/core/expressionlanguage/parser/Parser$CUP$Parser$actions.class(in = 8976) (out= 3379)(deflated 62%)
adding: weka/core/expressionlanguage/parser/Parser.class(in = 7625) (out= 2858)(deflated 62%)
adding: weka/core/expressionlanguage/parser/Parser.cup(in = 9877) (out= 2289)(deflated 76%)
adding: weka/core/expressionlanguage/parser/Scanner.class(in = 10827) (out= 5634)(deflated 47%)
adding: weka/core/expressionlanguage/parser/Scanner.jflex(in = 3824) (out= 1512)(deflated 60%)
adding: weka/core/expressionlanguage/parser/sym.class(in = 1280) (out= 721)(deflated 43%)
adding: weka/core/expressionlanguage/weka/(in = 0) (out= 0)(stored 0%)
adding: weka/core/expressionlanguage/weka/InstancesHelper$DoubleValue.class(in = 1885) (out= 907)(deflated 51%)
adding: weka/core/expressionlanguage/weka/InstancesHelper$StringValue.class(in = 1916) (out= 909)(deflated 52%)
adding: weka/core/expressionlanguage/weka/InstancesHelper$Value.class(in = 1070) (out= 545)(deflated 49%)
adding: weka/core/expressionlanguage/weka/InstancesHelper$isMissing.class(in = 1012) (out= 489)(deflated 51%)
adding: weka/core/expressionlanguage/weka/InstancesHelper.class(in = 5172) (out= 2311)(deflated 55%)
adding: weka/core/expressionlanguage/weka/StatsHelper$1.class(in = 249) (out= 171)(deflated 31%)
adding: weka/core/expressionlanguage/weka/StatsHelper$Count.class(in = 1261) (out= 518)(deflated 58%)
adding: weka/core/expressionlanguage/weka/StatsHelper$Max.class(in = 1253) (out= 516)(deflated 58%)
adding: weka/core/expressionlanguage/weka/StatsHelper$Mean.class(in = 1257) (out= 517)(deflated 58%)
adding: weka/core/expressionlanguage/weka/StatsHelper$Min.class(in = 1253) (out= 517)(deflated 58%)
adding: weka/core/expressionlanguage/weka/StatsHelper$StdDev.class(in = 1265) (out= 520)(deflated 58%)
adding: weka/core/expressionlanguage/weka/StatsHelper$Sum.class(in = 1253) (out= 515)(deflated 58%)
adding: weka/core/expressionlanguage/weka/StatsHelper$SumSq.class(in = 1261) (out= 517)(deflated 59%)
adding: weka/core/expressionlanguage/weka/StatsHelper.class(in = 3129) (out= 1295)(deflated 58%)
adding: weka/core/json/(in = 0) (out= 0)(stored 0%)
adding: weka/core/json/JSONInstances.class(in = 10146) (out= 5012)(deflated 50%)
adding: weka/core/json/JSONNode$NodeType.class(in = 1136) (out= 596)(deflated 47%)
adding: weka/core/json/JSONNode.class(in = 11063) (out= 5172)(deflated 53%)
adding: weka/core/json/Parser$CUP$Parser$actions.class(in = 6899) (out= 2869)(deflated 58%)
adding: weka/core/json/Parser.class(in = 5447) (out= 2319)(deflated 57%)
adding: weka/core/json/Parser.cup(in = 8964) (out= 2200)(deflated 75%)
adding: weka/core/json/Scanner.class(in = 10058) (out= 5328)(deflated 47%)
adding: weka/core/json/Scanner.jflex(in = 3511) (out= 1227)(deflated 65%)
adding: weka/core/json/sym.class(in = 786) (out= 491)(deflated 37%)
adding: weka/core/logging/(in = 0) (out= 0)(stored 0%)
adding: weka/core/logging/ConsoleLogger.class(in = 1486) (out= 730)(deflated 50%)
adding: weka/core/logging/FileLogger.class(in = 3148) (out= 1674)(deflated 46%)
adding: weka/core/logging/Logger$Level.class(in = 1567) (out= 845)(deflated 46%)
adding: weka/core/logging/Logger.class(in = 4525) (out= 2284)(deflated 49%)
adding: weka/core/logging/Logging.props(in = 906) (out= 435)(deflated 51%)
adding: weka/core/logging/OutputLogger$OutputPrintStream.class(in = 2208) (out= 836)(deflated 62%)
adding: weka/core/logging/OutputLogger.class(in = 2325) (out= 1117)(deflated 51%)
adding: weka/core/matrix/(in = 0) (out= 0)(stored 0%)
adding: weka/core/matrix/CholeskyDecomposition.class(in = 2812) (out= 1631)(deflated 41%)
adding: weka/core/matrix/DoubleVector.class(in = 12888) (out= 5780)(deflated 55%)
adding: weka/core/matrix/EigenvalueDecomposition.class(in = 14418) (out= 7944)(deflated 44%)
adding: weka/core/matrix/ExponentialFormat.class(in = 2577) (out= 1378)(deflated 46%)
adding: weka/core/matrix/FlexibleDecimalFormat.class(in = 5160) (out= 2694)(deflated 47%)
adding: weka/core/matrix/FloatingPointFormat.class(in = 2962) (out= 1602)(deflated 45%)
adding: weka/core/matrix/IntVector.class(in = 6089) (out= 3012)(deflated 50%)
adding: weka/core/matrix/LUDecomposition.class(in = 4269) (out= 2436)(deflated 42%)
adding: weka/core/matrix/LinearRegression.class(in = 3791) (out= 2127)(deflated 43%)
adding: weka/core/matrix/Maths.class(in = 5292) (out= 2488)(deflated 52%)
adding: weka/core/matrix/Matrix.class(in = 25601) (out= 11480)(deflated 55%)
adding: weka/core/matrix/QRDecomposition.class(in = 3859) (out= 2202)(deflated 42%)
adding: weka/core/matrix/SingularValueDecomposition.class(in = 9030) (out= 4848)(deflated 46%)
adding: weka/core/metastore/(in = 0) (out= 0)(stored 0%)
adding: weka/core/metastore/MetaStore.class(in = 914) (out= 328)(deflated 64%)
adding: weka/core/metastore/XMLFileBasedMetaStore$1.class(in = 1647) (out= 799)(deflated 51%)
adding: weka/core/metastore/XMLFileBasedMetaStore.class(in = 7325) (out= 3522)(deflated 51%)
adding: weka/core/neighboursearch/(in = 0) (out= 0)(stored 0%)
adding: weka/core/neighboursearch/BallTree.class(in = 12981) (out= 6070)(deflated 53%)
adding: weka/core/neighboursearch/CoverTree$1.class(in = 227) (out= 166)(deflated 26%)
adding: weka/core/neighboursearch/CoverTree$CoverTreeNode.class(in = 3630) (out= 1264)(deflated 65%)
adding: weka/core/neighboursearch/CoverTree$DistanceNode.class(in = 1523) (out= 683)(deflated 55%)
adding: weka/core/neighboursearch/CoverTree$MyHeap.class(in = 3831) (out= 1903)(deflated 50%)
adding: weka/core/neighboursearch/CoverTree$MyHeapElement.class(in = 891) (out= 500)(deflated 43%)
adding: weka/core/neighboursearch/CoverTree$d_node.class(in = 1050) (out= 519)(deflated 50%)
adding: weka/core/neighboursearch/CoverTree.class(in = 33548) (out= 14045)(deflated 58%)
adding: weka/core/neighboursearch/FilteredNeighbourSearch.class(in = 9143) (out= 4148)(deflated 54%)
adding: weka/core/neighboursearch/KDTree.class(in = 23210) (out= 11115)(deflated 52%)
adding: weka/core/neighboursearch/LinearNNSearch.class(in = 6937) (out= 3290)(deflated 52%)
adding: weka/core/neighboursearch/NearestNeighbourSearch$MyHeap.class(in = 4012) (out= 1915)(deflated 52%)
adding: weka/core/neighboursearch/NearestNeighbourSearch$MyHeapElement.class(in = 984) (out= 507)(deflated 48%)
adding: weka/core/neighboursearch/NearestNeighbourSearch$NeighborList.class(in = 3455) (out= 1672)(deflated 51%)
adding: weka/core/neighboursearch/NearestNeighbourSearch$NeighborNode.class(in = 1345) (out= 609)(deflated 54%)
adding: weka/core/neighboursearch/NearestNeighbourSearch.class(in = 7648) (out= 3589)(deflated 53%)
adding: weka/core/neighboursearch/PerformanceStats.class(in = 5102) (out= 2289)(deflated 55%)
adding: weka/core/neighboursearch/TreePerformanceStats.class(in = 5111) (out= 2268)(deflated 55%)
adding: weka/core/neighboursearch/balltrees/(in = 0) (out= 0)(stored 0%)
adding: weka/core/neighboursearch/balltrees/BallNode.class(in = 5148) (out= 2459)(deflated 52%)
adding: weka/core/neighboursearch/balltrees/BallSplitter.class(in = 2560) (out= 1189)(deflated 53%)
adding: weka/core/neighboursearch/balltrees/BallTreeConstructor.class(in = 5452) (out= 2403)(deflated 55%)
adding: weka/core/neighboursearch/balltrees/BottomUpConstructor$TempNode.class(in = 1613) (out= 817)(deflated 49%)
adding: weka/core/neighboursearch/balltrees/BottomUpConstructor.class(in = 8030) (out= 3873)(deflated 51%)
adding: weka/core/neighboursearch/balltrees/MedianDistanceFromArbitraryPoint.class(in = 7425) (out= 3747)(deflated 49%)
adding: weka/core/neighboursearch/balltrees/MedianOfWidestDimension.class(in = 6606) (out= 3304)(deflated 49%)
adding: weka/core/neighboursearch/balltrees/MiddleOutConstructor$ListNode.class(in = 1084) (out= 566)(deflated 47%)
adding: weka/core/neighboursearch/balltrees/MiddleOutConstructor$MyIdxList.class(in = 4058) (out= 1744)(deflated 57%)
adding: weka/core/neighboursearch/balltrees/MiddleOutConstructor$TempNode.class(in = 2310) (out= 1059)(deflated 54%)
adding: weka/core/neighboursearch/balltrees/MiddleOutConstructor.class(in = 20570) (out= 9433)(deflated 54%)
adding: weka/core/neighboursearch/balltrees/PointsClosestToFurthestChildren.class(in = 5448) (out= 2830)(deflated 48%)
adding: weka/core/neighboursearch/balltrees/TopDownConstructor.class(in = 8405) (out= 3919)(deflated 53%)
adding: weka/core/neighboursearch/covertrees/(in = 0) (out= 0)(stored 0%)
adding: weka/core/neighboursearch/covertrees/Stack.class(in = 3326) (out= 1362)(deflated 59%)
adding: weka/core/neighboursearch/kdtrees/(in = 0) (out= 0)(stored 0%)
adding: weka/core/neighboursearch/kdtrees/KDTreeNode.class(in = 1801) (out= 926)(deflated 48%)
adding: weka/core/neighboursearch/kdtrees/KDTreeNodeSplitter.class(in = 3388) (out= 1674)(deflated 50%)
adding: weka/core/neighboursearch/kdtrees/KMeansInpiredMethod.class(in = 7145) (out= 3822)(deflated 46%)
adding: weka/core/neighboursearch/kdtrees/MedianOfWidestDimension.class(in = 4143) (out= 2250)(deflated 45%)
adding: weka/core/neighboursearch/kdtrees/MidPointOfWidestDimension.class(in = 4102) (out= 2217)(deflated 45%)
adding: weka/core/neighboursearch/kdtrees/SlidingMidPointOfWidestSide.class(in = 5550) (out= 3008)(deflated 45%)
adding: weka/core/packageManagement/(in = 0) (out= 0)(stored 0%)
adding: weka/core/packageManagement/DefaultPackage.class(in = 15539) (out= 7148)(deflated 53%)
adding: weka/core/packageManagement/DefaultPackageManager$DefaultPMDefaults.class(in = 1291) (out= 678)(deflated 47%)
adding: weka/core/packageManagement/DefaultPackageManager.class(in = 29267) (out= 13329)(deflated 54%)
adding: weka/core/packageManagement/Dependency.class(in = 1388) (out= 569)(deflated 59%)
adding: weka/core/packageManagement/Package.class(in = 2312) (out= 955)(deflated 58%)
adding: weka/core/packageManagement/PackageConstraint.class(in = 891) (out= 382)(deflated 57%)
adding: weka/core/packageManagement/PackageManager$1.class(in = 987) (out= 512)(deflated 48%)
adding: weka/core/packageManagement/PackageManager.class(in = 8032) (out= 3244)(deflated 59%)
adding: weka/core/packageManagement/VersionPackageConstraint$1.class(in = 276) (out= 180)(deflated 34%)
adding: weka/core/packageManagement/VersionPackageConstraint$VersionComparison$1.class(in = 1140) (out= 462)(deflated 59%)
adding: weka/core/packageManagement/VersionPackageConstraint$VersionComparison$2.class(in = 1146) (out= 469)(deflated 59%)
adding: weka/core/packageManagement/VersionPackageConstraint$VersionComparison$3.class(in = 1179) (out= 491)(deflated 58%)
adding: weka/core/packageManagement/VersionPackageConstraint$VersionComparison$4.class(in = 1143) (out= 464)(deflated 59%)
adding: weka/core/packageManagement/VersionPackageConstraint$VersionComparison$5.class(in = 1185) (out= 492)(deflated 58%)
adding: weka/core/packageManagement/VersionPackageConstraint$VersionComparison.class(in = 2730) (out= 1007)(deflated 63%)
adding: weka/core/packageManagement/VersionPackageConstraint.class(in = 6224) (out= 2782)(deflated 55%)
adding: weka/core/packageManagement/VersionRangePackageConstraint.class(in = 10183) (out= 4515)(deflated 55%)
adding: weka/core/pmml/(in = 0) (out= 0)(stored 0%)
adding: weka/core/pmml/Apply.class(in = 5631) (out= 2737)(deflated 51%)
adding: weka/core/pmml/Array$ArrayType.class(in = 1603) (out= 830)(deflated 48%)
adding: weka/core/pmml/Array.class(in = 8041) (out= 3711)(deflated 53%)
adding: weka/core/pmml/BuiltInArithmetic$1.class(in = 229) (out= 167)(deflated 27%)
adding: weka/core/pmml/BuiltInArithmetic$Operator$1.class(in = 784) (out= 389)(deflated 50%)
adding: weka/core/pmml/BuiltInArithmetic$Operator$2.class(in = 784) (out= 389)(deflated 50%)
adding: weka/core/pmml/BuiltInArithmetic$Operator$3.class(in = 784) (out= 391)(deflated 50%)
adding: weka/core/pmml/BuiltInArithmetic$Operator$4.class(in = 784) (out= 389)(deflated 50%)
adding: weka/core/pmml/BuiltInArithmetic$Operator.class(in = 2116) (out= 942)(deflated 55%)
adding: weka/core/pmml/BuiltInArithmetic.class(in = 2659) (out= 1315)(deflated 50%)
adding: weka/core/pmml/BuiltInMath$1.class(in = 211) (out= 163)(deflated 22%)
adding: weka/core/pmml/BuiltInMath$MathFunc$1.class(in = 1026) (out= 534)(deflated 47%)
adding: weka/core/pmml/BuiltInMath$MathFunc$10.class(in = 1075) (out= 568)(deflated 47%)
adding: weka/core/pmml/BuiltInMath$MathFunc$11.class(in = 1052) (out= 563)(deflated 46%)
adding: weka/core/pmml/BuiltInMath$MathFunc$12.class(in = 1061) (out= 557)(deflated 47%)
adding: weka/core/pmml/BuiltInMath$MathFunc$13.class(in = 1060) (out= 557)(deflated 47%)
adding: weka/core/pmml/BuiltInMath$MathFunc$14.class(in = 1062) (out= 565)(deflated 46%)
adding: weka/core/pmml/BuiltInMath$MathFunc$2.class(in = 1026) (out= 534)(deflated 47%)
adding: weka/core/pmml/BuiltInMath$MathFunc$3.class(in = 1011) (out= 523)(deflated 48%)
adding: weka/core/pmml/BuiltInMath$MathFunc$4.class(in = 1012) (out= 525)(deflated 48%)
adding: weka/core/pmml/BuiltInMath$MathFunc$5.class(in = 1059) (out= 553)(deflated 47%)
adding: weka/core/pmml/BuiltInMath$MathFunc$6.class(in = 1057) (out= 552)(deflated 47%)
adding: weka/core/pmml/BuiltInMath$MathFunc$7.class(in = 1058) (out= 558)(deflated 47%)
adding: weka/core/pmml/BuiltInMath$MathFunc$8.class(in = 1057) (out= 557)(deflated 47%)
adding: weka/core/pmml/BuiltInMath$MathFunc$9.class(in = 1057) (out= 557)(deflated 47%)
adding: weka/core/pmml/BuiltInMath$MathFunc.class(in = 3301) (out= 1529)(deflated 53%)
adding: weka/core/pmml/BuiltInMath.class(in = 2533) (out= 1321)(deflated 47%)
adding: weka/core/pmml/BuiltInString$1.class(in = 217) (out= 164)(deflated 24%)
adding: weka/core/pmml/BuiltInString$StringFunc$1.class(in = 1141) (out= 563)(deflated 50%)
adding: weka/core/pmml/BuiltInString$StringFunc$2.class(in = 1299) (out= 679)(deflated 47%)
adding: weka/core/pmml/BuiltInString$StringFunc$3.class(in = 1134) (out= 558)(deflated 50%)
adding: weka/core/pmml/BuiltInString$StringFunc.class(in = 2086) (out= 939)(deflated 54%)
adding: weka/core/pmml/BuiltInString.class(in = 3831) (out= 2004)(deflated 47%)
adding: weka/core/pmml/Constant.class(in = 4563) (out= 2199)(deflated 51%)
adding: weka/core/pmml/DefineFunction$ParameterField.class(in = 1188) (out= 632)(deflated 46%)
adding: weka/core/pmml/DefineFunction.class(in = 6501) (out= 3099)(deflated 52%)
adding: weka/core/pmml/DerivedFieldMetaInfo.class(in = 4032) (out= 1821)(deflated 54%)
adding: weka/core/pmml/Discretize$DiscretizeBin.class(in = 3379) (out= 1794)(deflated 46%)
adding: weka/core/pmml/Discretize.class(in = 6873) (out= 3443)(deflated 49%)
adding: weka/core/pmml/Expression.class(in = 5543) (out= 2389)(deflated 56%)
adding: weka/core/pmml/FieldMetaInfo$1.class(in = 960) (out= 528)(deflated 45%)
adding: weka/core/pmml/FieldMetaInfo$Interval$Closure.class(in = 2198) (out= 1019)(deflated 53%)
adding: weka/core/pmml/FieldMetaInfo$Interval.class(in = 2629) (out= 1442)(deflated 45%)
adding: weka/core/pmml/FieldMetaInfo$Optype.class(in = 1495) (out= 758)(deflated 49%)
adding: weka/core/pmml/FieldMetaInfo$Value$Property.class(in = 1524) (out= 722)(deflated 52%)
adding: weka/core/pmml/FieldMetaInfo$Value.class(in = 2064) (out= 1068)(deflated 48%)
adding: weka/core/pmml/FieldMetaInfo.class(in = 1658) (out= 883)(deflated 46%)
adding: weka/core/pmml/FieldRef.class(in = 4223) (out= 2027)(deflated 52%)
adding: weka/core/pmml/Function.class(in = 3951) (out= 1939)(deflated 50%)
adding: weka/core/pmml/MappingInfo.class(in = 7108) (out= 3741)(deflated 47%)
adding: weka/core/pmml/MiningFieldMetaInfo$Missing.class(in = 1615) (out= 799)(deflated 50%)
adding: weka/core/pmml/MiningFieldMetaInfo$Outlier.class(in = 1511) (out= 731)(deflated 51%)
adding: weka/core/pmml/MiningFieldMetaInfo$Usage.class(in = 1615) (out= 823)(deflated 49%)
adding: weka/core/pmml/MiningFieldMetaInfo.class(in = 6333) (out= 2917)(deflated 53%)
adding: weka/core/pmml/MiningSchema.class(in = 9348) (out= 4397)(deflated 52%)
adding: weka/core/pmml/NormContinuous.class(in = 6259) (out= 3154)(deflated 49%)
adding: weka/core/pmml/NormDiscrete.class(in = 4311) (out= 2124)(deflated 50%)
adding: weka/core/pmml/PMMLFactory$1.class(in = 993) (out= 578)(deflated 41%)
adding: weka/core/pmml/PMMLFactory$ModelType.class(in = 1798) (out= 926)(deflated 48%)
adding: weka/core/pmml/PMMLFactory$PMMLClassifierRunner.class(in = 1580) (out= 726)(deflated 54%)
adding: weka/core/pmml/PMMLFactory.class(in = 12773) (out= 5906)(deflated 53%)
adding: weka/core/pmml/PMMLModel.class(in = 418) (out= 262)(deflated 37%)
adding: weka/core/pmml/PMMLProducer.class(in = 181) (out= 145)(deflated 19%)
adding: weka/core/pmml/PMMLUtils.class(in = 878) (out= 518)(deflated 41%)
adding: weka/core/pmml/SparseArray.class(in = 5102) (out= 2628)(deflated 48%)
adding: weka/core/pmml/TargetMetaInfo.class(in = 6614) (out= 3362)(deflated 49%)
adding: weka/core/pmml/TransformationDictionary.class(in = 4702) (out= 2278)(deflated 51%)
adding: weka/core/pmml/VectorDictionary.class(in = 4991) (out= 2466)(deflated 50%)
adding: weka/core/pmml/VectorInstance.class(in = 4516) (out= 2240)(deflated 50%)
adding: weka/core/pmml/jaxbbindings/(in = 0) (out= 0)(stored 0%)
adding: weka/core/pmml/jaxbbindings/ACTIVATIONFUNCTION.class(in = 2802) (out= 1439)(deflated 48%)
adding: weka/core/pmml/jaxbbindings/Aggregate.class(in = 2061) (out= 884)(deflated 57%)
adding: weka/core/pmml/jaxbbindings/Alternate.class(in = 2838) (out= 981)(deflated 65%)
adding: weka/core/pmml/jaxbbindings/Annotation.class(in = 1156) (out= 606)(deflated 47%)
adding: weka/core/pmml/jaxbbindings/Anova.class(in = 1730) (out= 778)(deflated 55%)
adding: weka/core/pmml/jaxbbindings/AnovaRow.class(in = 2669) (out= 1077)(deflated 59%)
adding: weka/core/pmml/jaxbbindings/AntecedentSequence.class(in = 1911) (out= 807)(deflated 57%)
adding: weka/core/pmml/jaxbbindings/AnyDistribution.class(in = 1613) (out= 756)(deflated 53%)
adding: weka/core/pmml/jaxbbindings/Application.class(in = 1778) (out= 818)(deflated 53%)
adding: weka/core/pmml/jaxbbindings/Apply.class(in = 3089) (out= 1200)(deflated 61%)
adding: weka/core/pmml/jaxbbindings/ArrayType.class(in = 1380) (out= 610)(deflated 55%)
adding: weka/core/pmml/jaxbbindings/AssociationModel.class(in = 5423) (out= 1753)(deflated 67%)
adding: weka/core/pmml/jaxbbindings/AssociationRule.class(in = 3052) (out= 1137)(deflated 62%)
adding: weka/core/pmml/jaxbbindings/Attribute.class(in = 3653) (out= 1246)(deflated 65%)
adding: weka/core/pmml/jaxbbindings/BASELINETESTSTATISTIC.class(in = 2151) (out= 1104)(deflated 48%)
adding: weka/core/pmml/jaxbbindings/BaseCumHazardTables.class(in = 2160) (out= 872)(deflated 59%)
adding: weka/core/pmml/jaxbbindings/Baseline.class(in = 3812) (out= 1225)(deflated 67%)
adding: weka/core/pmml/jaxbbindings/BaselineCell.class(in = 1604) (out= 757)(deflated 52%)
adding: weka/core/pmml/jaxbbindings/BaselineModel.class(in = 3105) (out= 1220)(deflated 60%)
adding: weka/core/pmml/jaxbbindings/BaselineStratum.class(in = 2206) (out= 928)(deflated 57%)
adding: weka/core/pmml/jaxbbindings/BayesInput.class(in = 2160) (out= 908)(deflated 57%)
adding: weka/core/pmml/jaxbbindings/BayesInputs.class(in = 1453) (out= 671)(deflated 53%)
adding: weka/core/pmml/jaxbbindings/BayesOutput.class(in = 1878) (out= 811)(deflated 56%)
adding: weka/core/pmml/jaxbbindings/BinarySimilarity.class(in = 3159) (out= 1080)(deflated 65%)
adding: weka/core/pmml/jaxbbindings/BoundaryValueMeans.class(in = 1504) (out= 718)(deflated 52%)
adding: weka/core/pmml/jaxbbindings/BoundaryValues.class(in = 1488) (out= 713)(deflated 52%)
adding: weka/core/pmml/jaxbbindings/CATSCORINGMETHOD.class(in = 1857) (out= 949)(deflated 48%)
adding: weka/core/pmml/jaxbbindings/COMPAREFUNCTION.class(in = 2061) (out= 1062)(deflated 48%)
adding: weka/core/pmml/jaxbbindings/CONTSCORINGMETHOD.class(in = 1926) (out= 990)(deflated 48%)
adding: weka/core/pmml/jaxbbindings/COUNTTABLETYPE.class(in = 2072) (out= 857)(deflated 58%)
adding: weka/core/pmml/jaxbbindings/CUMULATIVELINKFUNCTION.class(in = 2110) (out= 1057)(deflated 49%)
adding: weka/core/pmml/jaxbbindings/CategoricalPredictor.class(in = 1897) (out= 858)(deflated 54%)
adding: weka/core/pmml/jaxbbindings/Categories.class(in = 1439) (out= 671)(deflated 53%)
adding: weka/core/pmml/jaxbbindings/Category.class(in = 1420) (out= 706)(deflated 50%)
adding: weka/core/pmml/jaxbbindings/Characteristic.class(in = 2259) (out= 919)(deflated 59%)
adding: weka/core/pmml/jaxbbindings/Characteristics.class(in = 1489) (out= 674)(deflated 54%)
adding: weka/core/pmml/jaxbbindings/Chebychev.class(in = 1119) (out= 602)(deflated 46%)
adding: weka/core/pmml/jaxbbindings/ChildParent.class(in = 2920) (out= 1101)(deflated 62%)
adding: weka/core/pmml/jaxbbindings/CityBlock.class(in = 1119) (out= 602)(deflated 46%)
adding: weka/core/pmml/jaxbbindings/ClassLabels.class(in = 1476) (out= 713)(deflated 51%)
adding: weka/core/pmml/jaxbbindings/Cluster.class(in = 3336) (out= 1198)(deflated 64%)
adding: weka/core/pmml/jaxbbindings/ClusteringField.class(in = 3060) (out= 1195)(deflated 60%)
adding: weka/core/pmml/jaxbbindings/ClusteringModel.class(in = 3825) (out= 1404)(deflated 63%)
adding: weka/core/pmml/jaxbbindings/ClusteringModelQuality.class(in = 1425) (out= 595)(deflated 58%)
adding: weka/core/pmml/jaxbbindings/Coefficient.class(in = 1485) (out= 749)(deflated 49%)
adding: weka/core/pmml/jaxbbindings/Coefficients.class(in = 2174) (out= 942)(deflated 56%)
adding: weka/core/pmml/jaxbbindings/ComparisonMeasure.class(in = 5637) (out= 1716)(deflated 69%)
adding: weka/core/pmml/jaxbbindings/Comparisons.class(in = 1476) (out= 709)(deflated 51%)
adding: weka/core/pmml/jaxbbindings/CompoundPredicate.class(in = 2243) (out= 921)(deflated 58%)
adding: weka/core/pmml/jaxbbindings/CompoundRule.class(in = 3458) (out= 1193)(deflated 65%)
adding: weka/core/pmml/jaxbbindings/Con1.class(in = 1630) (out= 786)(deflated 51%)
adding: weka/core/pmml/jaxbbindings/ConfusionMatrix.class(in = 1876) (out= 798)(deflated 57%)
adding: weka/core/pmml/jaxbbindings/ConsequentSequence.class(in = 1911) (out= 806)(deflated 57%)
adding: weka/core/pmml/jaxbbindings/Constant.class(in = 1273) (out= 557)(deflated 56%)
adding: weka/core/pmml/jaxbbindings/Constraints.class(in = 5529) (out= 1638)(deflated 70%)
adding: weka/core/pmml/jaxbbindings/ContStats.class(in = 2312) (out= 933)(deflated 59%)
adding: weka/core/pmml/jaxbbindings/CorrelationFields.class(in = 1500) (out= 715)(deflated 52%)
adding: weka/core/pmml/jaxbbindings/CorrelationMethods.class(in = 1504) (out= 712)(deflated 52%)
adding: weka/core/pmml/jaxbbindings/CorrelationValues.class(in = 1500) (out= 710)(deflated 52%)
adding: weka/core/pmml/jaxbbindings/Correlations.class(in = 2411) (out= 899)(deflated 62%)
adding: weka/core/pmml/jaxbbindings/Counts.class(in = 2174) (out= 945)(deflated 56%)
adding: weka/core/pmml/jaxbbindings/Covariances.class(in = 1476) (out= 709)(deflated 51%)
adding: weka/core/pmml/jaxbbindings/CovariateList.class(in = 1456) (out= 667)(deflated 54%)
adding: weka/core/pmml/jaxbbindings/DATATYPE.class(in = 3315) (out= 1587)(deflated 52%)
adding: weka/core/pmml/jaxbbindings/DELIMITER2.class(in = 1814) (out= 944)(deflated 47%)
adding: weka/core/pmml/jaxbbindings/DataDictionary.class(in = 2411) (out= 985)(deflated 59%)
adding: weka/core/pmml/jaxbbindings/DataField.class(in = 3793) (out= 1354)(deflated 64%)
adding: weka/core/pmml/jaxbbindings/Decision.class(in = 1853) (out= 818)(deflated 55%)
adding: weka/core/pmml/jaxbbindings/DecisionTree.class(in = 5917) (out= 1934)(deflated 67%)
adding: weka/core/pmml/jaxbbindings/Decisions.class(in = 1988) (out= 846)(deflated 57%)
adding: weka/core/pmml/jaxbbindings/DefineFunction.class(in = 5390) (out= 1650)(deflated 69%)
adding: weka/core/pmml/jaxbbindings/Delimiter.class(in = 1819) (out= 796)(deflated 56%)
adding: weka/core/pmml/jaxbbindings/DerivedField.class(in = 5764) (out= 1766)(deflated 69%)
adding: weka/core/pmml/jaxbbindings/DiscrStats.class(in = 1755) (out= 781)(deflated 55%)
adding: weka/core/pmml/jaxbbindings/Discretize.class(in = 2547) (out= 996)(deflated 60%)
adding: weka/core/pmml/jaxbbindings/DiscretizeBin.class(in = 1820) (out= 804)(deflated 55%)
adding: weka/core/pmml/jaxbbindings/DocumentTermMatrix.class(in = 1504) (out= 710)(deflated 52%)
adding: weka/core/pmml/jaxbbindings/Euclidean.class(in = 1119) (out= 600)(deflated 46%)
adding: weka/core/pmml/jaxbbindings/EventValues.class(in = 1736) (out= 737)(deflated 57%)
adding: weka/core/pmml/jaxbbindings/ExponentialSmoothing.class(in = 3138) (out= 1172)(deflated 62%)
adding: weka/core/pmml/jaxbbindings/Extension.class(in = 1727) (out= 747)(deflated 56%)
adding: weka/core/pmml/jaxbbindings/FIELDUSAGETYPE.class(in = 2275) (out= 1189)(deflated 47%)
adding: weka/core/pmml/jaxbbindings/FactorList.class(in = 1444) (out= 664)(deflated 54%)
adding: weka/core/pmml/jaxbbindings/False.class(in = 1103) (out= 595)(deflated 46%)
adding: weka/core/pmml/jaxbbindings/FieldColumnPair.class(in = 1661) (out= 768)(deflated 53%)
adding: weka/core/pmml/jaxbbindings/FieldRef.class(in = 1646) (out= 768)(deflated 53%)
adding: weka/core/pmml/jaxbbindings/FieldValue.class(in = 2294) (out= 900)(deflated 60%)
adding: weka/core/pmml/jaxbbindings/FieldValueCount.class(in = 1869) (out= 841)(deflated 55%)
adding: weka/core/pmml/jaxbbindings/GAP.class(in = 1803) (out= 953)(deflated 47%)
adding: weka/core/pmml/jaxbbindings/GaussianDistribution.class(in = 1633) (out= 759)(deflated 53%)
adding: weka/core/pmml/jaxbbindings/GeneralRegressionModel.class(in = 8440) (out= 2476)(deflated 70%)
adding: weka/core/pmml/jaxbbindings/Header.class(in = 2712) (out= 1034)(deflated 61%)
adding: weka/core/pmml/jaxbbindings/INTERPOLATIONMETHOD.class(in = 2033) (out= 1029)(deflated 49%)
adding: weka/core/pmml/jaxbbindings/INTSparseArray.class(in = 1983) (out= 912)(deflated 54%)
adding: weka/core/pmml/jaxbbindings/INVALIDVALUETREATMENTMETHOD.class(in = 1994) (out= 994)(deflated 50%)
adding: weka/core/pmml/jaxbbindings/InlineTable.class(in = 1407) (out= 667)(deflated 52%)
adding: weka/core/pmml/jaxbbindings/InstanceField.class(in = 1648) (out= 766)(deflated 53%)
adding: weka/core/pmml/jaxbbindings/InstanceFields.class(in = 1480) (out= 672)(deflated 54%)
adding: weka/core/pmml/jaxbbindings/Interval.class(in = 1929) (out= 858)(deflated 55%)
adding: weka/core/pmml/jaxbbindings/Item.class(in = 2080) (out= 889)(deflated 57%)
adding: weka/core/pmml/jaxbbindings/ItemRef.class(in = 1430) (out= 711)(deflated 50%)
adding: weka/core/pmml/jaxbbindings/Itemset.class(in = 2310) (out= 962)(deflated 58%)
adding: weka/core/pmml/jaxbbindings/Jaccard.class(in = 1111) (out= 599)(deflated 46%)
adding: weka/core/pmml/jaxbbindings/KNNInput.class(in = 2145) (out= 957)(deflated 55%)
adding: weka/core/pmml/jaxbbindings/KNNInputs.class(in = 1435) (out= 672)(deflated 53%)
adding: weka/core/pmml/jaxbbindings/KohonenMap.class(in = 1831) (out= 806)(deflated 55%)
adding: weka/core/pmml/jaxbbindings/LINKFUNCTION.class(in = 2465) (out= 1260)(deflated 48%)
adding: weka/core/pmml/jaxbbindings/Level.class(in = 1097) (out= 514)(deflated 53%)
adding: weka/core/pmml/jaxbbindings/LiftData.class(in = 3225) (out= 1143)(deflated 64%)
adding: weka/core/pmml/jaxbbindings/LiftGraph.class(in = 2729) (out= 984)(deflated 63%)
adding: weka/core/pmml/jaxbbindings/LinearKernelType.class(in = 1473) (out= 717)(deflated 51%)
adding: weka/core/pmml/jaxbbindings/LinearNorm.class(in = 1581) (out= 748)(deflated 52%)
adding: weka/core/pmml/jaxbbindings/LocalTransformations.class(in = 1795) (out= 779)(deflated 56%)
adding: weka/core/pmml/jaxbbindings/MININGFUNCTION.class(in = 2289) (out= 1180)(deflated 48%)
adding: weka/core/pmml/jaxbbindings/MISSINGVALUESTRATEGY.class(in = 2264) (out= 1165)(deflated 48%)
adding: weka/core/pmml/jaxbbindings/MISSINGVALUETREATMENTMETHOD.class(in = 2150) (out= 1061)(deflated 50%)
adding: weka/core/pmml/jaxbbindings/MULTIPLEMODELMETHOD.class(in = 2595) (out= 1318)(deflated 49%)
adding: weka/core/pmml/jaxbbindings/MapValues.class(in = 3339) (out= 1188)(deflated 64%)
adding: weka/core/pmml/jaxbbindings/MatCell.class(in = 1423) (out= 620)(deflated 56%)
adding: weka/core/pmml/jaxbbindings/Matrix.class(in = 2740) (out= 1096)(deflated 60%)
adding: weka/core/pmml/jaxbbindings/MiningBuildTask.class(in = 1143) (out= 607)(deflated 46%)
adding: weka/core/pmml/jaxbbindings/MiningField.class(in = 5138) (out= 1680)(deflated 67%)
adding: weka/core/pmml/jaxbbindings/MiningModel.class(in = 3243) (out= 1251)(deflated 61%)
adding: weka/core/pmml/jaxbbindings/MiningSchema.class(in = 1757) (out= 774)(deflated 55%)
adding: weka/core/pmml/jaxbbindings/Minkowski.class(in = 1415) (out= 720)(deflated 49%)
adding: weka/core/pmml/jaxbbindings/MissingValueWeights.class(in = 1508) (out= 715)(deflated 52%)
adding: weka/core/pmml/jaxbbindings/ModelExplanation.class(in = 2305) (out= 877)(deflated 61%)
adding: weka/core/pmml/jaxbbindings/ModelLiftGraph.class(in = 1509) (out= 707)(deflated 53%)
adding: weka/core/pmml/jaxbbindings/ModelStats.class(in = 1835) (out= 747)(deflated 59%)
adding: weka/core/pmml/jaxbbindings/ModelVerification.class(in = 2518) (out= 971)(deflated 61%)
adding: weka/core/pmml/jaxbbindings/MultivariateStat.class(in = 5195) (out= 1750)(deflated 66%)
adding: weka/core/pmml/jaxbbindings/MultivariateStats.class(in = 1842) (out= 789)(deflated 57%)
adding: weka/core/pmml/jaxbbindings/NNNORMALIZATIONMETHOD.class(in = 1937) (out= 981)(deflated 49%)
adding: weka/core/pmml/jaxbbindings/NOTRUECHILDSTRATEGY.class(in = 1895) (out= 959)(deflated 49%)
adding: weka/core/pmml/jaxbbindings/NaiveBayesModel.class(in = 3410) (out= 1315)(deflated 61%)
adding: weka/core/pmml/jaxbbindings/NearestNeighborModel.class(in = 5212) (out= 1813)(deflated 65%)
adding: weka/core/pmml/jaxbbindings/NeuralInput.class(in = 1822) (out= 807)(deflated 55%)
adding: weka/core/pmml/jaxbbindings/NeuralInputs.class(in = 1809) (out= 798)(deflated 55%)
adding: weka/core/pmml/jaxbbindings/NeuralLayer.class(in = 3263) (out= 1193)(deflated 63%)
adding: weka/core/pmml/jaxbbindings/NeuralNetwork.class(in = 5254) (out= 1822)(deflated 65%)
adding: weka/core/pmml/jaxbbindings/NeuralOutput.class(in = 1856) (out= 809)(deflated 56%)
adding: weka/core/pmml/jaxbbindings/NeuralOutputs.class(in = 1821) (out= 796)(deflated 56%)
adding: weka/core/pmml/jaxbbindings/Neuron.class(in = 2369) (out= 970)(deflated 59%)
adding: weka/core/pmml/jaxbbindings/Node.class(in = 2879) (out= 1107)(deflated 61%)
adding: weka/core/pmml/jaxbbindings/NormContinuous.class(in = 2542) (out= 1029)(deflated 59%)
adding: weka/core/pmml/jaxbbindings/NormDiscrete.class(in = 2311) (out= 991)(deflated 57%)
adding: weka/core/pmml/jaxbbindings/NumericInfo.class(in = 2823) (out= 1054)(deflated 62%)
adding: weka/core/pmml/jaxbbindings/NumericPredictor.class(in = 2219) (out= 1021)(deflated 53%)
adding: weka/core/pmml/jaxbbindings/OPTYPE.class(in = 1848) (out= 977)(deflated 47%)
adding: weka/core/pmml/jaxbbindings/OUTLIERTREATMENTMETHOD.class(in = 1977) (out= 992)(deflated 49%)
adding: weka/core/pmml/jaxbbindings/ObjectFactory.class(in = 44747) (out= 9552)(deflated 78%)
adding: weka/core/pmml/jaxbbindings/OptimumLiftGraph.class(in = 1517) (out= 708)(deflated 53%)
adding: weka/core/pmml/jaxbbindings/Output.class(in = 1732) (out= 768)(deflated 55%)
adding: weka/core/pmml/jaxbbindings/OutputField.class(in = 8389) (out= 2518)(deflated 69%)
adding: weka/core/pmml/jaxbbindings/PCell.class(in = 2355) (out= 1033)(deflated 56%)
adding: weka/core/pmml/jaxbbindings/PCovCell.class(in = 2447) (out= 987)(deflated 59%)
adding: weka/core/pmml/jaxbbindings/PCovMatrix.class(in = 1744) (out= 782)(deflated 55%)
adding: weka/core/pmml/jaxbbindings/PMML.class(in = 5159) (out= 1640)(deflated 68%)
adding: weka/core/pmml/jaxbbindings/PPCell.class(in = 2088) (out= 879)(deflated 57%)
adding: weka/core/pmml/jaxbbindings/PPMatrix.class(in = 1421) (out= 669)(deflated 52%)
adding: weka/core/pmml/jaxbbindings/PairCounts.class(in = 1854) (out= 798)(deflated 56%)
adding: weka/core/pmml/jaxbbindings/ParamMatrix.class(in = 1702) (out= 767)(deflated 54%)
adding: weka/core/pmml/jaxbbindings/Parameter.class(in = 1969) (out= 907)(deflated 53%)
adding: weka/core/pmml/jaxbbindings/ParameterField.class(in = 1579) (out= 637)(deflated 59%)
adding: weka/core/pmml/jaxbbindings/ParameterList.class(in = 1456) (out= 661)(deflated 54%)
adding: weka/core/pmml/jaxbbindings/Partition.class(in = 2055) (out= 869)(deflated 57%)
adding: weka/core/pmml/jaxbbindings/PartitionFieldStats.class(in = 2750) (out= 1074)(deflated 60%)
adding: weka/core/pmml/jaxbbindings/PoissonDistribution.class(in = 1418) (out= 710)(deflated 49%)
adding: weka/core/pmml/jaxbbindings/PolynomialKernelType.class(in = 2267) (out= 977)(deflated 56%)
adding: weka/core/pmml/jaxbbindings/PredictiveModelQuality.class(in = 6695) (out= 1968)(deflated 70%)
adding: weka/core/pmml/jaxbbindings/Predictor.class(in = 2374) (out= 961)(deflated 59%)
adding: weka/core/pmml/jaxbbindings/PredictorTerm.class(in = 1986) (out= 887)(deflated 55%)
adding: weka/core/pmml/jaxbbindings/Quantile.class(in = 1707) (out= 798)(deflated 53%)
adding: weka/core/pmml/jaxbbindings/REALSparseArray.class(in = 2095) (out= 940)(deflated 55%)
adding: weka/core/pmml/jaxbbindings/REGRESSIONNORMALIZATIONMETHOD.class(in = 2500) (out= 1233)(deflated 50%)
adding: weka/core/pmml/jaxbbindings/RESULTFEATURE.class(in = 3077) (out= 1585)(deflated 48%)
adding: weka/core/pmml/jaxbbindings/ROC.class(in = 2632) (out= 977)(deflated 62%)
adding: weka/core/pmml/jaxbbindings/ROCGraph.class(in = 2297) (out= 889)(deflated 61%)
adding: weka/core/pmml/jaxbbindings/RULEFEATURE.class(in = 2401) (out= 1241)(deflated 48%)
adding: weka/core/pmml/jaxbbindings/RadialBasisKernelType.class(in = 1816) (out= 847)(deflated 53%)
adding: weka/core/pmml/jaxbbindings/RandomLiftGraph.class(in = 1513) (out= 708)(deflated 53%)
adding: weka/core/pmml/jaxbbindings/Regression.class(in = 4762) (out= 1527)(deflated 67%)
adding: weka/core/pmml/jaxbbindings/RegressionModel.class(in = 4327) (out= 1566)(deflated 63%)
adding: weka/core/pmml/jaxbbindings/RegressionTable.class(in = 3179) (out= 1189)(deflated 62%)
adding: weka/core/pmml/jaxbbindings/ResultField.class(in = 2836) (out= 1074)(deflated 62%)
adding: weka/core/pmml/jaxbbindings/Row.class(in = 1010) (out= 539)(deflated 46%)
adding: weka/core/pmml/jaxbbindings/RuleSelectionMethod.class(in = 1484) (out= 721)(deflated 51%)
adding: weka/core/pmml/jaxbbindings/RuleSet.class(in = 3359) (out= 1198)(deflated 64%)
adding: weka/core/pmml/jaxbbindings/RuleSetModel.class(in = 3081) (out= 1210)(deflated 60%)
adding: weka/core/pmml/jaxbbindings/SVMCLASSIFICATIONMETHOD.class(in = 1895) (out= 947)(deflated 50%)
adding: weka/core/pmml/jaxbbindings/SVMREPRESENTATION.class(in = 1850) (out= 953)(deflated 48%)
adding: weka/core/pmml/jaxbbindings/ScoreDistribution.class(in = 2200) (out= 952)(deflated 56%)
adding: weka/core/pmml/jaxbbindings/Scorecard.class(in = 4470) (out= 1617)(deflated 63%)
adding: weka/core/pmml/jaxbbindings/SeasonalityExpoSmooth.class(in = 2478) (out= 952)(deflated 61%)
adding: weka/core/pmml/jaxbbindings/Segment.class(in = 10117) (out= 2661)(deflated 73%)
adding: weka/core/pmml/jaxbbindings/Segmentation.class(in = 1890) (out= 814)(deflated 56%)
adding: weka/core/pmml/jaxbbindings/Sequence.class(in = 3461) (out= 1244)(deflated 64%)
adding: weka/core/pmml/jaxbbindings/SequenceModel.class(in = 4842) (out= 1589)(deflated 67%)
adding: weka/core/pmml/jaxbbindings/SequenceReference.class(in = 1464) (out= 721)(deflated 50%)
adding: weka/core/pmml/jaxbbindings/SequenceRule.class(in = 3042) (out= 1184)(deflated 61%)
adding: weka/core/pmml/jaxbbindings/SetPredicate.class(in = 2235) (out= 949)(deflated 57%)
adding: weka/core/pmml/jaxbbindings/SetReference.class(in = 1444) (out= 717)(deflated 50%)
adding: weka/core/pmml/jaxbbindings/SigmoidKernelType.class(in = 2026) (out= 920)(deflated 54%)
adding: weka/core/pmml/jaxbbindings/SimpleMatching.class(in = 1139) (out= 604)(deflated 46%)
adding: weka/core/pmml/jaxbbindings/SimplePredicate.class(in = 1856) (out= 822)(deflated 55%)
adding: weka/core/pmml/jaxbbindings/SimpleRule.class(in = 4814) (out= 1512)(deflated 68%)
adding: weka/core/pmml/jaxbbindings/SimpleSetPredicate.class(in = 2054) (out= 876)(deflated 57%)
adding: weka/core/pmml/jaxbbindings/SquaredEuclidean.class(in = 1147) (out= 607)(deflated 47%)
adding: weka/core/pmml/jaxbbindings/SupportVector.class(in = 1457) (out= 718)(deflated 50%)
adding: weka/core/pmml/jaxbbindings/SupportVectorMachine.class(in = 2817) (out= 1048)(deflated 62%)
adding: weka/core/pmml/jaxbbindings/SupportVectorMachineModel.class(in = 4977) (out= 1750)(deflated 64%)
adding: weka/core/pmml/jaxbbindings/SupportVectors.class(in = 2087) (out= 860)(deflated 58%)
adding: weka/core/pmml/jaxbbindings/TIMEANCHOR2.class(in = 3669) (out= 1606)(deflated 56%)
adding: weka/core/pmml/jaxbbindings/TIMEEXCEPTIONTYPE.class(in = 1825) (out= 924)(deflated 49%)
adding: weka/core/pmml/jaxbbindings/TIMESERIESALGORITHM.class(in = 2065) (out= 1081)(deflated 47%)
adding: weka/core/pmml/jaxbbindings/TIMESERIESUSAGE.class(in = 1905) (out= 985)(deflated 48%)
adding: weka/core/pmml/jaxbbindings/TableLocator.class(in = 1131) (out= 599)(deflated 47%)
adding: weka/core/pmml/jaxbbindings/Tanimoto.class(in = 1115) (out= 600)(deflated 46%)
adding: weka/core/pmml/jaxbbindings/Target.class(in = 3296) (out= 1215)(deflated 63%)
adding: weka/core/pmml/jaxbbindings/TargetValue.class(in = 2606) (out= 1028)(deflated 60%)
adding: weka/core/pmml/jaxbbindings/TargetValueCount.class(in = 1671) (out= 788)(deflated 52%)
adding: weka/core/pmml/jaxbbindings/TargetValueCounts.class(in = 1507) (out= 674)(deflated 55%)
adding: weka/core/pmml/jaxbbindings/Targets.class(in = 1691) (out= 759)(deflated 55%)
adding: weka/core/pmml/jaxbbindings/Taxonomy.class(in = 1749) (out= 788)(deflated 54%)
adding: weka/core/pmml/jaxbbindings/TestDistributions.class(in = 3746) (out= 1377)(deflated 63%)
adding: weka/core/pmml/jaxbbindings/TextCorpus.class(in = 1459) (out= 674)(deflated 53%)
adding: weka/core/pmml/jaxbbindings/TextDictionary.class(in = 1846) (out= 798)(deflated 56%)
adding: weka/core/pmml/jaxbbindings/TextDocument.class(in = 2096) (out= 898)(deflated 57%)
adding: weka/core/pmml/jaxbbindings/TextModel.class(in = 3991) (out= 1444)(deflated 63%)
adding: weka/core/pmml/jaxbbindings/TextModelNormalization.class(in = 2130) (out= 932)(deflated 56%)
adding: weka/core/pmml/jaxbbindings/TextModelSimiliarity.class(in = 1498) (out= 724)(deflated 51%)
adding: weka/core/pmml/jaxbbindings/Time.class(in = 2019) (out= 865)(deflated 57%)
adding: weka/core/pmml/jaxbbindings/TimeAnchor.class(in = 2607) (out= 1027)(deflated 60%)
adding: weka/core/pmml/jaxbbindings/TimeCycle.class(in = 1976) (out= 787)(deflated 60%)
adding: weka/core/pmml/jaxbbindings/TimeException.class(in = 1718) (out= 710)(deflated 58%)
adding: weka/core/pmml/jaxbbindings/TimeSeries.class(in = 2960) (out= 1138)(deflated 61%)
adding: weka/core/pmml/jaxbbindings/TimeSeriesModel.class(in = 3641) (out= 1374)(deflated 62%)
adding: weka/core/pmml/jaxbbindings/TimeValue.class(in = 2079) (out= 831)(deflated 60%)
adding: weka/core/pmml/jaxbbindings/Timestamp.class(in = 1152) (out= 609)(deflated 47%)
adding: weka/core/pmml/jaxbbindings/TrainingInstances.class(in = 3221) (out= 1202)(deflated 62%)
adding: weka/core/pmml/jaxbbindings/TransformationDictionary.class(in = 2157) (out= 879)(deflated 59%)
adding: weka/core/pmml/jaxbbindings/TreeModel.class(in = 4764) (out= 1740)(deflated 63%)
adding: weka/core/pmml/jaxbbindings/TrendExpoSmooth.class(in = 2310) (out= 953)(deflated 58%)
adding: weka/core/pmml/jaxbbindings/True.class(in = 1099) (out= 594)(deflated 45%)
adding: weka/core/pmml/jaxbbindings/UniformDistribution.class(in = 1623) (out= 758)(deflated 53%)
adding: weka/core/pmml/jaxbbindings/UnivariateStats.class(in = 3488) (out= 1245)(deflated 64%)
adding: weka/core/pmml/jaxbbindings/VALIDTIMESPEC.class(in = 2104) (out= 1068)(deflated 49%)
adding: weka/core/pmml/jaxbbindings/Value.class(in = 1954) (out= 884)(deflated 54%)
adding: weka/core/pmml/jaxbbindings/VectorDictionary.class(in = 2234) (out= 908)(deflated 59%)
adding: weka/core/pmml/jaxbbindings/VectorFields.class(in = 1794) (out= 801)(deflated 55%)
adding: weka/core/pmml/jaxbbindings/VectorInstance.class(in = 2200) (out= 910)(deflated 58%)
adding: weka/core/pmml/jaxbbindings/VerificationField.class(in = 2271) (out= 1008)(deflated 55%)
adding: weka/core/pmml/jaxbbindings/VerificationFields.class(in = 1516) (out= 676)(deflated 55%)
adding: weka/core/pmml/jaxbbindings/XCoordinates.class(in = 1480) (out= 712)(deflated 51%)
adding: weka/core/pmml/jaxbbindings/YCoordinates.class(in = 1480) (out= 712)(deflated 51%)
adding: weka/core/pmml/jaxbbindings/package-info.class(in = 260) (out= 216)(deflated 16%)
adding: weka/core/scripting/(in = 0) (out= 0)(stored 0%)
adding: weka/core/scripting/Groovy.class(in = 4459) (out= 2128)(deflated 52%)
adding: weka/core/scripting/Jython.class(in = 6545) (out= 3115)(deflated 52%)
adding: weka/core/scripting/JythonObject.class(in = 125) (out= 103)(deflated 17%)
adding: weka/core/scripting/JythonSerializableObject.class(in = 217) (out= 142)(deflated 34%)
adding: weka/core/stemmers/(in = 0) (out= 0)(stored 0%)
adding: weka/core/stemmers/IteratedLovinsStemmer.class(in = 1844) (out= 993)(deflated 46%)
adding: weka/core/stemmers/LovinsStemmer.class(in = 17718) (out= 8757)(deflated 50%)
adding: weka/core/stemmers/NullStemmer.class(in = 1456) (out= 750)(deflated 48%)
adding: weka/core/stemmers/SnowballStemmer.class(in = 8043) (out= 3857)(deflated 52%)
adding: weka/core/stemmers/Stemmer.class(in = 231) (out= 175)(deflated 24%)
adding: weka/core/stemmers/Stemming.class(in = 4563) (out= 2398)(deflated 47%)
adding: weka/core/stopwords/(in = 0) (out= 0)(stored 0%)
adding: weka/core/stopwords/AbstractFileBasedStopwords.class(in = 4153) (out= 2110)(deflated 49%)
adding: weka/core/stopwords/AbstractStopwords.class(in = 3463) (out= 1666)(deflated 51%)
adding: weka/core/stopwords/MultiStopwords.class(in = 4117) (out= 2010)(deflated 51%)
adding: weka/core/stopwords/Null.class(in = 633) (out= 404)(deflated 36%)
adding: weka/core/stopwords/Rainbow.class(in = 14583) (out= 7180)(deflated 50%)
adding: weka/core/stopwords/RegExpFromFile.class(in = 2462) (out= 1289)(deflated 47%)
adding: weka/core/stopwords/StopwordsHandler.class(in = 178) (out= 136)(deflated 23%)
adding: weka/core/stopwords/WordsFromFile.class(in = 1761) (out= 986)(deflated 44%)
adding: weka/core/tokenizers/(in = 0) (out= 0)(stored 0%)
adding: weka/core/tokenizers/AlphabeticTokenizer.class(in = 2142) (out= 1140)(deflated 46%)
adding: weka/core/tokenizers/CharacterDelimitedTokenizer.class(in = 2430) (out= 1177)(deflated 51%)
adding: weka/core/tokenizers/CharacterNGramTokenizer.class(in = 4631) (out= 2146)(deflated 53%)
adding: weka/core/tokenizers/NGramTokenizer.class(in = 5231) (out= 2522)(deflated 51%)
adding: weka/core/tokenizers/Tokenizer.class(in = 3155) (out= 1561)(deflated 50%)
adding: weka/core/tokenizers/WordTokenizer.class(in = 1616) (out= 763)(deflated 52%)
adding: weka/core/version.txt(in = 5) (out= 7)(deflated -40%)
adding: weka/core/xml/(in = 0) (out= 0)(stored 0%)
adding: weka/core/xml/KOML.class(in = 4281) (out= 2053)(deflated 52%)
adding: weka/core/xml/MethodHandler.class(in = 2756) (out= 1046)(deflated 62%)
adding: weka/core/xml/PropertyHandler.class(in = 4379) (out= 1794)(deflated 59%)
adding: weka/core/xml/SerialUIDChanger.class(in = 4910) (out= 2408)(deflated 50%)
adding: weka/core/xml/XMLBasicSerialization.class(in = 11071) (out= 5187)(deflated 53%)
adding: weka/core/xml/XMLDocument.class(in = 11284) (out= 4913)(deflated 56%)
adding: weka/core/xml/XMLInstances.class(in = 17254) (out= 8286)(deflated 51%)
adding: weka/core/xml/XMLOptions.class(in = 7432) (out= 3583)(deflated 51%)
adding: weka/core/xml/XMLSerialization.class(in = 28055) (out= 12195)(deflated 56%)
adding: weka/core/xml/XMLSerializationMethodHandler.class(in = 4539) (out= 2130)(deflated 53%)
adding: weka/core/xml/XStream.class(in = 5711) (out= 2256)(deflated 60%)
adding: weka/datagenerators/(in = 0) (out= 0)(stored 0%)
adding: weka/datagenerators/ClassificationGenerator.class(in = 2801) (out= 1349)(deflated 51%)
adding: weka/datagenerators/ClusterDefinition.class(in = 2087) (out= 1041)(deflated 50%)
adding: weka/datagenerators/ClusterGenerator.class(in = 5495) (out= 2538)(deflated 53%)
adding: weka/datagenerators/DataGenerator.class(in = 12402) (out= 5744)(deflated 53%)
adding: weka/datagenerators/RegressionGenerator.class(in = 2789) (out= 1347)(deflated 51%)
adding: weka/datagenerators/Test.class(in = 3532) (out= 1846)(deflated 47%)
adding: weka/datagenerators/classifiers/(in = 0) (out= 0)(stored 0%)
adding: weka/datagenerators/classifiers/classification/(in = 0) (out= 0)(stored 0%)
adding: weka/datagenerators/classifiers/classification/Agrawal$1.class(in = 879) (out= 490)(deflated 44%)
adding: weka/datagenerators/classifiers/classification/Agrawal$10.class(in = 1055) (out= 610)(deflated 42%)
adding: weka/datagenerators/classifiers/classification/Agrawal$2.class(in = 1015) (out= 587)(deflated 42%)
adding: weka/datagenerators/classifiers/classification/Agrawal$3.class(in = 972) (out= 559)(deflated 42%)
adding: weka/datagenerators/classifiers/classification/Agrawal$4.class(in = 1179) (out= 673)(deflated 42%)
adding: weka/datagenerators/classifiers/classification/Agrawal$5.class(in = 1225) (out= 678)(deflated 44%)
adding: weka/datagenerators/classifiers/classification/Agrawal$6.class(in = 1057) (out= 611)(deflated 42%)
adding: weka/datagenerators/classifiers/classification/Agrawal$7.class(in = 957) (out= 548)(deflated 42%)
adding: weka/datagenerators/classifiers/classification/Agrawal$8.class(in = 958) (out= 554)(deflated 42%)
adding: weka/datagenerators/classifiers/classification/Agrawal$9.class(in = 974) (out= 560)(deflated 42%)
adding: weka/datagenerators/classifiers/classification/Agrawal$ClassFunction.class(in = 303) (out= 193)(deflated 36%)
adding: weka/datagenerators/classifiers/classification/Agrawal.class(in = 12758) (out= 6076)(deflated 52%)
adding: weka/datagenerators/classifiers/classification/BayesNet.class(in = 9492) (out= 4009)(deflated 57%)
adding: weka/datagenerators/classifiers/classification/LED24.class(in = 8094) (out= 3991)(deflated 50%)
adding: weka/datagenerators/classifiers/classification/RDG1$1.class(in = 254) (out= 174)(deflated 31%)
adding: weka/datagenerators/classifiers/classification/RDG1$RuleList.class(in = 3724) (out= 1651)(deflated 55%)
adding: weka/datagenerators/classifiers/classification/RDG1.class(in = 17951) (out= 7952)(deflated 55%)
adding: weka/datagenerators/classifiers/classification/RandomRBF.class(in = 9665) (out= 4647)(deflated 51%)
adding: weka/datagenerators/classifiers/regression/(in = 0) (out= 0)(stored 0%)
adding: weka/datagenerators/classifiers/regression/Expression.class(in = 6283) (out= 3050)(deflated 51%)
adding: weka/datagenerators/classifiers/regression/MexicanHat.class(in = 9174) (out= 4093)(deflated 55%)
adding: weka/datagenerators/clusterers/(in = 0) (out= 0)(stored 0%)
adding: weka/datagenerators/clusterers/BIRCHCluster$1.class(in = 246) (out= 170)(deflated 30%)
adding: weka/datagenerators/clusterers/BIRCHCluster$Cluster.class(in = 3036) (out= 1292)(deflated 57%)
adding: weka/datagenerators/clusterers/BIRCHCluster$GridVector.class(in = 2328) (out= 1131)(deflated 51%)
adding: weka/datagenerators/clusterers/BIRCHCluster.class(in = 21613) (out= 9283)(deflated 57%)
adding: weka/datagenerators/clusterers/SubspaceCluster.class(in = 16954) (out= 8533)(deflated 49%)
adding: weka/datagenerators/clusterers/SubspaceClusterDefinition.class(in = 12892) (out= 5692)(deflated 55%)
adding: weka/estimators/(in = 0) (out= 0)(stored 0%)
adding: weka/estimators/CheckEstimator$AttrTypes.class(in = 2513) (out= 1318)(deflated 47%)
adding: weka/estimators/CheckEstimator$EstTypes.class(in = 938) (out= 537)(deflated 42%)
adding: weka/estimators/CheckEstimator$PostProcessor.class(in = 927) (out= 475)(deflated 48%)
adding: weka/estimators/CheckEstimator.class(in = 30591) (out= 14922)(deflated 51%)
adding: weka/estimators/ConditionalEstimator.class(in = 287) (out= 210)(deflated 26%)
adding: weka/estimators/DDConditionalEstimator.class(in = 3065) (out= 1680)(deflated 45%)
adding: weka/estimators/DKConditionalEstimator.class(in = 3425) (out= 1848)(deflated 46%)
adding: weka/estimators/DNConditionalEstimator.class(in = 3425) (out= 1848)(deflated 46%)
adding: weka/estimators/DiscreteEstimator.class(in = 5753) (out= 3030)(deflated 47%)
adding: weka/estimators/Estimator$1.class(in = 207) (out= 156)(deflated 24%)
adding: weka/estimators/Estimator$Builder.class(in = 1098) (out= 612)(deflated 44%)
adding: weka/estimators/Estimator.class(in = 11817) (out= 5734)(deflated 51%)
adding: weka/estimators/EstimatorUtils.class(in = 6530) (out= 3311)(deflated 49%)
adding: weka/estimators/IncrementalEstimator.class(in = 164) (out= 133)(deflated 18%)
adding: weka/estimators/KDConditionalEstimator.class(in = 3029) (out= 1655)(deflated 45%)
adding: weka/estimators/KKConditionalEstimator.class(in = 5252) (out= 3010)(deflated 42%)
adding: weka/estimators/KernelEstimator.class(in = 7607) (out= 4051)(deflated 46%)
adding: weka/estimators/MahalanobisEstimator.class(in = 4867) (out= 2724)(deflated 44%)
adding: weka/estimators/MultivariateEstimator.class(in = 198) (out= 154)(deflated 22%)
adding: weka/estimators/MultivariateGaussianEstimator.class(in = 10430) (out= 5450)(deflated 47%)
adding: weka/estimators/NDConditionalEstimator.class(in = 3029) (out= 1644)(deflated 45%)
adding: weka/estimators/NNConditionalEstimator.class(in = 5305) (out= 2891)(deflated 45%)
adding: weka/estimators/NormalEstimator.class(in = 5650) (out= 2928)(deflated 48%)
adding: weka/estimators/PoissonEstimator.class(in = 3202) (out= 1772)(deflated 44%)
adding: weka/estimators/UnivariateDensityEstimator.class(in = 237) (out= 183)(deflated 22%)
adding: weka/estimators/UnivariateEqualFrequencyHistogramEstimator.class(in = 13157) (out= 6861)(deflated 47%)
adding: weka/estimators/UnivariateIntervalEstimator.class(in = 214) (out= 161)(deflated 24%)
adding: weka/estimators/UnivariateKernelEstimator.class(in = 10952) (out= 5612)(deflated 48%)
adding: weka/estimators/UnivariateMixtureEstimator$MM.class(in = 6888) (out= 4071)(deflated 40%)
adding: weka/estimators/UnivariateMixtureEstimator.class(in = 14125) (out= 7227)(deflated 48%)
adding: weka/estimators/UnivariateNormalEstimator.class(in = 4384) (out= 2305)(deflated 47%)
adding: weka/estimators/UnivariateQuantileEstimator.class(in = 211) (out= 155)(deflated 26%)
adding: weka/experiment/(in = 0) (out= 0)(stored 0%)
adding: weka/experiment/AveragingResultProducer.class(in = 16496) (out= 7807)(deflated 52%)
adding: weka/experiment/CSVResultListener.class(in = 6146) (out= 3082)(deflated 49%)
adding: weka/experiment/ClassifierSplitEvaluator.class(in = 24308) (out= 11199)(deflated 53%)
adding: weka/experiment/Compute.class(in = 352) (out= 218)(deflated 38%)
adding: weka/experiment/CostSensitiveClassifierSplitEvaluator.class(in = 12103) (out= 5738)(deflated 52%)
adding: weka/experiment/CrossValidationResultProducer.class(in = 14229) (out= 6617)(deflated 53%)
adding: weka/experiment/CrossValidationSplitResultProducer.class(in = 5071) (out= 2590)(deflated 48%)
adding: weka/experiment/DatabaseResultListener.class(in = 7744) (out= 3845)(deflated 50%)
adding: weka/experiment/DatabaseResultProducer.class(in = 9612) (out= 4282)(deflated 55%)
adding: weka/experiment/DatabaseUtils.class(in = 25133) (out= 12361)(deflated 50%)
adding: weka/experiment/DatabaseUtils.props(in = 2335) (out= 1133)(deflated 51%)
adding: weka/experiment/DatabaseUtils.props.hsql(in = 3286) (out= 1493)(deflated 54%)
adding: weka/experiment/DatabaseUtils.props.msaccess(in = 4001) (out= 1782)(deflated 55%)
adding: weka/experiment/DatabaseUtils.props.mssqlserver(in = 3704) (out= 1687)(deflated 54%)
adding: weka/experiment/DatabaseUtils.props.mssqlserver2005(in = 3771) (out= 1695)(deflated 55%)
adding: weka/experiment/DatabaseUtils.props.mysql(in = 4324) (out= 1840)(deflated 57%)
adding: weka/experiment/DatabaseUtils.props.odbc(in = 1619) (out= 837)(deflated 48%)
adding: weka/experiment/DatabaseUtils.props.oracle(in = 2806) (out= 1359)(deflated 51%)
adding: weka/experiment/DatabaseUtils.props.postgresql(in = 8559) (out= 3114)(deflated 63%)
adding: weka/experiment/DatabaseUtils.props.sqlite3(in = 2838) (out= 1307)(deflated 53%)
adding: weka/experiment/DensityBasedClustererSplitEvaluator.class(in = 13150) (out= 6310)(deflated 52%)
adding: weka/experiment/Experiment.class(in = 20283) (out= 9705)(deflated 52%)
adding: weka/experiment/ExplicitTestsetResultProducer.class(in = 18808) (out= 8524)(deflated 54%)
adding: weka/experiment/InstanceQuery.class(in = 13610) (out= 6717)(deflated 50%)
adding: weka/experiment/InstanceQueryAdapter.class(in = 310) (out= 218)(deflated 29%)
adding: weka/experiment/InstancesResultListener.class(in = 6182) (out= 3185)(deflated 48%)
adding: weka/experiment/LearningRateResultProducer.class(in = 11796) (out= 5279)(deflated 55%)
adding: weka/experiment/OutputZipper.class(in = 2727) (out= 1466)(deflated 46%)
adding: weka/experiment/PairedCorrectedTTester.class(in = 8176) (out= 4306)(deflated 47%)
adding: weka/experiment/PairedStats.class(in = 5941) (out= 3162)(deflated 46%)
adding: weka/experiment/PairedStatsCorrected.class(in = 1807) (out= 1072)(deflated 40%)
adding: weka/experiment/PairedTTester$Dataset.class(in = 2364) (out= 1302)(deflated 44%)
adding: weka/experiment/PairedTTester$DatasetSpecifiers.class(in = 1961) (out= 1081)(deflated 44%)
adding: weka/experiment/PairedTTester$Resultset.class(in = 3287) (out= 1666)(deflated 49%)
adding: weka/experiment/PairedTTester.class(in = 23424) (out= 11465)(deflated 51%)
adding: weka/experiment/PropertyNode.class(in = 3041) (out= 1500)(deflated 50%)
adding: weka/experiment/RandomSplitResultProducer.class(in = 15529) (out= 7347)(deflated 52%)
adding: weka/experiment/RegressionSplitEvaluator.class(in = 17067) (out= 8158)(deflated 52%)
adding: weka/experiment/RemoteEngine$1.class(in = 1094) (out= 656)(deflated 40%)
adding: weka/experiment/RemoteEngine$2.class(in = 3580) (out= 1772)(deflated 50%)
adding: weka/experiment/RemoteEngine.class(in = 8603) (out= 4224)(deflated 50%)
adding: weka/experiment/RemoteEngine_Skel.class(in = 2110) (out= 1080)(deflated 48%)
adding: weka/experiment/RemoteEngine_Stub.class(in = 3884) (out= 1743)(deflated 55%)
adding: weka/experiment/RemoteExperiment$1.class(in = 4598) (out= 2353)(deflated 48%)
adding: weka/experiment/RemoteExperiment.class(in = 15488) (out= 7424)(deflated 52%)
adding: weka/experiment/RemoteExperimentEvent.class(in = 727) (out= 461)(deflated 36%)
adding: weka/experiment/RemoteExperimentListener.class(in = 223) (out= 146)(deflated 34%)
adding: weka/experiment/RemoteExperimentSubTask.class(in = 3352) (out= 1742)(deflated 48%)
adding: weka/experiment/ResultListener.class(in = 598) (out= 293)(deflated 51%)
adding: weka/experiment/ResultMatrix.class(in = 27943) (out= 11153)(deflated 60%)
adding: weka/experiment/ResultMatrixCSV.class(in = 5720) (out= 3080)(deflated 46%)
adding: weka/experiment/ResultMatrixGnuPlot.class(in = 6653) (out= 3374)(deflated 49%)
adding: weka/experiment/ResultMatrixHTML.class(in = 7230) (out= 3761)(deflated 47%)
adding: weka/experiment/ResultMatrixLatex.class(in = 8921) (out= 4638)(deflated 48%)
adding: weka/experiment/ResultMatrixPlainText.class(in = 9106) (out= 4779)(deflated 47%)
adding: weka/experiment/ResultMatrixSignificance.class(in = 5043) (out= 2536)(deflated 49%)
adding: weka/experiment/ResultProducer.class(in = 733) (out= 373)(deflated 49%)
adding: weka/experiment/SplitEvaluator.class(in = 555) (out= 311)(deflated 43%)
adding: weka/experiment/Stats.class(in = 5073) (out= 2794)(deflated 44%)
adding: weka/experiment/Task.class(in = 218) (out= 171)(deflated 21%)
adding: weka/experiment/TaskStatusInfo.class(in = 1605) (out= 767)(deflated 52%)
adding: weka/experiment/Tester.class(in = 1565) (out= 695)(deflated 55%)
adding: weka/experiment/xml/(in = 0) (out= 0)(stored 0%)
adding: weka/experiment/xml/XMLExperiment.class(in = 7387) (out= 3576)(deflated 51%)
adding: weka/filters/(in = 0) (out= 0)(stored 0%)
adding: weka/filters/AllFilter.class(in = 3613) (out= 1790)(deflated 50%)
adding: weka/filters/CheckSource.class(in = 9080) (out= 4450)(deflated 50%)
adding: weka/filters/Filter.class(in = 29856) (out= 13378)(deflated 55%)
adding: weka/filters/MultiFilter.class(in = 7104) (out= 3437)(deflated 51%)
adding: weka/filters/SimpleBatchFilter.class(in = 2078) (out= 1146)(deflated 44%)
adding: weka/filters/SimpleFilter.class(in = 1059) (out= 613)(deflated 42%)
adding: weka/filters/SimpleStreamFilter.class(in = 2511) (out= 1352)(deflated 46%)
adding: weka/filters/Sourcable.class(in = 241) (out= 171)(deflated 29%)
adding: weka/filters/StreamableFilter.class(in = 126) (out= 100)(deflated 20%)
adding: weka/filters/SupervisedFilter.class(in = 126) (out= 101)(deflated 19%)
adding: weka/filters/UnsupervisedFilter.class(in = 130) (out= 103)(deflated 20%)
adding: weka/filters/supervised/(in = 0) (out= 0)(stored 0%)
adding: weka/filters/supervised/attribute/(in = 0) (out= 0)(stored 0%)
adding: weka/filters/supervised/attribute/AddClassification.class(in = 13371) (out= 6105)(deflated 54%)
adding: weka/filters/supervised/attribute/AttributeSelection.class(in = 9776) (out= 4671)(deflated 52%)
adding: weka/filters/supervised/attribute/ClassConditionalProbabilities.class(in = 9160) (out= 4367)(deflated 52%)
adding: weka/filters/supervised/attribute/ClassOrder.class(in = 9455) (out= 4843)(deflated 48%)
adding: weka/filters/supervised/attribute/Discretize.class(in = 20110) (out= 10079)(deflated 49%)
adding: weka/filters/supervised/attribute/MergeNominalValues.class(in = 14604) (out= 7580)(deflated 48%)
adding: weka/filters/supervised/attribute/NominalToBinary.class(in = 12827) (out= 6192)(deflated 51%)
adding: weka/filters/supervised/attribute/PartitionMembership.class(in = 8170) (out= 3972)(deflated 51%)
adding: weka/filters/supervised/instance/(in = 0) (out= 0)(stored 0%)
adding: weka/filters/supervised/instance/ClassBalancer.class(in = 4408) (out= 2282)(deflated 48%)
adding: weka/filters/supervised/instance/Resample.class(in = 10172) (out= 4914)(deflated 51%)
adding: weka/filters/supervised/instance/SpreadSubsample.class(in = 10083) (out= 5057)(deflated 49%)
adding: weka/filters/supervised/instance/StratifiedRemoveFolds.class(in = 7410) (out= 3575)(deflated 51%)
adding: weka/filters/unsupervised/(in = 0) (out= 0)(stored 0%)
adding: weka/filters/unsupervised/attribute/(in = 0) (out= 0)(stored 0%)
adding: weka/filters/unsupervised/attribute/AbstractTimeSeries.class(in = 7288) (out= 3460)(deflated 52%)
adding: weka/filters/unsupervised/attribute/Add.class(in = 10624) (out= 5243)(deflated 50%)
adding: weka/filters/unsupervised/attribute/AddCluster.class(in = 11614) (out= 5724)(deflated 50%)
adding: weka/filters/unsupervised/attribute/AddExpression.class(in = 8304) (out= 3816)(deflated 54%)
adding: weka/filters/unsupervised/attribute/AddID.class(in = 6561) (out= 3263)(deflated 50%)
adding: weka/filters/unsupervised/attribute/AddNoise.class(in = 9838) (out= 4954)(deflated 49%)
adding: weka/filters/unsupervised/attribute/AddUserFields$AttributeSpec.class(in = 4914) (out= 2343)(deflated 52%)
adding: weka/filters/unsupervised/attribute/AddUserFields.class(in = 9008) (out= 4380)(deflated 51%)
adding: weka/filters/unsupervised/attribute/AddUserFieldsBeanInfo.class(in = 671) (out= 355)(deflated 47%)
adding: weka/filters/unsupervised/attribute/AddValues.class(in = 8777) (out= 4444)(deflated 49%)
adding: weka/filters/unsupervised/attribute/CartesianProduct.class(in = 7129) (out= 3621)(deflated 49%)
adding: weka/filters/unsupervised/attribute/Center.class(in = 6858) (out= 3581)(deflated 47%)
adding: weka/filters/unsupervised/attribute/ChangeDateFormat.class(in = 7577) (out= 3746)(deflated 50%)
adding: weka/filters/unsupervised/attribute/ClassAssigner.class(in = 5195) (out= 2551)(deflated 50%)
adding: weka/filters/unsupervised/attribute/ClusterMembership.class(in = 10731) (out= 5309)(deflated 50%)
adding: weka/filters/unsupervised/attribute/Copy.class(in = 7249) (out= 3607)(deflated 50%)
adding: weka/filters/unsupervised/attribute/Discretize.class(in = 18679) (out= 9267)(deflated 50%)
adding: weka/filters/unsupervised/attribute/FirstOrder.class(in = 7600) (out= 3909)(deflated 48%)
adding: weka/filters/unsupervised/attribute/FixedDictionaryStringToWordVector.class(in = 10446) (out= 4296)(deflated 58%)
adding: weka/filters/unsupervised/attribute/InterquartileRange$1.class(in = 1165) (out= 595)(deflated 48%)
adding: weka/filters/unsupervised/attribute/InterquartileRange$ValueType.class(in = 1561) (out= 710)(deflated 54%)
adding: weka/filters/unsupervised/attribute/InterquartileRange.class(in = 14954) (out= 6888)(deflated 53%)
adding: weka/filters/unsupervised/attribute/KernelFilter.class(in = 16774) (out= 7619)(deflated 54%)
adding: weka/filters/unsupervised/attribute/MakeIndicator.class(in = 8663) (out= 4198)(deflated 51%)
adding: weka/filters/unsupervised/attribute/MathExpression.class(in = 11948) (out= 5567)(deflated 53%)
adding: weka/filters/unsupervised/attribute/MergeInfrequentNominalValues.class(in = 10702) (out= 5281)(deflated 50%)
adding: weka/filters/unsupervised/attribute/MergeManyValues.class(in = 8497) (out= 4210)(deflated 50%)
adding: weka/filters/unsupervised/attribute/MergeTwoValues.class(in = 8588) (out= 4038)(deflated 52%)
adding: weka/filters/unsupervised/attribute/NominalToBinary.class(in = 9927) (out= 4861)(deflated 51%)
adding: weka/filters/unsupervised/attribute/NominalToString.class(in = 6110) (out= 3032)(deflated 50%)
adding: weka/filters/unsupervised/attribute/Normalize.class(in = 11404) (out= 5528)(deflated 51%)
adding: weka/filters/unsupervised/attribute/NumericCleaner.class(in = 12357) (out= 5194)(deflated 57%)
adding: weka/filters/unsupervised/attribute/NumericToBinary.class(in = 8381) (out= 4121)(deflated 50%)
adding: weka/filters/unsupervised/attribute/NumericToNominal.class(in = 8922) (out= 4455)(deflated 50%)
adding: weka/filters/unsupervised/attribute/NumericTransform.class(in = 8231) (out= 3950)(deflated 52%)
adding: weka/filters/unsupervised/attribute/Obfuscate.class(in = 4306) (out= 2226)(deflated 48%)
adding: weka/filters/unsupervised/attribute/PKIDiscretize.class(in = 6347) (out= 3078)(deflated 51%)
adding: weka/filters/unsupervised/attribute/PartitionedMultiFilter.class(in = 13889) (out= 6711)(deflated 51%)
adding: weka/filters/unsupervised/attribute/PotentialClassIgnorer.class(in = 2834) (out= 1385)(deflated 51%)
adding: weka/filters/unsupervised/attribute/PrincipalComponents.class(in = 14901) (out= 7238)(deflated 51%)
adding: weka/filters/unsupervised/attribute/RandomProjection.class(in = 15240) (out= 7564)(deflated 50%)
adding: weka/filters/unsupervised/attribute/RandomSubset.class(in = 7842) (out= 3788)(deflated 51%)
adding: weka/filters/unsupervised/attribute/Remove.class(in = 7168) (out= 3605)(deflated 49%)
adding: weka/filters/unsupervised/attribute/RemoveByName.class(in = 5863) (out= 2746)(deflated 53%)
adding: weka/filters/unsupervised/attribute/RemoveType.class(in = 7493) (out= 3596)(deflated 52%)
adding: weka/filters/unsupervised/attribute/RemoveUseless.class(in = 7191) (out= 3616)(deflated 49%)
adding: weka/filters/unsupervised/attribute/RenameAttribute.class(in = 8614) (out= 3879)(deflated 54%)
adding: weka/filters/unsupervised/attribute/RenameNominalValues.class(in = 10733) (out= 5295)(deflated 50%)
adding: weka/filters/unsupervised/attribute/Reorder.class(in = 8853) (out= 4508)(deflated 49%)
adding: weka/filters/unsupervised/attribute/ReplaceMissingValues.class(in = 9221) (out= 4657)(deflated 49%)
adding: weka/filters/unsupervised/attribute/ReplaceMissingWithUserConstant.class(in = 14221) (out= 6626)(deflated 53%)
adding: weka/filters/unsupervised/attribute/ReplaceWithMissingValue.class(in = 8982) (out= 4281)(deflated 52%)
adding: weka/filters/unsupervised/attribute/SortLabels$CaseInsensitiveComparator.class(in = 1239) (out= 652)(deflated 47%)
adding: weka/filters/unsupervised/attribute/SortLabels$CaseSensitiveComparator.class(in = 1180) (out= 623)(deflated 47%)
adding: weka/filters/unsupervised/attribute/SortLabels.class(in = 9657) (out= 4683)(deflated 51%)
adding: weka/filters/unsupervised/attribute/Standardize.class(in = 7781) (out= 3993)(deflated 48%)
adding: weka/filters/unsupervised/attribute/StringToNominal.class(in = 7219) (out= 3669)(deflated 49%)
adding: weka/filters/unsupervised/attribute/StringToWordVector.class(in = 21178) (out= 8794)(deflated 58%)
adding: weka/filters/unsupervised/attribute/SwapValues.class(in = 7738) (out= 3625)(deflated 53%)
adding: weka/filters/unsupervised/attribute/TimeSeriesDelta.class(in = 4447) (out= 2341)(deflated 47%)
adding: weka/filters/unsupervised/attribute/TimeSeriesTranslate.class(in = 4406) (out= 2321)(deflated 47%)
adding: weka/filters/unsupervised/attribute/Transpose.class(in = 4828) (out= 2446)(deflated 49%)
adding: weka/filters/unsupervised/instance/(in = 0) (out= 0)(stored 0%)
adding: weka/filters/unsupervised/instance/NonSparseToSparse.class(in = 4489) (out= 2228)(deflated 50%)
adding: weka/filters/unsupervised/instance/Randomize.class(in = 5094) (out= 2513)(deflated 50%)
adding: weka/filters/unsupervised/instance/RemoveDuplicates.class(in = 3793) (out= 1949)(deflated 48%)
adding: weka/filters/unsupervised/instance/RemoveFolds.class(in = 7373) (out= 3566)(deflated 51%)
adding: weka/filters/unsupervised/instance/RemoveFrequentValues.class(in = 11074) (out= 5353)(deflated 51%)
adding: weka/filters/unsupervised/instance/RemoveMisclassified.class(in = 11821) (out= 5476)(deflated 53%)
adding: weka/filters/unsupervised/instance/RemovePercentage.class(in = 5804) (out= 2880)(deflated 50%)
adding: weka/filters/unsupervised/instance/RemoveRange.class(in = 5566) (out= 2695)(deflated 51%)
adding: weka/filters/unsupervised/instance/RemoveWithValues.class(in = 11565) (out= 5335)(deflated 53%)
adding: weka/filters/unsupervised/instance/Resample.class(in = 7836) (out= 3761)(deflated 52%)
adding: weka/filters/unsupervised/instance/ReservoirSample.class(in = 7193) (out= 3598)(deflated 49%)
adding: weka/filters/unsupervised/instance/SparseToNonSparse.class(in = 2781) (out= 1443)(deflated 48%)
adding: weka/filters/unsupervised/instance/SubsetByExpression.class(in = 8238) (out= 3831)(deflated 53%)
adding: weka/gui/(in = 0) (out= 0)(stored 0%)
adding: weka/gui/AbstractGUIApplication.class(in = 4622) (out= 2214)(deflated 52%)
adding: weka/gui/AbstractPerspective.class(in = 3822) (out= 1630)(deflated 57%)
adding: weka/gui/AttributeListPanel$1.class(in = 784) (out= 470)(deflated 40%)
adding: weka/gui/AttributeListPanel$AttributeTableModel.class(in = 2045) (out= 1006)(deflated 50%)
adding: weka/gui/AttributeListPanel.class(in = 3313) (out= 1765)(deflated 46%)
adding: weka/gui/AttributeSelectionPanel$1.class(in = 940) (out= 473)(deflated 49%)
adding: weka/gui/AttributeSelectionPanel$2.class(in = 939) (out= 473)(deflated 49%)
adding: weka/gui/AttributeSelectionPanel$3.class(in = 936) (out= 470)(deflated 49%)
adding: weka/gui/AttributeSelectionPanel$4.class(in = 2083) (out= 1004)(deflated 51%)
adding: weka/gui/AttributeSelectionPanel$5.class(in = 804) (out= 478)(deflated 40%)
adding: weka/gui/AttributeSelectionPanel$AttributeTableModel.class(in = 4001) (out= 2007)(deflated 49%)
adding: weka/gui/AttributeSelectionPanel.class(in = 5926) (out= 2964)(deflated 49%)
adding: weka/gui/AttributeSummaryPanel$1.class(in = 708) (out= 424)(deflated 40%)
adding: weka/gui/AttributeSummaryPanel$2$1.class(in = 995) (out= 547)(deflated 45%)
adding: weka/gui/AttributeSummaryPanel$2.class(in = 1066) (out= 567)(deflated 46%)
adding: weka/gui/AttributeSummaryPanel$3.class(in = 929) (out= 523)(deflated 43%)
adding: weka/gui/AttributeSummaryPanel$4.class(in = 796) (out= 477)(deflated 40%)
adding: weka/gui/AttributeSummaryPanel.class(in = 9871) (out= 4981)(deflated 49%)
adding: weka/gui/AttributeVisualizationPanel$1.class(in = 827) (out= 453)(deflated 45%)
adding: weka/gui/AttributeVisualizationPanel$2.class(in = 1151) (out= 632)(deflated 45%)
adding: weka/gui/AttributeVisualizationPanel$BarCalc.class(in = 4438) (out= 2358)(deflated 46%)
adding: weka/gui/AttributeVisualizationPanel$HistCalc.class(in = 6372) (out= 3153)(deflated 50%)
adding: weka/gui/AttributeVisualizationPanel.class(in = 16475) (out= 7854)(deflated 52%)
adding: weka/gui/BrowserHelper$1.class(in = 1279) (out= 679)(deflated 46%)
adding: weka/gui/BrowserHelper.class(in = 4149) (out= 2265)(deflated 45%)
adding: weka/gui/CheckBoxList$1.class(in = 1112) (out= 613)(deflated 44%)
adding: weka/gui/CheckBoxList$2.class(in = 1134) (out= 640)(deflated 43%)
adding: weka/gui/CheckBoxList$CheckBoxListItem.class(in = 1490) (out= 738)(deflated 50%)
adding: weka/gui/CheckBoxList$CheckBoxListModel.class(in = 4599) (out= 1937)(deflated 57%)
adding: weka/gui/CheckBoxList$CheckBoxListRenderer.class(in = 1561) (out= 840)(deflated 46%)
adding: weka/gui/CheckBoxList.class(in = 2876) (out= 1403)(deflated 51%)
adding: weka/gui/CloseableTabTitle$1.class(in = 1133) (out= 606)(deflated 46%)
adding: weka/gui/CloseableTabTitle$ClosingCallback.class(in = 249) (out= 171)(deflated 31%)
adding: weka/gui/CloseableTabTitle$TabButton$1.class(in = 2043) (out= 1004)(deflated 50%)
adding: weka/gui/CloseableTabTitle$TabButton.class(in = 3239) (out= 1721)(deflated 46%)
adding: weka/gui/CloseableTabTitle.class(in = 2374) (out= 1075)(deflated 54%)
adding: weka/gui/ColorEditor.class(in = 2280) (out= 1025)(deflated 55%)
adding: weka/gui/ComponentHelper.class(in = 2893) (out= 1371)(deflated 52%)
adding: weka/gui/ConverterFileChooser$1.class(in = 1251) (out= 687)(deflated 45%)
adding: weka/gui/ConverterFileChooser$2.class(in = 796) (out= 451)(deflated 43%)
adding: weka/gui/ConverterFileChooser$3.class(in = 1032) (out= 570)(deflated 44%)
adding: weka/gui/ConverterFileChooser.class(in = 14349) (out= 6777)(deflated 52%)
adding: weka/gui/CostBenefitAnalysisPanel$1.class(in = 941) (out= 509)(deflated 45%)
adding: weka/gui/CostBenefitAnalysisPanel$2.class(in = 1331) (out= 726)(deflated 45%)
adding: weka/gui/CostBenefitAnalysisPanel$3.class(in = 1387) (out= 715)(deflated 48%)
adding: weka/gui/CostBenefitAnalysisPanel$4.class(in = 1315) (out= 697)(deflated 46%)
adding: weka/gui/CostBenefitAnalysisPanel$5.class(in = 806) (out= 437)(deflated 45%)
adding: weka/gui/CostBenefitAnalysisPanel$6.class(in = 806) (out= 435)(deflated 46%)
adding: weka/gui/CostBenefitAnalysisPanel$ConfusionCell$1.class(in = 1221) (out= 668)(deflated 45%)
adding: weka/gui/CostBenefitAnalysisPanel$ConfusionCell.class(in = 2277) (out= 1265)(deflated 44%)
adding: weka/gui/CostBenefitAnalysisPanel.class(in = 17556) (out= 9209)(deflated 47%)
adding: weka/gui/CostMatrixEditor$1.class(in = 214) (out= 163)(deflated 23%)
adding: weka/gui/CostMatrixEditor$CostMatrixTableModel.class(in = 2287) (out= 1132)(deflated 50%)
adding: weka/gui/CostMatrixEditor$CustomEditor.class(in = 6965) (out= 3378)(deflated 51%)
adding: weka/gui/CostMatrixEditor.class(in = 3883) (out= 1593)(deflated 58%)
adding: weka/gui/CustomPanelSupplier.class(in = 178) (out= 140)(deflated 21%)
adding: weka/gui/DatabaseConnectionDialog$1.class(in = 902) (out= 493)(deflated 45%)
adding: weka/gui/DatabaseConnectionDialog$2.class(in = 902) (out= 493)(deflated 45%)
adding: weka/gui/DatabaseConnectionDialog$3.class(in = 1002) (out= 542)(deflated 45%)
adding: weka/gui/DatabaseConnectionDialog.class(in = 5430) (out= 2641)(deflated 51%)
adding: weka/gui/DocumentPrinting.class(in = 5198) (out= 2599)(deflated 50%)
adding: weka/gui/ETable.class(in = 8323) (out= 4229)(deflated 49%)
adding: weka/gui/EnvironmentField$1.class(in = 915) (out= 508)(deflated 44%)
adding: weka/gui/EnvironmentField$2.class(in = 888) (out= 479)(deflated 46%)
adding: weka/gui/EnvironmentField$3.class(in = 1315) (out= 698)(deflated 46%)
adding: weka/gui/EnvironmentField$4.class(in = 1389) (out= 726)(deflated 47%)
adding: weka/gui/EnvironmentField$5.class(in = 1561) (out= 836)(deflated 46%)
adding: weka/gui/EnvironmentField$6.class(in = 776) (out= 470)(deflated 39%)
adding: weka/gui/EnvironmentField$WideComboBox.class(in = 1622) (out= 846)(deflated 47%)
adding: weka/gui/EnvironmentField.class(in = 7825) (out= 3485)(deflated 55%)
adding: weka/gui/EvaluationMetricSelectionDialog$1.class(in = 1537) (out= 815)(deflated 46%)
adding: weka/gui/EvaluationMetricSelectionDialog$2.class(in = 814) (out= 432)(deflated 46%)
adding: weka/gui/EvaluationMetricSelectionDialog.class(in = 4542) (out= 2119)(deflated 53%)
adding: weka/gui/ExtensionFileFilter.class(in = 1728) (out= 924)(deflated 46%)
adding: weka/gui/FileEditor$1.class(in = 1237) (out= 697)(deflated 43%)
adding: weka/gui/FileEditor.class(in = 2813) (out= 1505)(deflated 46%)
adding: weka/gui/FileEnvironmentField$1.class(in = 1085) (out= 594)(deflated 45%)
adding: weka/gui/FileEnvironmentField$2.class(in = 1896) (out= 1010)(deflated 46%)
adding: weka/gui/FileEnvironmentField.class(in = 5862) (out= 2846)(deflated 51%)
adding: weka/gui/FilePropertyMetadata.class(in = 512) (out= 305)(deflated 40%)
adding: weka/gui/GPCIgnore.class(in = 418) (out= 249)(deflated 40%)
adding: weka/gui/GUIApplication.class(in = 770) (out= 386)(deflated 49%)
adding: weka/gui/GUIChooser$GUIChooserMenuPlugin$Menu.class(in = 1232) (out= 588)(deflated 52%)
adding: weka/gui/GUIChooser$GUIChooserMenuPlugin.class(in = 484) (out= 274)(deflated 43%)
adding: weka/gui/GUIChooser.class(in = 1594) (out= 888)(deflated 44%)
adding: weka/gui/GUIChooserApp$1.class(in = 775) (out= 451)(deflated 41%)
adding: weka/gui/GUIChooserApp$10.class(in = 1358) (out= 723)(deflated 46%)
adding: weka/gui/GUIChooserApp$11$1$1.class(in = 1177) (out= 607)(deflated 48%)
adding: weka/gui/GUIChooserApp$11$1.class(in = 2369) (out= 1300)(deflated 45%)
adding: weka/gui/GUIChooserApp$11.class(in = 924) (out= 510)(deflated 44%)
adding: weka/gui/GUIChooserApp$12$1.class(in = 1085) (out= 579)(deflated 46%)
adding: weka/gui/GUIChooserApp$12.class(in = 1127) (out= 605)(deflated 46%)
adding: weka/gui/GUIChooserApp$13$1.class(in = 1263) (out= 670)(deflated 46%)
adding: weka/gui/GUIChooserApp$13.class(in = 1668) (out= 886)(deflated 46%)
adding: weka/gui/GUIChooserApp$14$1.class(in = 1119) (out= 603)(deflated 46%)
adding: weka/gui/GUIChooserApp$14.class(in = 1763) (out= 955)(deflated 45%)
adding: weka/gui/GUIChooserApp$15.class(in = 1926) (out= 1022)(deflated 46%)
adding: weka/gui/GUIChooserApp$16$1.class(in = 1063) (out= 575)(deflated 45%)
adding: weka/gui/GUIChooserApp$16.class(in = 2933) (out= 1478)(deflated 49%)
adding: weka/gui/GUIChooserApp$17$1.class(in = 1066) (out= 579)(deflated 45%)
adding: weka/gui/GUIChooserApp$17.class(in = 2094) (out= 1087)(deflated 48%)
adding: weka/gui/GUIChooserApp$18.class(in = 789) (out= 471)(deflated 40%)
adding: weka/gui/GUIChooserApp$19.class(in = 779) (out= 461)(deflated 40%)
adding: weka/gui/GUIChooserApp$2$1.class(in = 1275) (out= 670)(deflated 47%)
adding: weka/gui/GUIChooserApp$2.class(in = 2213) (out= 1204)(deflated 45%)
adding: weka/gui/GUIChooserApp$20.class(in = 789) (out= 462)(deflated 41%)
adding: weka/gui/GUIChooserApp$21$1.class(in = 1119) (out= 601)(deflated 46%)
adding: weka/gui/GUIChooserApp$21.class(in = 3030) (out= 1583)(deflated 47%)
adding: weka/gui/GUIChooserApp$22.class(in = 726) (out= 430)(deflated 40%)
adding: weka/gui/GUIChooserApp$23$1.class(in = 1119) (out= 602)(deflated 46%)
adding: weka/gui/GUIChooserApp$23.class(in = 1638) (out= 902)(deflated 44%)
adding: weka/gui/GUIChooserApp$24.class(in = 731) (out= 438)(deflated 40%)
adding: weka/gui/GUIChooserApp$25$1.class(in = 1119) (out= 607)(deflated 45%)
adding: weka/gui/GUIChooserApp$25.class(in = 1561) (out= 872)(deflated 44%)
adding: weka/gui/GUIChooserApp$26$1.class(in = 1119) (out= 607)(deflated 45%)
adding: weka/gui/GUIChooserApp$26.class(in = 1435) (out= 803)(deflated 44%)
adding: weka/gui/GUIChooserApp$27.class(in = 703) (out= 420)(deflated 40%)
adding: weka/gui/GUIChooserApp$28.class(in = 1346) (out= 839)(deflated 37%)
adding: weka/gui/GUIChooserApp$29.class(in = 1381) (out= 729)(deflated 47%)
adding: weka/gui/GUIChooserApp$3.class(in = 1634) (out= 861)(deflated 47%)
adding: weka/gui/GUIChooserApp$30.class(in = 1005) (out= 571)(deflated 43%)
adding: weka/gui/GUIChooserApp$31.class(in = 1023) (out= 544)(deflated 46%)
adding: weka/gui/GUIChooserApp$32.class(in = 2402) (out= 1295)(deflated 46%)
adding: weka/gui/GUIChooserApp$33.class(in = 1611) (out= 973)(deflated 39%)
adding: weka/gui/GUIChooserApp$4.class(in = 728) (out= 433)(deflated 40%)
adding: weka/gui/GUIChooserApp$5$1.class(in = 1114) (out= 601)(deflated 46%)
adding: weka/gui/GUIChooserApp$5.class(in = 4023) (out= 2221)(deflated 44%)
adding: weka/gui/GUIChooserApp$6$1.class(in = 1114) (out= 602)(deflated 45%)
adding: weka/gui/GUIChooserApp$6.class(in = 3701) (out= 2029)(deflated 45%)
adding: weka/gui/GUIChooserApp$7$1.class(in = 1114) (out= 601)(deflated 46%)
adding: weka/gui/GUIChooserApp$7.class(in = 3205) (out= 1652)(deflated 48%)
adding: weka/gui/GUIChooserApp$8$1.class(in = 1114) (out= 600)(deflated 46%)
adding: weka/gui/GUIChooserApp$8.class(in = 2940) (out= 1611)(deflated 45%)
adding: weka/gui/GUIChooserApp$9$1.class(in = 1333) (out= 690)(deflated 48%)
adding: weka/gui/GUIChooserApp$9.class(in = 1899) (out= 1006)(deflated 47%)
adding: weka/gui/GUIChooserApp$ChildFrameSDI$1.class(in = 1021) (out= 524)(deflated 48%)
adding: weka/gui/GUIChooserApp$ChildFrameSDI.class(in = 1424) (out= 765)(deflated 46%)
adding: weka/gui/GUIChooserApp$GUIChooserDefaults.class(in = 1601) (out= 866)(deflated 45%)
adding: weka/gui/GUIChooserApp.class(in = 22191) (out= 10715)(deflated 51%)
adding: weka/gui/GUIEditors.props(in = 3994) (out= 983)(deflated 75%)
adding: weka/gui/GenericArrayEditor$1.class(in = 648) (out= 387)(deflated 40%)
adding: weka/gui/GenericArrayEditor$CustomEditor$1.class(in = 4513) (out= 2097)(deflated 53%)
adding: weka/gui/GenericArrayEditor$CustomEditor$2.class(in = 1683) (out= 816)(deflated 51%)
adding: weka/gui/GenericArrayEditor$CustomEditor$3.class(in = 1616) (out= 768)(deflated 52%)
adding: weka/gui/GenericArrayEditor$CustomEditor$4.class(in = 904) (out= 462)(deflated 48%)
adding: weka/gui/GenericArrayEditor$CustomEditor$EditorListCellRenderer$1.class(in = 2667) (out= 1290)(deflated 51%)
adding: weka/gui/GenericArrayEditor$CustomEditor$EditorListCellRenderer.class(in = 2058) (out= 943)(deflated 54%)
adding: weka/gui/GenericArrayEditor$CustomEditor.class(in = 9274) (out= 3986)(deflated 57%)
adding: weka/gui/GenericArrayEditor.class(in = 4737) (out= 2200)(deflated 53%)
adding: weka/gui/GenericObjectEditor$1.class(in = 870) (out= 503)(deflated 42%)
adding: weka/gui/GenericObjectEditor$2.class(in = 1261) (out= 696)(deflated 44%)
adding: weka/gui/GenericObjectEditor$3.class(in = 1551) (out= 784)(deflated 49%)
adding: weka/gui/GenericObjectEditor$4.class(in = 1579) (out= 826)(deflated 47%)
adding: weka/gui/GenericObjectEditor$5.class(in = 1688) (out= 891)(deflated 47%)
adding: weka/gui/GenericObjectEditor$CapabilitiesFilterDialog$1.class(in = 1447) (out= 711)(deflated 50%)
adding: weka/gui/GenericObjectEditor$CapabilitiesFilterDialog$2.class(in = 1054) (out= 535)(deflated 49%)
adding: weka/gui/GenericObjectEditor$CapabilitiesFilterDialog.class(in = 5419) (out= 2656)(deflated 50%)
adding: weka/gui/GenericObjectEditor$GOEPanel$1.class(in = 1184) (out= 557)(deflated 52%)
adding: weka/gui/GenericObjectEditor$GOEPanel$2.class(in = 1170) (out= 584)(deflated 50%)
adding: weka/gui/GenericObjectEditor$GOEPanel$3.class(in = 1066) (out= 517)(deflated 51%)
adding: weka/gui/GenericObjectEditor$GOEPanel$4.class(in = 1511) (out= 767)(deflated 49%)
adding: weka/gui/GenericObjectEditor$GOEPanel$5.class(in = 1977) (out= 976)(deflated 50%)
adding: weka/gui/GenericObjectEditor$GOEPanel.class(in = 7577) (out= 3758)(deflated 50%)
adding: weka/gui/GenericObjectEditor$GOETreeNode.class(in = 3162) (out= 1575)(deflated 50%)
adding: weka/gui/GenericObjectEditor$JTreePopupMenu$1.class(in = 2047) (out= 915)(deflated 55%)
adding: weka/gui/GenericObjectEditor$JTreePopupMenu$2.class(in = 1546) (out= 744)(deflated 51%)
adding: weka/gui/GenericObjectEditor$JTreePopupMenu$3.class(in = 1376) (out= 624)(deflated 54%)
adding: weka/gui/GenericObjectEditor$JTreePopupMenu.class(in = 4223) (out= 2123)(deflated 49%)
adding: weka/gui/GenericObjectEditor.class(in = 22385) (out= 10674)(deflated 52%)
adding: weka/gui/GenericObjectEditor.props(in = 23376) (out= 3683)(deflated 84%)
adding: weka/gui/GenericObjectEditorHistory$1.class(in = 1075) (out= 519)(deflated 51%)
adding: weka/gui/GenericObjectEditorHistory$2.class(in = 1488) (out= 600)(deflated 59%)
adding: weka/gui/GenericObjectEditorHistory$HistorySelectionEvent.class(in = 803) (out= 436)(deflated 45%)
adding: weka/gui/GenericObjectEditorHistory$HistorySelectionListener.class(in = 452) (out= 213)(deflated 52%)
adding: weka/gui/GenericObjectEditorHistory.class(in = 4546) (out= 2175)(deflated 52%)
adding: weka/gui/GenericPropertiesCreator.class(in = 10442) (out= 5017)(deflated 51%)
adding: weka/gui/GenericPropertiesCreator.excludes(in = 1180) (out= 495)(deflated 58%)
adding: weka/gui/GenericPropertiesCreator.props(in = 6972) (out= 1640)(deflated 76%)
adding: weka/gui/HierarchyPropertyParser$1.class(in = 235) (out= 167)(deflated 28%)
adding: weka/gui/HierarchyPropertyParser$TreeNode.class(in = 1189) (out= 600)(deflated 49%)
adding: weka/gui/HierarchyPropertyParser.class(in = 10686) (out= 5163)(deflated 51%)
adding: weka/gui/InstancesSummaryPanel$1.class(in = 796) (out= 474)(deflated 40%)
adding: weka/gui/InstancesSummaryPanel.class(in = 4979) (out= 2525)(deflated 49%)
adding: weka/gui/InteractiveTableModel.class(in = 3093) (out= 1567)(deflated 49%)
adding: weka/gui/InteractiveTablePanel$InteractiveRenderer.class(in = 1473) (out= 802)(deflated 45%)
adding: weka/gui/InteractiveTablePanel$InteractiveTableModelListener.class(in = 1181) (out= 605)(deflated 48%)
adding: weka/gui/InteractiveTablePanel.class(in = 2927) (out= 1470)(deflated 49%)
adding: weka/gui/JListHelper.class(in = 2754) (out= 1448)(deflated 47%)
adding: weka/gui/JTableHelper.class(in = 5267) (out= 2429)(deflated 53%)
adding: weka/gui/ListSelectorDialog$1.class(in = 818) (out= 470)(deflated 42%)
adding: weka/gui/ListSelectorDialog$2.class(in = 818) (out= 467)(deflated 42%)
adding: weka/gui/ListSelectorDialog$3.class(in = 776) (out= 436)(deflated 43%)
adding: weka/gui/ListSelectorDialog.class(in = 5830) (out= 3101)(deflated 46%)
adding: weka/gui/Loader.class(in = 2100) (out= 879)(deflated 58%)
adding: weka/gui/LogPanel$1.class(in = 1208) (out= 717)(deflated 40%)
adding: weka/gui/LogPanel$2.class(in = 787) (out= 465)(deflated 40%)
adding: weka/gui/LogPanel$3.class(in = 814) (out= 485)(deflated 40%)
adding: weka/gui/LogPanel$4$1.class(in = 1617) (out= 857)(deflated 47%)
adding: weka/gui/LogPanel$4$2.class(in = 934) (out= 543)(deflated 41%)
adding: weka/gui/LogPanel$4.class(in = 1490) (out= 851)(deflated 42%)
adding: weka/gui/LogPanel$5.class(in = 744) (out= 462)(deflated 37%)
adding: weka/gui/LogPanel.class(in = 6673) (out= 3469)(deflated 48%)
adding: weka/gui/LogWindow$1.class(in = 687) (out= 420)(deflated 38%)
adding: weka/gui/LogWindow$2.class(in = 687) (out= 419)(deflated 39%)
adding: weka/gui/LogWindow$3.class(in = 818) (out= 497)(deflated 39%)
adding: weka/gui/LogWindow$4.class(in = 1087) (out= 652)(deflated 40%)
adding: weka/gui/LogWindow$LogWindowPrintStream.class(in = 3194) (out= 1548)(deflated 51%)
adding: weka/gui/LogWindow.class(in = 8828) (out= 4467)(deflated 49%)
adding: weka/gui/Logger.class(in = 171) (out= 139)(deflated 18%)
adding: weka/gui/LookAndFeel$1.class(in = 849) (out= 533)(deflated 37%)
adding: weka/gui/LookAndFeel.class(in = 5362) (out= 2760)(deflated 48%)
adding: weka/gui/LookAndFeel.props(in = 402) (out= 193)(deflated 51%)
adding: weka/gui/Main$1.class(in = 968) (out= 528)(deflated 45%)
adding: weka/gui/Main$10.class(in = 1681) (out= 922)(deflated 45%)
adding: weka/gui/Main$11$1.class(in = 1031) (out= 564)(deflated 45%)
adding: weka/gui/Main$11$2.class(in = 994) (out= 550)(deflated 44%)
adding: weka/gui/Main$11.class(in = 2034) (out= 1048)(deflated 48%)
adding: weka/gui/Main$12.class(in = 1548) (out= 859)(deflated 44%)
adding: weka/gui/Main$13$1.class(in = 887) (out= 498)(deflated 43%)
adding: weka/gui/Main$13$2.class(in = 850) (out= 484)(deflated 43%)
adding: weka/gui/Main$13.class(in = 2059) (out= 1082)(deflated 47%)
adding: weka/gui/Main$14$1.class(in = 887) (out= 495)(deflated 44%)
adding: weka/gui/Main$14$2.class(in = 850) (out= 483)(deflated 43%)
adding: weka/gui/Main$14.class(in = 2059) (out= 1076)(deflated 47%)
adding: weka/gui/Main$15.class(in = 3544) (out= 1971)(deflated 44%)
adding: weka/gui/Main$16.class(in = 3227) (out= 1779)(deflated 44%)
adding: weka/gui/Main$17.class(in = 2716) (out= 1383)(deflated 49%)
adding: weka/gui/Main$18.class(in = 2450) (out= 1369)(deflated 44%)
adding: weka/gui/Main$19.class(in = 1460) (out= 835)(deflated 42%)
adding: weka/gui/Main$2.class(in = 931) (out= 529)(deflated 43%)
adding: weka/gui/Main$20.class(in = 1314) (out= 722)(deflated 45%)
adding: weka/gui/Main$21.class(in = 802) (out= 509)(deflated 36%)
adding: weka/gui/Main$22.class(in = 788) (out= 496)(deflated 37%)
adding: weka/gui/Main$23.class(in = 802) (out= 503)(deflated 37%)
adding: weka/gui/Main$24.class(in = 2839) (out= 1490)(deflated 47%)
adding: weka/gui/Main$25.class(in = 3592) (out= 1907)(deflated 46%)
adding: weka/gui/Main$26.class(in = 676) (out= 429)(deflated 36%)
adding: weka/gui/Main$27.class(in = 675) (out= 427)(deflated 36%)
adding: weka/gui/Main$28.class(in = 1462) (out= 815)(deflated 44%)
adding: weka/gui/Main$29.class(in = 633) (out= 423)(deflated 33%)
adding: weka/gui/Main$3.class(in = 738) (out= 452)(deflated 38%)
adding: weka/gui/Main$30.class(in = 549) (out= 366)(deflated 33%)
adding: weka/gui/Main$31.class(in = 714) (out= 442)(deflated 38%)
adding: weka/gui/Main$32.class(in = 913) (out= 587)(deflated 35%)
adding: weka/gui/Main$4$1.class(in = 855) (out= 485)(deflated 43%)
adding: weka/gui/Main$4$2.class(in = 818) (out= 470)(deflated 42%)
adding: weka/gui/Main$4.class(in = 2757) (out= 1448)(deflated 47%)
adding: weka/gui/Main$5.class(in = 1718) (out= 973)(deflated 43%)
adding: weka/gui/Main$6.class(in = 1387) (out= 786)(deflated 43%)
adding: weka/gui/Main$7.class(in = 1406) (out= 795)(deflated 43%)
adding: weka/gui/Main$8.class(in = 1513) (out= 843)(deflated 44%)
adding: weka/gui/Main$9.class(in = 1886) (out= 1032)(deflated 45%)
adding: weka/gui/Main$BackgroundDesktopPane.class(in = 1709) (out= 992)(deflated 41%)
adding: weka/gui/Main$ChildFrameMDI$1.class(in = 977) (out= 515)(deflated 47%)
adding: weka/gui/Main$ChildFrameMDI.class(in = 1468) (out= 789)(deflated 46%)
adding: weka/gui/Main$ChildFrameSDI$1.class(in = 940) (out= 513)(deflated 45%)
adding: weka/gui/Main$ChildFrameSDI.class(in = 1343) (out= 751)(deflated 44%)
adding: weka/gui/Main.class(in = 24609) (out= 11747)(deflated 52%)
adding: weka/gui/MainMenuExtension.class(in = 326) (out= 230)(deflated 29%)
adding: weka/gui/MemoryUsage.props(in = 1066) (out= 585)(deflated 45%)
adding: weka/gui/MemoryUsagePanel$1.class(in = 727) (out= 417)(deflated 42%)
adding: weka/gui/MemoryUsagePanel$MemoryMonitor$1.class(in = 739) (out= 394)(deflated 46%)
adding: weka/gui/MemoryUsagePanel$MemoryMonitor.class(in = 2632) (out= 1417)(deflated 46%)
adding: weka/gui/MemoryUsagePanel.class(in = 7744) (out= 4117)(deflated 46%)
adding: weka/gui/PackageManager$1.class(in = 1538) (out= 810)(deflated 47%)
adding: weka/gui/PackageManager$10.class(in = 827) (out= 511)(deflated 38%)
adding: weka/gui/PackageManager$11.class(in = 1334) (out= 777)(deflated 41%)
adding: weka/gui/PackageManager$12.class(in = 1271) (out= 730)(deflated 42%)
adding: weka/gui/PackageManager$13.class(in = 1727) (out= 929)(deflated 46%)
adding: weka/gui/PackageManager$14.class(in = 948) (out= 541)(deflated 42%)
adding: weka/gui/PackageManager$15.class(in = 2898) (out= 1554)(deflated 46%)
adding: weka/gui/PackageManager$16.class(in = 1246) (out= 727)(deflated 41%)
adding: weka/gui/PackageManager$17.class(in = 1591) (out= 903)(deflated 43%)
adding: weka/gui/PackageManager$18.class(in = 770) (out= 469)(deflated 39%)
adding: weka/gui/PackageManager$2.class(in = 843) (out= 472)(deflated 44%)
adding: weka/gui/PackageManager$3$1.class(in = 1093) (out= 591)(deflated 45%)
adding: weka/gui/PackageManager$3$2.class(in = 1110) (out= 619)(deflated 44%)
adding: weka/gui/PackageManager$3$3.class(in = 1644) (out= 844)(deflated 48%)
adding: weka/gui/PackageManager$3.class(in = 2057) (out= 1116)(deflated 45%)
adding: weka/gui/PackageManager$4.class(in = 3077) (out= 1698)(deflated 44%)
adding: weka/gui/PackageManager$5.class(in = 2796) (out= 1478)(deflated 47%)
adding: weka/gui/PackageManager$6.class(in = 3181) (out= 1663)(deflated 47%)
adding: weka/gui/PackageManager$7.class(in = 1189) (out= 655)(deflated 44%)
adding: weka/gui/PackageManager$8.class(in = 1189) (out= 661)(deflated 44%)
adding: weka/gui/PackageManager$9.class(in = 1189) (out= 661)(deflated 44%)
adding: weka/gui/PackageManager$CheckForNewPackages.class(in = 3340) (out= 1744)(deflated 47%)
adding: weka/gui/PackageManager$ComboBoxEditor.class(in = 2410) (out= 1248)(deflated 48%)
adding: weka/gui/PackageManager$EstablishCache.class(in = 2497) (out= 1214)(deflated 51%)
adding: weka/gui/PackageManager$HomePageThread.class(in = 2174) (out= 1147)(deflated 47%)
adding: weka/gui/PackageManager$InstallTask.class(in = 16795) (out= 7944)(deflated 52%)
adding: weka/gui/PackageManager$ProgressPrintStream.class(in = 1758) (out= 820)(deflated 53%)
adding: weka/gui/PackageManager$Progressable.class(in = 287) (out= 194)(deflated 32%)
adding: weka/gui/PackageManager$RefreshCache.class(in = 3933) (out= 2026)(deflated 48%)
adding: weka/gui/PackageManager$UninstallTask.class(in = 7632) (out= 3797)(deflated 50%)
adding: weka/gui/PackageManager$UnofficialInstallTask.class(in = 6278) (out= 3187)(deflated 49%)
adding: weka/gui/PackageManager.class(in = 27681) (out= 14110)(deflated 49%)
adding: weka/gui/PasswordField$1.class(in = 885) (out= 492)(deflated 44%)
adding: weka/gui/PasswordField$2.class(in = 889) (out= 493)(deflated 44%)
adding: weka/gui/PasswordField.class(in = 4035) (out= 1760)(deflated 56%)
adding: weka/gui/PasswordProperty.class(in = 434) (out= 257)(deflated 40%)
adding: weka/gui/Perspective.class(in = 830) (out= 446)(deflated 46%)
adding: weka/gui/PerspectiveInfo.class(in = 523) (out= 307)(deflated 41%)
adding: weka/gui/PerspectiveManager$1.class(in = 2338) (out= 1241)(deflated 46%)
adding: weka/gui/PerspectiveManager$2.class(in = 1057) (out= 591)(deflated 44%)
adding: weka/gui/PerspectiveManager$3.class(in = 992) (out= 580)(deflated 41%)
adding: weka/gui/PerspectiveManager$4.class(in = 887) (out= 491)(deflated 44%)
adding: weka/gui/PerspectiveManager$5.class(in = 887) (out= 492)(deflated 44%)
adding: weka/gui/PerspectiveManager$6.class(in = 820) (out= 469)(deflated 42%)
adding: weka/gui/PerspectiveManager$SelectedPerspectivePreferences.class(in = 1727) (out= 729)(deflated 57%)
adding: weka/gui/PerspectiveManager.class(in = 19202) (out= 9031)(deflated 52%)
adding: weka/gui/ProgrammaticProperty.class(in = 442) (out= 255)(deflated 42%)
adding: weka/gui/PropertyDialog$1.class(in = 823) (out= 460)(deflated 44%)
adding: weka/gui/PropertyDialog.class(in = 3927) (out= 1833)(deflated 53%)
adding: weka/gui/PropertyPanel$1$1.class(in = 853) (out= 470)(deflated 44%)
adding: weka/gui/PropertyPanel$1$2.class(in = 2627) (out= 1320)(deflated 49%)
adding: weka/gui/PropertyPanel$1$3.class(in = 2670) (out= 1391)(deflated 47%)
adding: weka/gui/PropertyPanel$1$4.class(in = 2504) (out= 1238)(deflated 50%)
adding: weka/gui/PropertyPanel$1$5.class(in = 1300) (out= 597)(deflated 54%)
adding: weka/gui/PropertyPanel$1.class(in = 2697) (out= 1352)(deflated 49%)
adding: weka/gui/PropertyPanel$2.class(in = 733) (out= 423)(deflated 42%)
adding: weka/gui/PropertyPanel.class(in = 4808) (out= 2429)(deflated 49%)
adding: weka/gui/PropertySelectorDialog$1.class(in = 841) (out= 467)(deflated 44%)
adding: weka/gui/PropertySelectorDialog$2.class(in = 1266) (out= 674)(deflated 46%)
adding: weka/gui/PropertySelectorDialog.class(in = 7211) (out= 3639)(deflated 49%)
adding: weka/gui/PropertySheetPanel$1.class(in = 919) (out= 517)(deflated 43%)
adding: weka/gui/PropertySheetPanel$2.class(in = 932) (out= 522)(deflated 43%)
adding: weka/gui/PropertySheetPanel$3.class(in = 1089) (out= 578)(deflated 46%)
adding: weka/gui/PropertySheetPanel$CapabilitiesHelpDialog$1.class(in = 1391) (out= 604)(deflated 56%)
adding: weka/gui/PropertySheetPanel$CapabilitiesHelpDialog.class(in = 3554) (out= 1617)(deflated 54%)
adding: weka/gui/PropertySheetPanel.class(in = 23815) (out= 11565)(deflated 51%)
adding: weka/gui/PropertyText$1.class(in = 693) (out= 408)(deflated 41%)
adding: weka/gui/PropertyText$2.class(in = 697) (out= 399)(deflated 42%)
adding: weka/gui/PropertyText.class(in = 1366) (out= 773)(deflated 43%)
adding: weka/gui/PropertyValueSelector$1.class(in = 1173) (out= 602)(deflated 48%)
adding: weka/gui/PropertyValueSelector.class(in = 1045) (out= 594)(deflated 43%)
adding: weka/gui/ReaderToTextPane.class(in = 2715) (out= 1322)(deflated 51%)
adding: weka/gui/ResultHistoryPanel$1.class(in = 1472) (out= 837)(deflated 43%)
adding: weka/gui/ResultHistoryPanel$2.class(in = 1052) (out= 609)(deflated 42%)
adding: weka/gui/ResultHistoryPanel$3.class(in = 1617) (out= 872)(deflated 46%)
adding: weka/gui/ResultHistoryPanel$4.class(in = 1272) (out= 720)(deflated 43%)
adding: weka/gui/ResultHistoryPanel$5.class(in = 1039) (out= 572)(deflated 44%)
adding: weka/gui/ResultHistoryPanel$6.class(in = 784) (out= 472)(deflated 39%)
adding: weka/gui/ResultHistoryPanel$RDeleteListener.class(in = 434) (out= 247)(deflated 43%)
adding: weka/gui/ResultHistoryPanel$RKeyAdapter.class(in = 500) (out= 329)(deflated 34%)
adding: weka/gui/ResultHistoryPanel$RMouseAdapter.class(in = 508) (out= 331)(deflated 34%)
adding: weka/gui/ResultHistoryPanel.class(in = 9761) (out= 4458)(deflated 54%)
adding: weka/gui/SaveBuffer$1.class(in = 827) (out= 481)(deflated 41%)
adding: weka/gui/SaveBuffer$2.class(in = 752) (out= 462)(deflated 38%)
adding: weka/gui/SaveBuffer.class(in = 4663) (out= 2553)(deflated 45%)
adding: weka/gui/SelectedTagEditor$1.class(in = 644) (out= 385)(deflated 40%)
adding: weka/gui/SelectedTagEditor.class(in = 3628) (out= 1956)(deflated 46%)
adding: weka/gui/SetInstancesPanel$1.class(in = 775) (out= 443)(deflated 42%)
adding: weka/gui/SetInstancesPanel$2.class(in = 776) (out= 442)(deflated 43%)
adding: weka/gui/SetInstancesPanel$3.class(in = 765) (out= 437)(deflated 42%)
adding: weka/gui/SetInstancesPanel$4.class(in = 1299) (out= 710)(deflated 45%)
adding: weka/gui/SetInstancesPanel$5.class(in = 781) (out= 444)(deflated 43%)
adding: weka/gui/SetInstancesPanel$6.class(in = 774) (out= 443)(deflated 42%)
adding: weka/gui/SetInstancesPanel.class(in = 9647) (out= 4514)(deflated 53%)
adding: weka/gui/SettingsEditor$1.class(in = 1159) (out= 664)(deflated 42%)
adding: weka/gui/SettingsEditor$2.class(in = 1127) (out= 656)(deflated 41%)
adding: weka/gui/SettingsEditor$PerspectiveSelector.class(in = 3953) (out= 1965)(deflated 50%)
adding: weka/gui/SettingsEditor$PickList.class(in = 2850) (out= 1278)(deflated 55%)
adding: weka/gui/SettingsEditor$SingleSettingsEditor.class(in = 8700) (out= 4450)(deflated 48%)
adding: weka/gui/SettingsEditor.class(in = 7976) (out= 3818)(deflated 52%)
adding: weka/gui/SimpleCLI.class(in = 1420) (out= 794)(deflated 44%)
adding: weka/gui/SimpleCLI.props(in = 212) (out= 168)(deflated 20%)
adding: weka/gui/SimpleCLIPanel$1.class(in = 727) (out= 436)(deflated 40%)
adding: weka/gui/SimpleCLIPanel$ClassRunner.class(in = 3810) (out= 2115)(deflated 44%)
adding: weka/gui/SimpleCLIPanel$CommandlineCompletion.class(in = 6924) (out= 3698)(deflated 46%)
adding: weka/gui/SimpleCLIPanel.class(in = 16693) (out= 8497)(deflated 49%)
adding: weka/gui/SimpleDateFormatEditor$CustomEditor.class(in = 3755) (out= 1786)(deflated 52%)
adding: weka/gui/SimpleDateFormatEditor.class(in = 3245) (out= 1330)(deflated 59%)
adding: weka/gui/SortedTableModel$1.class(in = 1614) (out= 890)(deflated 44%)
adding: weka/gui/SortedTableModel$SortContainer.class(in = 1904) (out= 871)(deflated 54%)
adding: weka/gui/SortedTableModel.class(in = 5766) (out= 2737)(deflated 52%)
adding: weka/gui/SplashWindow$1.class(in = 988) (out= 583)(deflated 40%)
adding: weka/gui/SplashWindow.class(in = 6902) (out= 3512)(deflated 49%)
adding: weka/gui/SysErrLog.class(in = 1097) (out= 617)(deflated 43%)
adding: weka/gui/TaskLogger.class(in = 161) (out= 136)(deflated 15%)
adding: weka/gui/ViewerDialog$1.class(in = 711) (out= 421)(deflated 40%)
adding: weka/gui/ViewerDialog$2.class(in = 756) (out= 454)(deflated 39%)
adding: weka/gui/ViewerDialog$3.class(in = 756) (out= 453)(deflated 40%)
adding: weka/gui/ViewerDialog$4.class(in = 813) (out= 468)(deflated 42%)
adding: weka/gui/ViewerDialog.class(in = 3552) (out= 1758)(deflated 50%)
adding: weka/gui/WekaTaskMonitor$1.class(in = 772) (out= 469)(deflated 39%)
adding: weka/gui/WekaTaskMonitor.class(in = 4049) (out= 2114)(deflated 47%)
adding: weka/gui/Workbench.class(in = 1462) (out= 823)(deflated 43%)
adding: weka/gui/WorkbenchApp$1.class(in = 1081) (out= 672)(deflated 37%)
adding: weka/gui/WorkbenchApp.class(in = 6933) (out= 3390)(deflated 51%)
adding: weka/gui/WorkbenchDefaults.class(in = 2126) (out= 1162)(deflated 45%)
adding: weka/gui/WrapLayout.class(in = 3161) (out= 1818)(deflated 42%)
adding: weka/gui/arffviewer/(in = 0) (out= 0)(stored 0%)
adding: weka/gui/arffviewer/ArffPanel.class(in = 20006) (out= 9374)(deflated 53%)
adding: weka/gui/arffviewer/ArffSortedTableModel.class(in = 5513) (out= 2061)(deflated 62%)
adding: weka/gui/arffviewer/ArffTable$RelationalCellEditor$1.class(in = 2069) (out= 1009)(deflated 51%)
adding: weka/gui/arffviewer/ArffTable$RelationalCellEditor.class(in = 2561) (out= 1196)(deflated 53%)
adding: weka/gui/arffviewer/ArffTable.class(in = 7435) (out= 3636)(deflated 51%)
adding: weka/gui/arffviewer/ArffTableCellRenderer.class(in = 3372) (out= 1749)(deflated 48%)
adding: weka/gui/arffviewer/ArffTableModel.class(in = 16393) (out= 7884)(deflated 51%)
adding: weka/gui/arffviewer/ArffViewer$1.class(in = 2109) (out= 1148)(deflated 45%)
adding: weka/gui/arffviewer/ArffViewer.class(in = 6209) (out= 2856)(deflated 54%)
adding: weka/gui/arffviewer/ArffViewerMainPanel.class(in = 19895) (out= 9324)(deflated 53%)
adding: weka/gui/beans/(in = 0) (out= 0)(stored 0%)
adding: weka/gui/beans/AbstractDataSink.class(in = 2887) (out= 1279)(deflated 55%)
adding: weka/gui/beans/AbstractDataSinkBeanInfo.class(in = 552) (out= 310)(deflated 43%)
adding: weka/gui/beans/AbstractDataSource.class(in = 3686) (out= 1428)(deflated 61%)
adding: weka/gui/beans/AbstractDataSourceBeanInfo.class(in = 1003) (out= 532)(deflated 46%)
adding: weka/gui/beans/AbstractEvaluator.class(in = 2345) (out= 1104)(deflated 52%)
adding: weka/gui/beans/AbstractOffscreenChartRenderer.class(in = 3478) (out= 1779)(deflated 48%)
adding: weka/gui/beans/AbstractTestSetProducer.class(in = 2950) (out= 1314)(deflated 55%)
adding: weka/gui/beans/AbstractTestSetProducerBeanInfo.class(in = 931) (out= 494)(deflated 46%)
adding: weka/gui/beans/AbstractTrainAndTestSetProducer.class(in = 3480) (out= 1474)(deflated 57%)
adding: weka/gui/beans/AbstractTrainAndTestSetProducerBeanInfo.class(in = 1093) (out= 547)(deflated 49%)
adding: weka/gui/beans/AbstractTrainingSetProducer.class(in = 2984) (out= 1323)(deflated 55%)
adding: weka/gui/beans/AbstractTrainingSetProducerBeanInfo.class(in = 959) (out= 497)(deflated 48%)
adding: weka/gui/beans/Appender.class(in = 18168) (out= 8534)(deflated 53%)
adding: weka/gui/beans/AppenderBeanInfo.class(in = 973) (out= 528)(deflated 45%)
adding: weka/gui/beans/Associator$1.class(in = 5374) (out= 2405)(deflated 55%)
adding: weka/gui/beans/Associator.class(in = 15987) (out= 6822)(deflated 57%)
adding: weka/gui/beans/AssociatorBeanInfo.class(in = 1429) (out= 693)(deflated 51%)
adding: weka/gui/beans/AssociatorCustomizer$1.class(in = 1173) (out= 588)(deflated 49%)
adding: weka/gui/beans/AssociatorCustomizer$2.class(in = 1489) (out= 676)(deflated 54%)
adding: weka/gui/beans/AssociatorCustomizer.class(in = 3578) (out= 1564)(deflated 56%)
adding: weka/gui/beans/AttributeSummarizer$1.class(in = 1239) (out= 715)(deflated 42%)
adding: weka/gui/beans/AttributeSummarizer$2.class(in = 922) (out= 514)(deflated 44%)
adding: weka/gui/beans/AttributeSummarizer$3.class(in = 806) (out= 476)(deflated 40%)
adding: weka/gui/beans/AttributeSummarizer.class(in = 14225) (out= 7164)(deflated 49%)
adding: weka/gui/beans/AttributeSummarizerBeanInfo.class(in = 1203) (out= 591)(deflated 50%)
adding: weka/gui/beans/AttributeSummarizerCustomizer$1.class(in = 920) (out= 483)(deflated 47%)
adding: weka/gui/beans/AttributeSummarizerCustomizer$2.class(in = 2233) (out= 991)(deflated 55%)
adding: weka/gui/beans/AttributeSummarizerCustomizer$3.class(in = 1033) (out= 527)(deflated 48%)
adding: weka/gui/beans/AttributeSummarizerCustomizer.class(in = 8990) (out= 4026)(deflated 55%)
adding: weka/gui/beans/BatchAssociationRulesEvent.class(in = 732) (out= 401)(deflated 45%)
adding: weka/gui/beans/BatchAssociationRulesListener.class(in = 236) (out= 157)(deflated 33%)
adding: weka/gui/beans/BatchClassifierEvent.class(in = 2871) (out= 1120)(deflated 60%)
adding: weka/gui/beans/BatchClassifierListener.class(in = 243) (out= 169)(deflated 30%)
adding: weka/gui/beans/BatchClustererEvent.class(in = 1642) (out= 791)(deflated 51%)
adding: weka/gui/beans/BatchClustererListener.class(in = 239) (out= 168)(deflated 29%)
adding: weka/gui/beans/BeanCommon.class(in = 503) (out= 285)(deflated 43%)
adding: weka/gui/beans/BeanConnection$1.class(in = 1431) (out= 670)(deflated 53%)
adding: weka/gui/beans/BeanConnection.class(in = 17462) (out= 8404)(deflated 51%)
adding: weka/gui/beans/BeanCustomizer$ModifyListener.class(in = 275) (out= 190)(deflated 30%)
adding: weka/gui/beans/BeanCustomizer.class(in = 333) (out= 199)(deflated 40%)
adding: weka/gui/beans/BeanInstance.class(in = 12575) (out= 6006)(deflated 52%)
adding: weka/gui/beans/BeanVisual.class(in = 8054) (out= 3964)(deflated 50%)
adding: weka/gui/beans/Beans.props(in = 2959) (out= 944)(deflated 68%)
adding: weka/gui/beans/BeansProperties.class(in = 7303) (out= 3805)(deflated 47%)
adding: weka/gui/beans/ChartEvent.class(in = 2069) (out= 908)(deflated 56%)
adding: weka/gui/beans/ChartListener.class(in = 212) (out= 165)(deflated 22%)
adding: weka/gui/beans/ClassAssigner.class(in = 13025) (out= 5456)(deflated 58%)
adding: weka/gui/beans/ClassAssignerBeanInfo.class(in = 1930) (out= 856)(deflated 55%)
adding: weka/gui/beans/ClassAssignerCustomizer$1.class(in = 1679) (out= 829)(deflated 50%)
adding: weka/gui/beans/ClassAssignerCustomizer$2.class(in = 1250) (out= 593)(deflated 52%)
adding: weka/gui/beans/ClassAssignerCustomizer$3.class(in = 991) (out= 519)(deflated 47%)
adding: weka/gui/beans/ClassAssignerCustomizer.class(in = 7397) (out= 3409)(deflated 53%)
adding: weka/gui/beans/ClassValuePicker.class(in = 10466) (out= 4751)(deflated 54%)
adding: weka/gui/beans/ClassValuePickerBeanInfo.class(in = 1562) (out= 709)(deflated 54%)
adding: weka/gui/beans/ClassValuePickerCustomizer$1.class(in = 1334) (out= 616)(deflated 53%)
adding: weka/gui/beans/ClassValuePickerCustomizer$2.class(in = 1836) (out= 803)(deflated 56%)
adding: weka/gui/beans/ClassValuePickerCustomizer$3.class(in = 1313) (out= 608)(deflated 53%)
adding: weka/gui/beans/ClassValuePickerCustomizer.class(in = 7637) (out= 3465)(deflated 54%)
adding: weka/gui/beans/Classifier$TrainingTask.class(in = 8125) (out= 3669)(deflated 54%)
adding: weka/gui/beans/Classifier.class(in = 39569) (out= 17939)(deflated 54%)
adding: weka/gui/beans/ClassifierBeanInfo.class(in = 1506) (out= 712)(deflated 52%)
adding: weka/gui/beans/ClassifierCustomizer$1.class(in = 1127) (out= 569)(deflated 49%)
adding: weka/gui/beans/ClassifierCustomizer$2.class(in = 1126) (out= 572)(deflated 49%)
adding: weka/gui/beans/ClassifierCustomizer$3.class(in = 1287) (out= 661)(deflated 48%)
adding: weka/gui/beans/ClassifierCustomizer$4.class(in = 1359) (out= 687)(deflated 49%)
adding: weka/gui/beans/ClassifierCustomizer$5.class(in = 1103) (out= 564)(deflated 48%)
adding: weka/gui/beans/ClassifierCustomizer$6.class(in = 1943) (out= 886)(deflated 54%)
adding: weka/gui/beans/ClassifierCustomizer$7.class(in = 1489) (out= 687)(deflated 53%)
adding: weka/gui/beans/ClassifierCustomizer.class(in = 8586) (out= 3756)(deflated 56%)
adding: weka/gui/beans/ClassifierPerformanceEvaluator$AggregateableClassifierErrorsPlotInstances.class(in = 1870) (out= 892)(deflated 52%)
adding: weka/gui/beans/ClassifierPerformanceEvaluator$EvaluationTask.class(in = 4964) (out= 2311)(deflated 53%)
adding: weka/gui/beans/ClassifierPerformanceEvaluator.class(in = 19753) (out= 8888)(deflated 55%)
adding: weka/gui/beans/ClassifierPerformanceEvaluatorBeanInfo.class(in = 1888) (out= 852)(deflated 54%)
adding: weka/gui/beans/ClassifierPerformanceEvaluatorCustomizer$1.class(in = 2365) (out= 1034)(deflated 56%)
adding: weka/gui/beans/ClassifierPerformanceEvaluatorCustomizer$2.class(in = 1110) (out= 533)(deflated 51%)
adding: weka/gui/beans/ClassifierPerformanceEvaluatorCustomizer$3.class(in = 1791) (out= 755)(deflated 57%)
adding: weka/gui/beans/ClassifierPerformanceEvaluatorCustomizer.class(in = 5408) (out= 2271)(deflated 58%)
adding: weka/gui/beans/Clusterer$1.class(in = 5599) (out= 2486)(deflated 55%)
adding: weka/gui/beans/Clusterer.class(in = 18666) (out= 8049)(deflated 56%)
adding: weka/gui/beans/ClustererBeanInfo.class(in = 1403) (out= 680)(deflated 51%)
adding: weka/gui/beans/ClustererCustomizer$1.class(in = 1200) (out= 582)(deflated 51%)
adding: weka/gui/beans/ClustererCustomizer$2.class(in = 1505) (out= 666)(deflated 55%)
adding: weka/gui/beans/ClustererCustomizer.class(in = 3683) (out= 1578)(deflated 57%)
adding: weka/gui/beans/ClustererPerformanceEvaluator$1.class(in = 5308) (out= 2349)(deflated 55%)
adding: weka/gui/beans/ClustererPerformanceEvaluator.class(in = 6789) (out= 2890)(deflated 57%)
adding: weka/gui/beans/ClustererPerformanceEvaluatorBeanInfo.class(in = 954) (out= 502)(deflated 47%)
adding: weka/gui/beans/ConfigurationEvent.class(in = 441) (out= 299)(deflated 32%)
adding: weka/gui/beans/ConfigurationListener.class(in = 209) (out= 150)(deflated 28%)
adding: weka/gui/beans/ConfigurationProducer.class(in = 255) (out= 162)(deflated 36%)
adding: weka/gui/beans/ConnectionNotificationConsumer.class(in = 267) (out= 163)(deflated 38%)
adding: weka/gui/beans/CostBenefitAnalysis$1.class(in = 922) (out= 512)(deflated 44%)
adding: weka/gui/beans/CostBenefitAnalysis$2.class(in = 806) (out= 477)(deflated 40%)
adding: weka/gui/beans/CostBenefitAnalysis$AnalysisPanel$1.class(in = 1090) (out= 535)(deflated 50%)
adding: weka/gui/beans/CostBenefitAnalysis$AnalysisPanel$2.class(in = 1465) (out= 751)(deflated 48%)
adding: weka/gui/beans/CostBenefitAnalysis$AnalysisPanel$3.class(in = 1536) (out= 741)(deflated 51%)
adding: weka/gui/beans/CostBenefitAnalysis$AnalysisPanel$4.class(in = 1464) (out= 719)(deflated 50%)
adding: weka/gui/beans/CostBenefitAnalysis$AnalysisPanel$5.class(in = 955) (out= 463)(deflated 51%)
adding: weka/gui/beans/CostBenefitAnalysis$AnalysisPanel$6.class(in = 955) (out= 463)(deflated 51%)
adding: weka/gui/beans/CostBenefitAnalysis$AnalysisPanel$ConfusionCell$1.class(in = 1370) (out= 703)(deflated 48%)
adding: weka/gui/beans/CostBenefitAnalysis$AnalysisPanel$ConfusionCell.class(in = 2411) (out= 1288)(deflated 46%)
adding: weka/gui/beans/CostBenefitAnalysis$AnalysisPanel.class(in = 17712) (out= 9221)(deflated 47%)
adding: weka/gui/beans/CostBenefitAnalysis.class(in = 10575) (out= 4902)(deflated 53%)
adding: weka/gui/beans/CostBenefitAnalysisBeanInfo.class(in = 561) (out= 313)(deflated 44%)
adding: weka/gui/beans/CrossValidationFoldMaker$1.class(in = 5545) (out= 2520)(deflated 54%)
adding: weka/gui/beans/CrossValidationFoldMaker.class(in = 8677) (out= 3846)(deflated 55%)
adding: weka/gui/beans/CrossValidationFoldMakerBeanInfo.class(in = 1287) (out= 651)(deflated 49%)
adding: weka/gui/beans/CrossValidationFoldMakerCustomizer$1.class(in = 1357) (out= 620)(deflated 54%)
adding: weka/gui/beans/CrossValidationFoldMakerCustomizer$2.class(in = 1068) (out= 528)(deflated 50%)
adding: weka/gui/beans/CrossValidationFoldMakerCustomizer.class(in = 3940) (out= 1735)(deflated 55%)
adding: weka/gui/beans/CustomizerCloseRequester.class(in = 193) (out= 155)(deflated 19%)
adding: weka/gui/beans/CustomizerClosingListener.class(in = 180) (out= 137)(deflated 23%)
adding: weka/gui/beans/DataFormatListener.class(in = 191) (out= 146)(deflated 23%)
adding: weka/gui/beans/DataSetEvent.class(in = 930) (out= 535)(deflated 42%)
adding: weka/gui/beans/DataSink.class(in = 112) (out= 99)(deflated 11%)
adding: weka/gui/beans/DataSource.class(in = 326) (out= 179)(deflated 45%)
adding: weka/gui/beans/DataSourceListener.class(in = 222) (out= 164)(deflated 26%)
adding: weka/gui/beans/DataVisualizer$1.class(in = 892) (out= 508)(deflated 43%)
adding: weka/gui/beans/DataVisualizer$2.class(in = 786) (out= 476)(deflated 39%)
adding: weka/gui/beans/DataVisualizer.class(in = 18542) (out= 8472)(deflated 54%)
adding: weka/gui/beans/DataVisualizerBeanInfo.class(in = 1232) (out= 608)(deflated 50%)
adding: weka/gui/beans/DataVisualizerCustomizer$1.class(in = 890) (out= 478)(deflated 46%)
adding: weka/gui/beans/DataVisualizerCustomizer$2.class(in = 2255) (out= 1001)(deflated 55%)
adding: weka/gui/beans/DataVisualizerCustomizer$3.class(in = 998) (out= 523)(deflated 47%)
adding: weka/gui/beans/DataVisualizerCustomizer.class(in = 9268) (out= 4150)(deflated 55%)
adding: weka/gui/beans/EnvironmentField$1.class(in = 945) (out= 513)(deflated 45%)
adding: weka/gui/beans/EnvironmentField$2.class(in = 914) (out= 485)(deflated 46%)
adding: weka/gui/beans/EnvironmentField$3.class(in = 918) (out= 485)(deflated 47%)
adding: weka/gui/beans/EnvironmentField$4.class(in = 1345) (out= 702)(deflated 47%)
adding: weka/gui/beans/EnvironmentField$5.class(in = 1425) (out= 731)(deflated 48%)
adding: weka/gui/beans/EnvironmentField$6.class(in = 1591) (out= 840)(deflated 47%)
adding: weka/gui/beans/EnvironmentField$7.class(in = 794) (out= 475)(deflated 40%)
adding: weka/gui/beans/EnvironmentField$WideComboBox.class(in = 1640) (out= 855)(deflated 47%)
adding: weka/gui/beans/EnvironmentField.class(in = 8080) (out= 3563)(deflated 55%)
adding: weka/gui/beans/EventConstraints.class(in = 179) (out= 145)(deflated 18%)
adding: weka/gui/beans/FileEnvironmentField$1.class(in = 1115) (out= 598)(deflated 46%)
adding: weka/gui/beans/FileEnvironmentField$2.class(in = 1932) (out= 1014)(deflated 47%)
adding: weka/gui/beans/FileEnvironmentField.class(in = 4440) (out= 2139)(deflated 51%)
adding: weka/gui/beans/Filter$1.class(in = 3711) (out= 1705)(deflated 54%)
adding: weka/gui/beans/Filter$2.class(in = 3485) (out= 1580)(deflated 54%)
adding: weka/gui/beans/Filter.class(in = 19557) (out= 8634)(deflated 55%)
adding: weka/gui/beans/FilterBeanInfo.class(in = 1598) (out= 744)(deflated 53%)
adding: weka/gui/beans/FilterCustomizer$1.class(in = 1335) (out= 646)(deflated 51%)
adding: weka/gui/beans/FilterCustomizer$2.class(in = 1617) (out= 724)(deflated 55%)
adding: weka/gui/beans/FilterCustomizer.class(in = 3967) (out= 1697)(deflated 57%)
adding: weka/gui/beans/FlowByExpression$1.class(in = 226) (out= 167)(deflated 26%)
adding: weka/gui/beans/FlowByExpression$BracketNode.class(in = 4828) (out= 2406)(deflated 50%)
adding: weka/gui/beans/FlowByExpression$ExpressionClause$ExpressionType$1.class(in = 1472) (out= 717)(deflated 51%)
adding: weka/gui/beans/FlowByExpression$ExpressionClause$ExpressionType$10.class(in = 1771) (out= 866)(deflated 51%)
adding: weka/gui/beans/FlowByExpression$ExpressionClause$ExpressionType$11.class(in = 1761) (out= 854)(deflated 51%)
adding: weka/gui/beans/FlowByExpression$ExpressionClause$ExpressionType$2.class(in = 1344) (out= 617)(deflated 54%)
adding: weka/gui/beans/FlowByExpression$ExpressionClause$ExpressionType$3.class(in = 1414) (out= 681)(deflated 51%)
adding: weka/gui/beans/FlowByExpression$ExpressionClause$ExpressionType$4.class(in = 1414) (out= 684)(deflated 51%)
adding: weka/gui/beans/FlowByExpression$ExpressionClause$ExpressionType$5.class(in = 1351) (out= 629)(deflated 53%)
adding: weka/gui/beans/FlowByExpression$ExpressionClause$ExpressionType$6.class(in = 1346) (out= 622)(deflated 53%)
adding: weka/gui/beans/FlowByExpression$ExpressionClause$ExpressionType$7.class(in = 1255) (out= 576)(deflated 54%)
adding: weka/gui/beans/FlowByExpression$ExpressionClause$ExpressionType$8.class(in = 1775) (out= 872)(deflated 50%)
adding: weka/gui/beans/FlowByExpression$ExpressionClause$ExpressionType$9.class(in = 1771) (out= 867)(deflated 51%)
adding: weka/gui/beans/FlowByExpression$ExpressionClause$ExpressionType.class(in = 3584) (out= 1439)(deflated 59%)
adding: weka/gui/beans/FlowByExpression$ExpressionClause.class(in = 6965) (out= 3530)(deflated 49%)
adding: weka/gui/beans/FlowByExpression$ExpressionNode.class(in = 1593) (out= 780)(deflated 51%)
adding: weka/gui/beans/FlowByExpression.class(in = 11843) (out= 5263)(deflated 55%)
adding: weka/gui/beans/FlowByExpressionBeanInfo.class(in = 1282) (out= 625)(deflated 51%)
adding: weka/gui/beans/FlowByExpressionCustomizer$1.class(in = 2007) (out= 986)(deflated 50%)
adding: weka/gui/beans/FlowByExpressionCustomizer$10.class(in = 2155) (out= 1084)(deflated 49%)
adding: weka/gui/beans/FlowByExpressionCustomizer$11.class(in = 2158) (out= 1072)(deflated 50%)
adding: weka/gui/beans/FlowByExpressionCustomizer$12.class(in = 2399) (out= 1161)(deflated 51%)
adding: weka/gui/beans/FlowByExpressionCustomizer$13.class(in = 2921) (out= 1347)(deflated 53%)
adding: weka/gui/beans/FlowByExpressionCustomizer$14.class(in = 2532) (out= 1243)(deflated 50%)
adding: weka/gui/beans/FlowByExpressionCustomizer$2.class(in = 2972) (out= 1405)(deflated 52%)
adding: weka/gui/beans/FlowByExpressionCustomizer$3.class(in = 2140) (out= 1033)(deflated 51%)
adding: weka/gui/beans/FlowByExpressionCustomizer$4.class(in = 2536) (out= 1228)(deflated 51%)
adding: weka/gui/beans/FlowByExpressionCustomizer$5.class(in = 2134) (out= 1031)(deflated 51%)
adding: weka/gui/beans/FlowByExpressionCustomizer$6.class(in = 2547) (out= 1238)(deflated 51%)
adding: weka/gui/beans/FlowByExpressionCustomizer$7.class(in = 919) (out= 504)(deflated 45%)
adding: weka/gui/beans/FlowByExpressionCustomizer$8.class(in = 919) (out= 505)(deflated 45%)
adding: weka/gui/beans/FlowByExpressionCustomizer$9.class(in = 1676) (out= 783)(deflated 53%)
adding: weka/gui/beans/FlowByExpressionCustomizer.class(in = 12779) (out= 5993)(deflated 53%)
adding: weka/gui/beans/FlowRunner$1.class(in = 1332) (out= 745)(deflated 44%)
adding: weka/gui/beans/FlowRunner$SimpleLogger.class(in = 1207) (out= 615)(deflated 49%)
adding: weka/gui/beans/FlowRunner.class(in = 10763) (out= 5487)(deflated 49%)
adding: weka/gui/beans/GOECustomizer.class(in = 243) (out= 182)(deflated 25%)
adding: weka/gui/beans/GraphEvent.class(in = 959) (out= 503)(deflated 47%)
adding: weka/gui/beans/GraphListener.class(in = 208) (out= 159)(deflated 23%)
adding: weka/gui/beans/GraphViewer$1.class(in = 1328) (out= 738)(deflated 44%)
adding: weka/gui/beans/GraphViewer$2.class(in = 916) (out= 475)(deflated 48%)
adding: weka/gui/beans/GraphViewer$3.class(in = 823) (out= 462)(deflated 43%)
adding: weka/gui/beans/GraphViewer$4.class(in = 823) (out= 463)(deflated 43%)
adding: weka/gui/beans/GraphViewer.class(in = 8608) (out= 3937)(deflated 54%)
adding: weka/gui/beans/GraphViewerBeanInfo.class(in = 537) (out= 305)(deflated 43%)
adding: weka/gui/beans/HeadlessEventCollector.class(in = 369) (out= 215)(deflated 41%)
adding: weka/gui/beans/ImageEvent.class(in = 1036) (out= 530)(deflated 48%)
adding: weka/gui/beans/ImageListener.class(in = 208) (out= 159)(deflated 23%)
adding: weka/gui/beans/ImageSaver.class(in = 5715) (out= 2673)(deflated 53%)
adding: weka/gui/beans/ImageSaverBeanInfo.class(in = 807) (out= 402)(deflated 50%)
adding: weka/gui/beans/ImageSaverCustomizer$1.class(in = 1626) (out= 741)(deflated 54%)
adding: weka/gui/beans/ImageSaverCustomizer$2.class(in = 970) (out= 523)(deflated 46%)
adding: weka/gui/beans/ImageSaverCustomizer.class(in = 4809) (out= 2138)(deflated 55%)
adding: weka/gui/beans/ImageViewer$1.class(in = 916) (out= 478)(deflated 47%)
adding: weka/gui/beans/ImageViewer$2.class(in = 1659) (out= 897)(deflated 45%)
adding: weka/gui/beans/ImageViewer$3.class(in = 1793) (out= 947)(deflated 47%)
adding: weka/gui/beans/ImageViewer$ImageDisplayer.class(in = 1977) (out= 1097)(deflated 44%)
adding: weka/gui/beans/ImageViewer$MainPanel$1.class(in = 1239) (out= 619)(deflated 50%)
adding: weka/gui/beans/ImageViewer$MainPanel$2.class(in = 1237) (out= 620)(deflated 49%)
adding: weka/gui/beans/ImageViewer$MainPanel.class(in = 2909) (out= 1449)(deflated 50%)
adding: weka/gui/beans/ImageViewer.class(in = 7421) (out= 3376)(deflated 54%)
adding: weka/gui/beans/ImageViewerBeanInfo.class(in = 537) (out= 305)(deflated 43%)
adding: weka/gui/beans/IncrementalClassifierEvaluator.class(in = 11432) (out= 5470)(deflated 52%)
adding: weka/gui/beans/IncrementalClassifierEvaluatorBeanInfo.class(in = 1847) (out= 859)(deflated 53%)
adding: weka/gui/beans/IncrementalClassifierEvaluatorCustomizer$1.class(in = 1386) (out= 612)(deflated 55%)
adding: weka/gui/beans/IncrementalClassifierEvaluatorCustomizer$2.class(in = 1110) (out= 533)(deflated 51%)
adding: weka/gui/beans/IncrementalClassifierEvaluatorCustomizer.class(in = 3969) (out= 1712)(deflated 56%)
adding: weka/gui/beans/IncrementalClassifierEvent.class(in = 2125) (out= 880)(deflated 58%)
adding: weka/gui/beans/IncrementalClassifierListener.class(in = 261) (out= 173)(deflated 33%)
adding: weka/gui/beans/InstanceEvent.class(in = 1786) (out= 844)(deflated 52%)
adding: weka/gui/beans/InstanceListener.class(in = 220) (out= 162)(deflated 26%)
adding: weka/gui/beans/InstanceStreamToBatchMaker.class(in = 6171) (out= 2843)(deflated 53%)
adding: weka/gui/beans/InstanceStreamToBatchMakerBeanInfo.class(in = 938) (out= 503)(deflated 46%)
adding: weka/gui/beans/InteractiveTableModel.class(in = 550) (out= 350)(deflated 36%)
adding: weka/gui/beans/InteractiveTablePanel.class(in = 547) (out= 348)(deflated 36%)
adding: weka/gui/beans/Join$InstanceHolder.class(in = 623) (out= 394)(deflated 36%)
adding: weka/gui/beans/Join.class(in = 22120) (out= 10720)(deflated 51%)
adding: weka/gui/beans/JoinBeanInfo.class(in = 1222) (out= 613)(deflated 49%)
adding: weka/gui/beans/JoinCustomizer$1.class(in = 1015) (out= 561)(deflated 44%)
adding: weka/gui/beans/JoinCustomizer$10.class(in = 847) (out= 480)(deflated 43%)
adding: weka/gui/beans/JoinCustomizer$11.class(in = 849) (out= 487)(deflated 42%)
adding: weka/gui/beans/JoinCustomizer$12.class(in = 849) (out= 491)(deflated 42%)
adding: weka/gui/beans/JoinCustomizer$2.class(in = 1015) (out= 562)(deflated 44%)
adding: weka/gui/beans/JoinCustomizer$3.class(in = 1362) (out= 746)(deflated 45%)
adding: weka/gui/beans/JoinCustomizer$4.class(in = 1364) (out= 744)(deflated 45%)
adding: weka/gui/beans/JoinCustomizer$5.class(in = 1240) (out= 696)(deflated 43%)
adding: weka/gui/beans/JoinCustomizer$6.class(in = 1242) (out= 696)(deflated 43%)
adding: weka/gui/beans/JoinCustomizer$7.class(in = 842) (out= 478)(deflated 43%)
adding: weka/gui/beans/JoinCustomizer$8.class(in = 843) (out= 477)(deflated 43%)
adding: weka/gui/beans/JoinCustomizer$9.class(in = 844) (out= 481)(deflated 43%)
adding: weka/gui/beans/JoinCustomizer.class(in = 9271) (out= 4534)(deflated 51%)
adding: weka/gui/beans/KFIgnore.class(in = 422) (out= 253)(deflated 40%)
adding: weka/gui/beans/KFStep.class(in = 482) (out= 292)(deflated 39%)
adding: weka/gui/beans/KnowledgeFlow$1.class(in = 580) (out= 361)(deflated 37%)
adding: weka/gui/beans/KnowledgeFlow$2.class(in = 653) (out= 397)(deflated 39%)
adding: weka/gui/beans/KnowledgeFlow.class(in = 2278) (out= 1146)(deflated 49%)
adding: weka/gui/beans/KnowledgeFlowApp$1.class(in = 1486) (out= 773)(deflated 47%)
adding: weka/gui/beans/KnowledgeFlowApp$10.class(in = 3438) (out= 1612)(deflated 53%)
adding: weka/gui/beans/KnowledgeFlowApp$11.class(in = 1126) (out= 580)(deflated 48%)
adding: weka/gui/beans/KnowledgeFlowApp$12.class(in = 2742) (out= 1332)(deflated 51%)
adding: weka/gui/beans/KnowledgeFlowApp$13.class(in = 1057) (out= 527)(deflated 50%)
adding: weka/gui/beans/KnowledgeFlowApp$14.class(in = 2936) (out= 1387)(deflated 52%)
adding: weka/gui/beans/KnowledgeFlowApp$15.class(in = 1556) (out= 798)(deflated 48%)
adding: weka/gui/beans/KnowledgeFlowApp$16.class(in = 1551) (out= 788)(deflated 49%)
adding: weka/gui/beans/KnowledgeFlowApp$17.class(in = 1776) (out= 855)(deflated 51%)
adding: weka/gui/beans/KnowledgeFlowApp$18.class(in = 992) (out= 524)(deflated 47%)
adding: weka/gui/beans/KnowledgeFlowApp$19.class(in = 1036) (out= 553)(deflated 46%)
adding: weka/gui/beans/KnowledgeFlowApp$2.class(in = 2001) (out= 1157)(deflated 42%)
adding: weka/gui/beans/KnowledgeFlowApp$20.class(in = 4412) (out= 2198)(deflated 50%)
adding: weka/gui/beans/KnowledgeFlowApp$21$1.class(in = 1324) (out= 734)(deflated 44%)
adding: weka/gui/beans/KnowledgeFlowApp$21.class(in = 1495) (out= 798)(deflated 46%)
adding: weka/gui/beans/KnowledgeFlowApp$22$1.class(in = 1324) (out= 735)(deflated 44%)
adding: weka/gui/beans/KnowledgeFlowApp$22.class(in = 1275) (out= 665)(deflated 47%)
adding: weka/gui/beans/KnowledgeFlowApp$23.class(in = 1098) (out= 589)(deflated 46%)
adding: weka/gui/beans/KnowledgeFlowApp$24.class(in = 785) (out= 457)(deflated 41%)
adding: weka/gui/beans/KnowledgeFlowApp$25.class(in = 1095) (out= 576)(deflated 47%)
adding: weka/gui/beans/KnowledgeFlowApp$26.class(in = 887) (out= 498)(deflated 43%)
adding: weka/gui/beans/KnowledgeFlowApp$27.class(in = 785) (out= 453)(deflated 42%)
adding: weka/gui/beans/KnowledgeFlowApp$28.class(in = 984) (out= 544)(deflated 44%)
adding: weka/gui/beans/KnowledgeFlowApp$29.class(in = 989) (out= 551)(deflated 44%)
adding: weka/gui/beans/KnowledgeFlowApp$3.class(in = 3226) (out= 1602)(deflated 50%)
adding: weka/gui/beans/KnowledgeFlowApp$30.class(in = 1853) (out= 923)(deflated 50%)
adding: weka/gui/beans/KnowledgeFlowApp$31.class(in = 1160) (out= 608)(deflated 47%)
adding: weka/gui/beans/KnowledgeFlowApp$32.class(in = 3609) (out= 1983)(deflated 45%)
adding: weka/gui/beans/KnowledgeFlowApp$33.class(in = 1184) (out= 706)(deflated 40%)
adding: weka/gui/beans/KnowledgeFlowApp$4.class(in = 877) (out= 492)(deflated 43%)
adding: weka/gui/beans/KnowledgeFlowApp$5.class(in = 838) (out= 479)(deflated 42%)
adding: weka/gui/beans/KnowledgeFlowApp$6.class(in = 8764) (out= 4163)(deflated 52%)
adding: weka/gui/beans/KnowledgeFlowApp$7.class(in = 2745) (out= 1375)(deflated 49%)
adding: weka/gui/beans/KnowledgeFlowApp$8.class(in = 2296) (out= 1180)(deflated 48%)
adding: weka/gui/beans/KnowledgeFlowApp$9.class(in = 978) (out= 528)(deflated 46%)
adding: weka/gui/beans/KnowledgeFlowApp$BeanIconRenderer.class(in = 1399) (out= 779)(deflated 44%)
adding: weka/gui/beans/KnowledgeFlowApp$BeanLayout.class(in = 3385) (out= 1784)(deflated 47%)
adding: weka/gui/beans/KnowledgeFlowApp$CloseableTabTitle$1.class(in = 1342) (out= 662)(deflated 50%)
adding: weka/gui/beans/KnowledgeFlowApp$CloseableTabTitle$TabButton$1.class(in = 2330) (out= 1050)(deflated 54%)
adding: weka/gui/beans/KnowledgeFlowApp$CloseableTabTitle$TabButton.class(in = 3593) (out= 1832)(deflated 49%)
adding: weka/gui/beans/KnowledgeFlowApp$CloseableTabTitle.class(in = 2037) (out= 942)(deflated 53%)
adding: weka/gui/beans/KnowledgeFlowApp$InvisibleNode.class(in = 2636) (out= 1403)(deflated 46%)
adding: weka/gui/beans/KnowledgeFlowApp$InvisibleTreeModel.class(in = 2037) (out= 948)(deflated 53%)
adding: weka/gui/beans/KnowledgeFlowApp$JTreeLeafDetails.class(in = 4487) (out= 2092)(deflated 53%)
adding: weka/gui/beans/KnowledgeFlowApp$KFLogPanel.class(in = 1501) (out= 855)(deflated 43%)
adding: weka/gui/beans/KnowledgeFlowApp$KFPerspective.class(in = 712) (out= 357)(deflated 49%)
adding: weka/gui/beans/KnowledgeFlowApp$MainKFPerspective$1.class(in = 1230) (out= 646)(deflated 47%)
adding: weka/gui/beans/KnowledgeFlowApp$MainKFPerspective$10.class(in = 1030) (out= 515)(deflated 50%)
adding: weka/gui/beans/KnowledgeFlowApp$MainKFPerspective$11.class(in = 1685) (out= 856)(deflated 49%)
adding: weka/gui/beans/KnowledgeFlowApp$MainKFPerspective$12.class(in = 1027) (out= 520)(deflated 49%)
adding: weka/gui/beans/KnowledgeFlowApp$MainKFPerspective$13.class(in = 1683) (out= 864)(deflated 48%)
adding: weka/gui/beans/KnowledgeFlowApp$MainKFPerspective$14.class(in = 1028) (out= 519)(deflated 49%)
adding: weka/gui/beans/KnowledgeFlowApp$MainKFPerspective$15.class(in = 1793) (out= 880)(deflated 50%)
adding: weka/gui/beans/KnowledgeFlowApp$MainKFPerspective$16.class(in = 1026) (out= 516)(deflated 49%)
adding: weka/gui/beans/KnowledgeFlowApp$MainKFPerspective$17.class(in = 1247) (out= 624)(deflated 49%)
adding: weka/gui/beans/KnowledgeFlowApp$MainKFPerspective$18.class(in = 1024) (out= 517)(deflated 49%)
adding: weka/gui/beans/KnowledgeFlowApp$MainKFPerspective$19.class(in = 1142) (out= 582)(deflated 49%)
adding: weka/gui/beans/KnowledgeFlowApp$MainKFPerspective$2.class(in = 1270) (out= 660)(deflated 48%)
adding: weka/gui/beans/KnowledgeFlowApp$MainKFPerspective$20.class(in = 1027) (out= 517)(deflated 49%)
adding: weka/gui/beans/KnowledgeFlowApp$MainKFPerspective$21.class(in = 1284) (out= 663)(deflated 48%)
adding: weka/gui/beans/KnowledgeFlowApp$MainKFPerspective$22.class(in = 1025) (out= 513)(deflated 49%)
adding: weka/gui/beans/KnowledgeFlowApp$MainKFPerspective$23.class(in = 1291) (out= 660)(deflated 48%)
adding: weka/gui/beans/KnowledgeFlowApp$MainKFPerspective$24.class(in = 1026) (out= 513)(deflated 50%)
adding: weka/gui/beans/KnowledgeFlowApp$MainKFPerspective$25.class(in = 1431) (out= 736)(deflated 48%)
adding: weka/gui/beans/KnowledgeFlowApp$MainKFPerspective$26.class(in = 1187) (out= 606)(deflated 48%)
adding: weka/gui/beans/KnowledgeFlowApp$MainKFPerspective$27.class(in = 1489) (out= 734)(deflated 50%)
adding: weka/gui/beans/KnowledgeFlowApp$MainKFPerspective$28.class(in = 1025) (out= 512)(deflated 50%)
adding: weka/gui/beans/KnowledgeFlowApp$MainKFPerspective$29.class(in = 1670) (out= 879)(deflated 47%)
adding: weka/gui/beans/KnowledgeFlowApp$MainKFPerspective$3.class(in = 1023) (out= 510)(deflated 50%)
adding: weka/gui/beans/KnowledgeFlowApp$MainKFPerspective$30.class(in = 1025) (out= 516)(deflated 49%)
adding: weka/gui/beans/KnowledgeFlowApp$MainKFPerspective$31.class(in = 1581) (out= 835)(deflated 47%)
adding: weka/gui/beans/KnowledgeFlowApp$MainKFPerspective$32.class(in = 2811) (out= 1537)(deflated 45%)
adding: weka/gui/beans/KnowledgeFlowApp$MainKFPerspective$33.class(in = 1405) (out= 684)(deflated 51%)
adding: weka/gui/beans/KnowledgeFlowApp$MainKFPerspective$34.class(in = 1346) (out= 652)(deflated 51%)
adding: weka/gui/beans/KnowledgeFlowApp$MainKFPerspective$35.class(in = 1142) (out= 575)(deflated 49%)
adding: weka/gui/beans/KnowledgeFlowApp$MainKFPerspective$36.class(in = 1026) (out= 513)(deflated 50%)
adding: weka/gui/beans/KnowledgeFlowApp$MainKFPerspective$37.class(in = 1026) (out= 504)(deflated 50%)
adding: weka/gui/beans/KnowledgeFlowApp$MainKFPerspective$38.class(in = 2996) (out= 1544)(deflated 48%)
adding: weka/gui/beans/KnowledgeFlowApp$MainKFPerspective$39.class(in = 1039) (out= 516)(deflated 50%)
adding: weka/gui/beans/KnowledgeFlowApp$MainKFPerspective$4.class(in = 1109) (out= 553)(deflated 50%)
adding: weka/gui/beans/KnowledgeFlowApp$MainKFPerspective$40.class(in = 1840) (out= 906)(deflated 50%)
adding: weka/gui/beans/KnowledgeFlowApp$MainKFPerspective$41.class(in = 3387) (out= 1595)(deflated 52%)
adding: weka/gui/beans/KnowledgeFlowApp$MainKFPerspective$42.class(in = 3502) (out= 1716)(deflated 50%)
adding: weka/gui/beans/KnowledgeFlowApp$MainKFPerspective$43.class(in = 1219) (out= 593)(deflated 51%)
adding: weka/gui/beans/KnowledgeFlowApp$MainKFPerspective$5.class(in = 1254) (out= 643)(deflated 48%)
adding: weka/gui/beans/KnowledgeFlowApp$MainKFPerspective$6.class(in = 1023) (out= 511)(deflated 50%)
adding: weka/gui/beans/KnowledgeFlowApp$MainKFPerspective$7.class(in = 1101) (out= 569)(deflated 48%)
adding: weka/gui/beans/KnowledgeFlowApp$MainKFPerspective$8.class(in = 1023) (out= 512)(deflated 49%)
adding: weka/gui/beans/KnowledgeFlowApp$MainKFPerspective$9.class(in = 2115) (out= 1090)(deflated 48%)
adding: weka/gui/beans/KnowledgeFlowApp$MainKFPerspective.class(in = 43706) (out= 18205)(deflated 58%)
adding: weka/gui/beans/KnowledgeFlowApp$RunThread.class(in = 4720) (out= 2283)(deflated 51%)
adding: weka/gui/beans/KnowledgeFlowApp.class(in = 82015) (out= 37860)(deflated 53%)
adding: weka/gui/beans/Loader$1.class(in = 710) (out= 427)(deflated 39%)
adding: weka/gui/beans/Loader$2.class(in = 754) (out= 465)(deflated 38%)
adding: weka/gui/beans/Loader$LoadThread.class(in = 7224) (out= 3307)(deflated 54%)
adding: weka/gui/beans/Loader.class(in = 15034) (out= 6853)(deflated 54%)
adding: weka/gui/beans/LoaderBeanInfo.class(in = 587) (out= 331)(deflated 43%)
adding: weka/gui/beans/LoaderCustomizer$1.class(in = 1659) (out= 846)(deflated 49%)
adding: weka/gui/beans/LoaderCustomizer$2.class(in = 1354) (out= 709)(deflated 47%)
adding: weka/gui/beans/LoaderCustomizer$3.class(in = 1066) (out= 562)(deflated 47%)
adding: weka/gui/beans/LoaderCustomizer$4.class(in = 2050) (out= 986)(deflated 51%)
adding: weka/gui/beans/LoaderCustomizer$5.class(in = 1186) (out= 622)(deflated 47%)
adding: weka/gui/beans/LoaderCustomizer$6.class(in = 1201) (out= 600)(deflated 50%)
adding: weka/gui/beans/LoaderCustomizer$7.class(in = 1779) (out= 953)(deflated 46%)
adding: weka/gui/beans/LoaderCustomizer$8.class(in = 1895) (out= 934)(deflated 50%)
adding: weka/gui/beans/LoaderCustomizer$9.class(in = 1489) (out= 691)(deflated 53%)
adding: weka/gui/beans/LoaderCustomizer.class(in = 14370) (out= 6697)(deflated 53%)
adding: weka/gui/beans/LogPanel$1.class(in = 1862) (out= 1031)(deflated 44%)
adding: weka/gui/beans/LogPanel$2.class(in = 914) (out= 526)(deflated 42%)
adding: weka/gui/beans/LogPanel$3.class(in = 1719) (out= 891)(deflated 48%)
adding: weka/gui/beans/LogPanel$4.class(in = 876) (out= 494)(deflated 43%)
adding: weka/gui/beans/LogPanel$5$1.class(in = 1570) (out= 825)(deflated 47%)
adding: weka/gui/beans/LogPanel$5.class(in = 2597) (out= 1434)(deflated 44%)
adding: weka/gui/beans/LogPanel$6.class(in = 762) (out= 471)(deflated 38%)
adding: weka/gui/beans/LogPanel.class(in = 9176) (out= 4672)(deflated 49%)
adding: weka/gui/beans/LogWriter.class(in = 154) (out= 132)(deflated 14%)
adding: weka/gui/beans/MetaBean$1.class(in = 892) (out= 475)(deflated 46%)
adding: weka/gui/beans/MetaBean$2.class(in = 1066) (out= 549)(deflated 48%)
adding: weka/gui/beans/MetaBean.class(in = 18799) (out= 8395)(deflated 55%)
adding: weka/gui/beans/ModelPerformanceChart$1.class(in = 934) (out= 511)(deflated 45%)
adding: weka/gui/beans/ModelPerformanceChart$2.class(in = 814) (out= 482)(deflated 40%)
adding: weka/gui/beans/ModelPerformanceChart.class(in = 19821) (out= 9360)(deflated 52%)
adding: weka/gui/beans/ModelPerformanceChartBeanInfo.class(in = 1178) (out= 577)(deflated 51%)
adding: weka/gui/beans/ModelPerformanceChartCustomizer$1.class(in = 932) (out= 482)(deflated 48%)
adding: weka/gui/beans/ModelPerformanceChartCustomizer$2.class(in = 2346) (out= 1007)(deflated 57%)
adding: weka/gui/beans/ModelPerformanceChartCustomizer$3.class(in = 1047) (out= 525)(deflated 49%)
adding: weka/gui/beans/ModelPerformanceChartCustomizer.class(in = 9380) (out= 4151)(deflated 55%)
adding: weka/gui/beans/Note.class(in = 2834) (out= 1455)(deflated 48%)
adding: weka/gui/beans/NoteBeanInfo.class(in = 777) (out= 395)(deflated 49%)
adding: weka/gui/beans/NoteCustomizer$1.class(in = 881) (out= 497)(deflated 43%)
adding: weka/gui/beans/NoteCustomizer.class(in = 2398) (out= 1196)(deflated 50%)
adding: weka/gui/beans/OffscreenChartRenderer.class(in = 873) (out= 345)(deflated 60%)
adding: weka/gui/beans/PluginManager.class(in = 4147) (out= 1521)(deflated 63%)
adding: weka/gui/beans/PredictionAppender.class(in = 21523) (out= 9653)(deflated 55%)
adding: weka/gui/beans/PredictionAppenderBeanInfo.class(in = 1865) (out= 839)(deflated 55%)
adding: weka/gui/beans/PredictionAppenderCustomizer$1.class(in = 1290) (out= 600)(deflated 53%)
adding: weka/gui/beans/PredictionAppenderCustomizer$2.class(in = 1026) (out= 523)(deflated 49%)
adding: weka/gui/beans/PredictionAppenderCustomizer.class(in = 3685) (out= 1607)(deflated 56%)
adding: weka/gui/beans/README_KnowledgeFlow(in = 8638) (out= 3173)(deflated 63%)
adding: weka/gui/beans/SQLViewerPerspective$1.class(in = 1009) (out= 509)(deflated 49%)
adding: weka/gui/beans/SQLViewerPerspective$2.class(in = 1003) (out= 538)(deflated 46%)
adding: weka/gui/beans/SQLViewerPerspective$3.class(in = 810) (out= 477)(deflated 41%)
adding: weka/gui/beans/SQLViewerPerspective.class(in = 5737) (out= 2749)(deflated 52%)
adding: weka/gui/beans/Saver$1.class(in = 750) (out= 467)(deflated 37%)
adding: weka/gui/beans/Saver$SaveBatchThread.class(in = 2861) (out= 1309)(deflated 54%)
adding: weka/gui/beans/Saver.class(in = 13839) (out= 6366)(deflated 53%)
adding: weka/gui/beans/SaverBeanInfo.class(in = 580) (out= 331)(deflated 42%)
adding: weka/gui/beans/SaverCustomizer$1.class(in = 1650) (out= 843)(deflated 48%)
adding: weka/gui/beans/SaverCustomizer$10.class(in = 1774) (out= 952)(deflated 46%)
adding: weka/gui/beans/SaverCustomizer$11.class(in = 1155) (out= 613)(deflated 46%)
adding: weka/gui/beans/SaverCustomizer$12.class(in = 2058) (out= 998)(deflated 51%)
adding: weka/gui/beans/SaverCustomizer$13.class(in = 1188) (out= 599)(deflated 49%)
adding: weka/gui/beans/SaverCustomizer$2.class(in = 1054) (out= 557)(deflated 47%)
adding: weka/gui/beans/SaverCustomizer$3.class(in = 1058) (out= 558)(deflated 47%)
adding: weka/gui/beans/SaverCustomizer$4.class(in = 1140) (out= 604)(deflated 47%)
adding: weka/gui/beans/SaverCustomizer$5.class(in = 2078) (out= 1002)(deflated 51%)
adding: weka/gui/beans/SaverCustomizer$6.class(in = 2919) (out= 1341)(deflated 54%)
adding: weka/gui/beans/SaverCustomizer$7.class(in = 1207) (out= 611)(deflated 49%)
adding: weka/gui/beans/SaverCustomizer$8.class(in = 832) (out= 478)(deflated 42%)
adding: weka/gui/beans/SaverCustomizer$9.class(in = 1125) (out= 627)(deflated 44%)
adding: weka/gui/beans/SaverCustomizer.class(in = 15703) (out= 6939)(deflated 55%)
adding: weka/gui/beans/ScatterPlotMatrix$1.class(in = 910) (out= 510)(deflated 43%)
adding: weka/gui/beans/ScatterPlotMatrix$2.class(in = 798) (out= 472)(deflated 40%)
adding: weka/gui/beans/ScatterPlotMatrix.class(in = 5907) (out= 2932)(deflated 50%)
adding: weka/gui/beans/ScatterPlotMatrixBeanInfo.class(in = 555) (out= 311)(deflated 43%)
adding: weka/gui/beans/SerializedModelSaver.class(in = 14303) (out= 6267)(deflated 56%)
adding: weka/gui/beans/SerializedModelSaverBeanInfo.class(in = 857) (out= 417)(deflated 51%)
adding: weka/gui/beans/SerializedModelSaverCustomizer$1.class(in = 2119) (out= 971)(deflated 54%)
adding: weka/gui/beans/SerializedModelSaverCustomizer$2.class(in = 922) (out= 490)(deflated 46%)
adding: weka/gui/beans/SerializedModelSaverCustomizer$3.class(in = 1899) (out= 966)(deflated 49%)
adding: weka/gui/beans/SerializedModelSaverCustomizer$4.class(in = 3117) (out= 1393)(deflated 55%)
adding: weka/gui/beans/SerializedModelSaverCustomizer$5.class(in = 1000) (out= 503)(deflated 49%)
adding: weka/gui/beans/SerializedModelSaverCustomizer.class(in = 11916) (out= 5307)(deflated 55%)
adding: weka/gui/beans/ShadowBorder.class(in = 2792) (out= 1449)(deflated 48%)
adding: weka/gui/beans/Sorter$1.class(in = 7355) (out= 3783)(deflated 48%)
adding: weka/gui/beans/Sorter$InstanceHolder.class(in = 658) (out= 419)(deflated 36%)
adding: weka/gui/beans/Sorter$SortComparator.class(in = 1594) (out= 758)(deflated 52%)
adding: weka/gui/beans/Sorter$SortRule.class(in = 4788) (out= 2356)(deflated 50%)
adding: weka/gui/beans/Sorter.class(in = 17491) (out= 8158)(deflated 53%)
adding: weka/gui/beans/SorterBeanInfo.class(in = 1232) (out= 615)(deflated 50%)
adding: weka/gui/beans/SorterCustomizer$1.class(in = 1685) (out= 887)(deflated 47%)
adding: weka/gui/beans/SorterCustomizer$10.class(in = 864) (out= 487)(deflated 43%)
adding: weka/gui/beans/SorterCustomizer$2.class(in = 1902) (out= 996)(deflated 47%)
adding: weka/gui/beans/SorterCustomizer$3.class(in = 1226) (out= 696)(deflated 43%)
adding: weka/gui/beans/SorterCustomizer$4.class(in = 849) (out= 477)(deflated 43%)
adding: weka/gui/beans/SorterCustomizer$5.class(in = 851) (out= 479)(deflated 43%)
adding: weka/gui/beans/SorterCustomizer$6.class(in = 1668) (out= 891)(deflated 46%)
adding: weka/gui/beans/SorterCustomizer$7.class(in = 1306) (out= 705)(deflated 46%)
adding: weka/gui/beans/SorterCustomizer$8.class(in = 1295) (out= 695)(deflated 46%)
adding: weka/gui/beans/SorterCustomizer$9.class(in = 858) (out= 485)(deflated 43%)
adding: weka/gui/beans/SorterCustomizer.class(in = 8925) (out= 4464)(deflated 49%)
adding: weka/gui/beans/StartUpListener.class(in = 189) (out= 155)(deflated 17%)
adding: weka/gui/beans/Startable.class(in = 233) (out= 176)(deflated 24%)
adding: weka/gui/beans/StreamThroughput.class(in = 3128) (out= 1695)(deflated 45%)
adding: weka/gui/beans/StripChart$1.class(in = 1257) (out= 748)(deflated 40%)
adding: weka/gui/beans/StripChart$2.class(in = 1719) (out= 834)(deflated 51%)
adding: weka/gui/beans/StripChart$3.class(in = 770) (out= 471)(deflated 38%)
adding: weka/gui/beans/StripChart$LegendPanel.class(in = 2058) (out= 1053)(deflated 48%)
adding: weka/gui/beans/StripChart$ScalePanel.class(in = 2140) (out= 1019)(deflated 52%)
adding: weka/gui/beans/StripChart$StripPlotter.class(in = 1168) (out= 610)(deflated 47%)
adding: weka/gui/beans/StripChart.class(in = 18491) (out= 8902)(deflated 51%)
adding: weka/gui/beans/StripChartBeanInfo.class(in = 1415) (out= 688)(deflated 51%)
adding: weka/gui/beans/StripChartCustomizer.class(in = 1652) (out= 839)(deflated 49%)
adding: weka/gui/beans/StructureProducer.class(in = 197) (out= 153)(deflated 22%)
adding: weka/gui/beans/SubstringLabeler.class(in = 12280) (out= 5396)(deflated 56%)
adding: weka/gui/beans/SubstringLabelerBeanInfo.class(in = 1282) (out= 622)(deflated 51%)
adding: weka/gui/beans/SubstringLabelerCustomizer$1.class(in = 1403) (out= 695)(deflated 50%)
adding: weka/gui/beans/SubstringLabelerCustomizer$10.class(in = 1343) (out= 689)(deflated 48%)
adding: weka/gui/beans/SubstringLabelerCustomizer$11.class(in = 920) (out= 495)(deflated 46%)
adding: weka/gui/beans/SubstringLabelerCustomizer$12.class(in = 924) (out= 500)(deflated 45%)
adding: weka/gui/beans/SubstringLabelerCustomizer$2.class(in = 1393) (out= 686)(deflated 50%)
adding: weka/gui/beans/SubstringLabelerCustomizer$3.class(in = 1393) (out= 687)(deflated 50%)
adding: weka/gui/beans/SubstringLabelerCustomizer$4.class(in = 2058) (out= 993)(deflated 51%)
adding: weka/gui/beans/SubstringLabelerCustomizer$5.class(in = 2314) (out= 1163)(deflated 49%)
adding: weka/gui/beans/SubstringLabelerCustomizer$6.class(in = 1286) (out= 700)(deflated 45%)
adding: weka/gui/beans/SubstringLabelerCustomizer$7.class(in = 909) (out= 485)(deflated 46%)
adding: weka/gui/beans/SubstringLabelerCustomizer$8.class(in = 911) (out= 487)(deflated 46%)
adding: weka/gui/beans/SubstringLabelerCustomizer$9.class(in = 1331) (out= 683)(deflated 48%)
adding: weka/gui/beans/SubstringLabelerCustomizer.class(in = 9244) (out= 4514)(deflated 51%)
adding: weka/gui/beans/SubstringLabelerRules$SubstringLabelerMatchRule.class(in = 7787) (out= 3923)(deflated 49%)
adding: weka/gui/beans/SubstringLabelerRules.class(in = 7484) (out= 3590)(deflated 52%)
adding: weka/gui/beans/SubstringReplacer.class(in = 7870) (out= 3581)(deflated 54%)
adding: weka/gui/beans/SubstringReplacerBeanInfo.class(in = 1198) (out= 588)(deflated 50%)
adding: weka/gui/beans/SubstringReplacerCustomizer$1.class(in = 1414) (out= 702)(deflated 50%)
adding: weka/gui/beans/SubstringReplacerCustomizer$10.class(in = 1354) (out= 691)(deflated 48%)
adding: weka/gui/beans/SubstringReplacerCustomizer$11.class(in = 926) (out= 497)(deflated 46%)
adding: weka/gui/beans/SubstringReplacerCustomizer$12.class(in = 930) (out= 499)(deflated 46%)
adding: weka/gui/beans/SubstringReplacerCustomizer$2.class(in = 1404) (out= 687)(deflated 51%)
adding: weka/gui/beans/SubstringReplacerCustomizer$3.class(in = 1408) (out= 686)(deflated 51%)
adding: weka/gui/beans/SubstringReplacerCustomizer$4.class(in = 2075) (out= 995)(deflated 52%)
adding: weka/gui/beans/SubstringReplacerCustomizer$5.class(in = 2333) (out= 1174)(deflated 49%)
adding: weka/gui/beans/SubstringReplacerCustomizer$6.class(in = 1292) (out= 704)(deflated 45%)
adding: weka/gui/beans/SubstringReplacerCustomizer$7.class(in = 915) (out= 487)(deflated 46%)
adding: weka/gui/beans/SubstringReplacerCustomizer$8.class(in = 917) (out= 487)(deflated 46%)
adding: weka/gui/beans/SubstringReplacerCustomizer$9.class(in = 1342) (out= 686)(deflated 48%)
adding: weka/gui/beans/SubstringReplacerCustomizer.class(in = 8085) (out= 3932)(deflated 51%)
adding: weka/gui/beans/SubstringReplacerRules$SubstringReplacerMatchRule.class(in = 8040) (out= 3988)(deflated 50%)
adding: weka/gui/beans/SubstringReplacerRules.class(in = 4394) (out= 2121)(deflated 51%)
adding: weka/gui/beans/TestSetEvent.class(in = 1830) (out= 843)(deflated 53%)
adding: weka/gui/beans/TestSetListener.class(in = 216) (out= 161)(deflated 25%)
adding: weka/gui/beans/TestSetMaker.class(in = 4242) (out= 2079)(deflated 50%)
adding: weka/gui/beans/TestSetMakerBeanInfo.class(in = 345) (out= 229)(deflated 33%)
adding: weka/gui/beans/TestSetProducer.class(in = 225) (out= 155)(deflated 31%)
adding: weka/gui/beans/TextEvent.class(in = 781) (out= 437)(deflated 44%)
adding: weka/gui/beans/TextListener.class(in = 204) (out= 157)(deflated 23%)
adding: weka/gui/beans/TextSaver.class(in = 5963) (out= 2771)(deflated 53%)
adding: weka/gui/beans/TextSaverBeanInfo.class(in = 802) (out= 401)(deflated 50%)
adding: weka/gui/beans/TextSaverCustomizer$1.class(in = 1808) (out= 826)(deflated 54%)
adding: weka/gui/beans/TextSaverCustomizer$2.class(in = 963) (out= 523)(deflated 45%)
adding: weka/gui/beans/TextSaverCustomizer.class(in = 5209) (out= 2338)(deflated 55%)
adding: weka/gui/beans/TextViewer$1.class(in = 1383) (out= 788)(deflated 43%)
adding: weka/gui/beans/TextViewer$2.class(in = 950) (out= 521)(deflated 45%)
adding: weka/gui/beans/TextViewer$3.class(in = 950) (out= 523)(deflated 44%)
adding: weka/gui/beans/TextViewer$4.class(in = 1369) (out= 731)(deflated 46%)
adding: weka/gui/beans/TextViewer$5.class(in = 953) (out= 523)(deflated 45%)
adding: weka/gui/beans/TextViewer$6.class(in = 908) (out= 481)(deflated 47%)
adding: weka/gui/beans/TextViewer$7.class(in = 770) (out= 469)(deflated 39%)
adding: weka/gui/beans/TextViewer.class(in = 14313) (out= 6358)(deflated 55%)
adding: weka/gui/beans/TextViewerBeanInfo.class(in = 878) (out= 481)(deflated 45%)
adding: weka/gui/beans/ThresholdDataEvent.class(in = 1071) (out= 544)(deflated 49%)
adding: weka/gui/beans/ThresholdDataListener.class(in = 234) (out= 170)(deflated 27%)
adding: weka/gui/beans/TrainTestSplitMaker$1.class(in = 3540) (out= 1693)(deflated 52%)
adding: weka/gui/beans/TrainTestSplitMaker.class(in = 8374) (out= 3741)(deflated 55%)
adding: weka/gui/beans/TrainTestSplitMakerBeanInfo.class(in = 1213) (out= 609)(deflated 49%)
adding: weka/gui/beans/TrainTestSplitMakerCustomizer.class(in = 1700) (out= 853)(deflated 49%)
adding: weka/gui/beans/TrainingSetEvent.class(in = 1851) (out= 854)(deflated 53%)
adding: weka/gui/beans/TrainingSetListener.class(in = 232) (out= 165)(deflated 28%)
adding: weka/gui/beans/TrainingSetMaker.class(in = 4447) (out= 2174)(deflated 51%)
adding: weka/gui/beans/TrainingSetMakerBeanInfo.class(in = 361) (out= 230)(deflated 36%)
adding: weka/gui/beans/TrainingSetProducer.class(in = 245) (out= 159)(deflated 35%)
adding: weka/gui/beans/UserRequestAcceptor.class(in = 307) (out= 208)(deflated 32%)
adding: weka/gui/beans/Visible.class(in = 248) (out= 168)(deflated 32%)
adding: weka/gui/beans/VisualizableErrorEvent.class(in = 711) (out= 414)(deflated 41%)
adding: weka/gui/beans/VisualizableErrorListener.class(in = 246) (out= 173)(deflated 29%)
adding: weka/gui/beans/WekaOffscreenChartRenderer.class(in = 6547) (out= 3312)(deflated 49%)
adding: weka/gui/beans/WekaWrapper.class(in = 225) (out= 155)(deflated 31%)
adding: weka/gui/beans/icons/(in = 0) (out= 0)(stored 0%)
adding: weka/gui/beans/icons/ADTree.gif(in = 2977) (out= 2977)(deflated 0%)
adding: weka/gui/beans/icons/ADTree_animated.gif(in = 2977) (out= 2977)(deflated 0%)
adding: weka/gui/beans/icons/AODE.gif(in = 3011) (out= 3001)(deflated 0%)
adding: weka/gui/beans/icons/AODE_animated.gif(in = 3011) (out= 3001)(deflated 0%)
adding: weka/gui/beans/icons/AdaBoostM1.gif(in = 3017) (out= 3022)(deflated 0%)
adding: weka/gui/beans/icons/AdaBoostM1_animated.gif(in = 3017) (out= 3022)(deflated 0%)
adding: weka/gui/beans/icons/AdditiveRegression.gif(in = 3028) (out= 3026)(deflated 0%)
adding: weka/gui/beans/icons/AdditiveRegression_animated.gif(in = 3028) (out= 3026)(deflated 0%)
adding: weka/gui/beans/icons/Appender.png(in = 5828) (out= 5833)(deflated 0%)
adding: weka/gui/beans/icons/ArffLoader.gif(in = 2812) (out= 2817)(deflated 0%)
adding: weka/gui/beans/icons/ArffLoader_animated.gif(in = 2812) (out= 2817)(deflated 0%)
adding: weka/gui/beans/icons/ArffSaver.gif(in = 2749) (out= 2754)(deflated 0%)
adding: weka/gui/beans/icons/ArffSaver_animated.gif(in = 2749) (out= 2754)(deflated 0%)
adding: weka/gui/beans/icons/AttributeSelectedClassifier.gif(in = 2918) (out= 2920)(deflated 0%)
adding: weka/gui/beans/icons/AttributeSelectedClassifier_animated.gif(in = 2918) (out= 2920)(deflated 0%)
adding: weka/gui/beans/icons/AttributeSummarizer.gif(in = 2819) (out= 2824)(deflated 0%)
adding: weka/gui/beans/icons/AttributeSummarizer_animated.gif(in = 2819) (out= 2824)(deflated 0%)
adding: weka/gui/beans/icons/Bagging.gif(in = 2960) (out= 2965)(deflated 0%)
adding: weka/gui/beans/icons/Bagging_animated.gif(in = 2960) (out= 2965)(deflated 0%)
adding: weka/gui/beans/icons/BayesNet.gif(in = 3003) (out= 2996)(deflated 0%)
adding: weka/gui/beans/icons/BayesNet_animated.gif(in = 3003) (out= 2996)(deflated 0%)
adding: weka/gui/beans/icons/C45Loader.gif(in = 2837) (out= 2842)(deflated 0%)
adding: weka/gui/beans/icons/C45Loader_animated.gif(in = 2837) (out= 2842)(deflated 0%)
adding: weka/gui/beans/icons/C45Saver.gif(in = 2755) (out= 2760)(deflated 0%)
adding: weka/gui/beans/icons/C45Saver_animated.gif(in = 2755) (out= 2760)(deflated 0%)
adding: weka/gui/beans/icons/CSVLoader.gif(in = 2834) (out= 2839)(deflated 0%)
adding: weka/gui/beans/icons/CSVLoader_animated.gif(in = 2834) (out= 2839)(deflated 0%)
adding: weka/gui/beans/icons/CSVSaver.gif(in = 2766) (out= 2771)(deflated 0%)
adding: weka/gui/beans/icons/CSVSaver_animated.gif(in = 2766) (out= 2771)(deflated 0%)
adding: weka/gui/beans/icons/CVParameterSelection.gif(in = 3036) (out= 3041)(deflated 0%)
adding: weka/gui/beans/icons/CVParameterSelection_animated.gif(in = 3036) (out= 3041)(deflated 0%)
adding: weka/gui/beans/icons/ClassAssigner.gif(in = 2661) (out= 2666)(deflated 0%)
adding: weka/gui/beans/icons/ClassAssigner_animated.gif(in = 2661) (out= 2666)(deflated 0%)
adding: weka/gui/beans/icons/ClassBalancedND.gif(in = 3051) (out= 3054)(deflated 0%)
adding: weka/gui/beans/icons/ClassBalancedND_animated.gif(in = 3051) (out= 3054)(deflated 0%)
adding: weka/gui/beans/icons/ClassValuePicker.gif(in = 2658) (out= 2663)(deflated 0%)
adding: weka/gui/beans/icons/ClassValuePicker_animated.gif(in = 2658) (out= 2663)(deflated 0%)
adding: weka/gui/beans/icons/ClassificationViaRegression.gif(in = 3066) (out= 3071)(deflated 0%)
adding: weka/gui/beans/icons/ClassificationViaRegression_animated.gif(in = 3066) (out= 3071)(deflated 0%)
adding: weka/gui/beans/icons/ClassifierPerformanceEvaluator.gif(in = 2987) (out= 2992)(deflated 0%)
adding: weka/gui/beans/icons/ClassifierPerformanceEvaluator_animated.gif(in = 2987) (out= 2992)(deflated 0%)
adding: weka/gui/beans/icons/ClustererPerformanceEvaluator.gif(in = 2987) (out= 2992)(deflated 0%)
adding: weka/gui/beans/icons/ClustererPerformanceEvaluator_animated.gif(in = 2987) (out= 2992)(deflated 0%)
adding: weka/gui/beans/icons/Cobweb.gif(in = 2684) (out= 2689)(deflated 0%)
adding: weka/gui/beans/icons/Cobweb_animated.gif(in = 2684) (out= 2689)(deflated 0%)
adding: weka/gui/beans/icons/ComplementNaiveBayes.gif(in = 3044) (out= 3032)(deflated 0%)
adding: weka/gui/beans/icons/ComplementNaiveBayes_animated.gif(in = 3044) (out= 3032)(deflated 0%)
adding: weka/gui/beans/icons/ConjunctiveRule.gif(in = 3004) (out= 3009)(deflated 0%)
adding: weka/gui/beans/icons/ConjunctiveRule_animated.gif(in = 3004) (out= 3009)(deflated 0%)
adding: weka/gui/beans/icons/CostSensitiveClassifier.gif(in = 2960) (out= 2965)(deflated 0%)
adding: weka/gui/beans/icons/CostSensitiveClassifier_animated.gif(in = 2960) (out= 2965)(deflated 0%)
adding: weka/gui/beans/icons/CrossValidationFoldMaker.gif(in = 2631) (out= 2636)(deflated 0%)
adding: weka/gui/beans/icons/CrossValidationFoldMaker_animated.gif(in = 2631) (out= 2636)(deflated 0%)
adding: weka/gui/beans/icons/DBScan.gif(in = 2650) (out= 2655)(deflated 0%)
adding: weka/gui/beans/icons/DBScan_animated.gif(in = 2650) (out= 2655)(deflated 0%)
adding: weka/gui/beans/icons/Dagging.gif(in = 2904) (out= 2909)(deflated 0%)
adding: weka/gui/beans/icons/Dagging_animated.gif(in = 2904) (out= 2909)(deflated 0%)
adding: weka/gui/beans/icons/DataNearBalancedND.gif(in = 3077) (out= 3072)(deflated 0%)
adding: weka/gui/beans/icons/DataNearBalancedND_animated.gif(in = 3077) (out= 3072)(deflated 0%)
adding: weka/gui/beans/icons/DatabaseLoader.gif(in = 2823) (out= 2828)(deflated 0%)
adding: weka/gui/beans/icons/DatabaseLoader_animated.gif(in = 2823) (out= 2828)(deflated 0%)
adding: weka/gui/beans/icons/DatabaseSaver.gif(in = 2792) (out= 2797)(deflated 0%)
adding: weka/gui/beans/icons/DatabaseSaver_animated.gif(in = 2792) (out= 2797)(deflated 0%)
adding: weka/gui/beans/icons/DecisionStump.gif(in = 3028) (out= 3030)(deflated 0%)
adding: weka/gui/beans/icons/DecisionStump_animated.gif(in = 3028) (out= 3030)(deflated 0%)
adding: weka/gui/beans/icons/DecisionTable.gif(in = 2922) (out= 2927)(deflated 0%)
adding: weka/gui/beans/icons/DecisionTable_animated.gif(in = 2922) (out= 2927)(deflated 0%)
adding: weka/gui/beans/icons/Decorate.gif(in = 3010) (out= 3010)(deflated 0%)
adding: weka/gui/beans/icons/Decorate_animated.gif(in = 3010) (out= 3010)(deflated 0%)
adding: weka/gui/beans/icons/DefaultAssociator.gif(in = 3020) (out= 3005)(deflated 0%)
adding: weka/gui/beans/icons/DefaultAssociator_animated.gif(in = 3020) (out= 3005)(deflated 0%)
adding: weka/gui/beans/icons/DefaultClassifier.gif(in = 3133) (out= 3130)(deflated 0%)
adding: weka/gui/beans/icons/DefaultClassifier_animated.gif(in = 3133) (out= 3130)(deflated 0%)
adding: weka/gui/beans/icons/DefaultClusterer.gif(in = 2621) (out= 2626)(deflated 0%)
adding: weka/gui/beans/icons/DefaultClusterer_animated.gif(in = 2621) (out= 2626)(deflated 0%)
adding: weka/gui/beans/icons/DefaultDataSink.gif(in = 2749) (out= 2754)(deflated 0%)
adding: weka/gui/beans/icons/DefaultDataSink_animated.gif(in = 2749) (out= 2754)(deflated 0%)
adding: weka/gui/beans/icons/DefaultDataSource.gif(in = 2812) (out= 2817)(deflated 0%)
adding: weka/gui/beans/icons/DefaultDataSource_animated.gif(in = 2812) (out= 2817)(deflated 0%)
adding: weka/gui/beans/icons/DefaultDataVisualizer.gif(in = 2965) (out= 2967)(deflated 0%)
adding: weka/gui/beans/icons/DefaultDataVisualizer_animated.gif(in = 2965) (out= 2967)(deflated 0%)
adding: weka/gui/beans/icons/DefaultEvaluator.gif(in = 2987) (out= 2992)(deflated 0%)
adding: weka/gui/beans/icons/DefaultEvaluator_animated.gif(in = 2987) (out= 2992)(deflated 0%)
adding: weka/gui/beans/icons/DefaultFilter.gif(in = 2969) (out= 2974)(deflated 0%)
adding: weka/gui/beans/icons/DefaultFilter_animated.gif(in = 2969) (out= 2974)(deflated 0%)
adding: weka/gui/beans/icons/DefaultGraph.gif(in = 2923) (out= 2928)(deflated 0%)
adding: weka/gui/beans/icons/DefaultGraph_animated.gif(in = 2923) (out= 2928)(deflated 0%)
adding: weka/gui/beans/icons/DefaultText.gif(in = 3021) (out= 3015)(deflated 0%)
adding: weka/gui/beans/icons/DefaultText_animated.gif(in = 3021) (out= 3015)(deflated 0%)
adding: weka/gui/beans/icons/DefaultTrainTest.gif(in = 2653) (out= 2658)(deflated 0%)
adding: weka/gui/beans/icons/DefaultTrainTest_animated.gif(in = 2653) (out= 2658)(deflated 0%)
adding: weka/gui/beans/icons/Default_bayesClassifier.gif(in = 3018) (out= 3012)(deflated 0%)
adding: weka/gui/beans/icons/Default_bayesClassifier_animated.gif(in = 3018) (out= 3012)(deflated 0%)
adding: weka/gui/beans/icons/Default_functionsClassifier.gif(in = 3000) (out= 2993)(deflated 0%)
adding: weka/gui/beans/icons/Default_functionsClassifier_animated.gif(in = 3000) (out= 2993)(deflated 0%)
adding: weka/gui/beans/icons/Default_lazyClassifier.gif(in = 3031) (out= 3027)(deflated 0%)
adding: weka/gui/beans/icons/Default_lazyClassifier_animated.gif(in = 3031) (out= 3027)(deflated 0%)
adding: weka/gui/beans/icons/Default_metaClassifier.gif(in = 3003) (out= 3001)(deflated 0%)
adding: weka/gui/beans/icons/Default_metaClassifier_animated.gif(in = 3003) (out= 3001)(deflated 0%)
adding: weka/gui/beans/icons/Default_miscClassifier.gif(in = 3050) (out= 3038)(deflated 0%)
adding: weka/gui/beans/icons/Default_miscClassifier_animated.gif(in = 3050) (out= 3038)(deflated 0%)
adding: weka/gui/beans/icons/Default_nestedDichotomiesClassifier.gif(in = 3003) (out= 3001)(deflated 0%)
adding: weka/gui/beans/icons/Default_nestedDichotomiesClassifier_animated.gif(in = 3003) (out= 3001)(deflated 0%)
adding: weka/gui/beans/icons/Default_rulesClassifier.gif(in = 2934) (out= 2939)(deflated 0%)
adding: weka/gui/beans/icons/Default_rulesClassifier_animated.gif(in = 2934) (out= 2939)(deflated 0%)
adding: weka/gui/beans/icons/Default_treeClassifier.gif(in = 2967) (out= 2960)(deflated 0%)
adding: weka/gui/beans/icons/Default_treeClassifier_animated.gif(in = 2967) (out= 2960)(deflated 0%)
adding: weka/gui/beans/icons/DiamondPlain.gif(in = 2512) (out= 2517)(deflated 0%)
adding: weka/gui/beans/icons/EM.gif(in = 2638) (out= 2643)(deflated 0%)
adding: weka/gui/beans/icons/EM_animated.gif(in = 2638) (out= 2643)(deflated 0%)
adding: weka/gui/beans/icons/END.gif(in = 3053) (out= 3046)(deflated 0%)
adding: weka/gui/beans/icons/END_animated.gif(in = 3053) (out= 3046)(deflated 0%)
adding: weka/gui/beans/icons/FarthestFirst.gif(in = 2759) (out= 2764)(deflated 0%)
adding: weka/gui/beans/icons/FarthestFirst_animated.gif(in = 2759) (out= 2764)(deflated 0%)
adding: weka/gui/beans/icons/FilteredClassifier.gif(in = 2982) (out= 2987)(deflated 0%)
adding: weka/gui/beans/icons/FilteredClassifier_animated.gif(in = 2982) (out= 2987)(deflated 0%)
adding: weka/gui/beans/icons/FlowByExpression.png(in = 5919) (out= 5924)(deflated 0%)
adding: weka/gui/beans/icons/GaussianProcesses.gif(in = 3021) (out= 3020)(deflated 0%)
adding: weka/gui/beans/icons/GaussianProcesses_animated.gif(in = 3021) (out= 3020)(deflated 0%)
adding: weka/gui/beans/icons/Grading.gif(in = 2945) (out= 2947)(deflated 0%)
adding: weka/gui/beans/icons/Grading_animated.gif(in = 2945) (out= 2947)(deflated 0%)
adding: weka/gui/beans/icons/HNB.gif(in = 3031) (out= 3020)(deflated 0%)
adding: weka/gui/beans/icons/HNB_animated.gif(in = 3031) (out= 3020)(deflated 0%)
adding: weka/gui/beans/icons/Help24.gif(in = 1328) (out= 1127)(deflated 15%)
adding: weka/gui/beans/icons/IB1.gif(in = 2985) (out= 2975)(deflated 0%)
adding: weka/gui/beans/icons/IB1_animated.gif(in = 2985) (out= 2975)(deflated 0%)
adding: weka/gui/beans/icons/IBk.gif(in = 2971) (out= 2971)(deflated 0%)
adding: weka/gui/beans/icons/IBk_animated.gif(in = 2971) (out= 2971)(deflated 0%)
adding: weka/gui/beans/icons/ID3.gif(in = 3003) (out= 2989)(deflated 0%)
adding: weka/gui/beans/icons/ID3_animated.gif(in = 3003) (out= 2989)(deflated 0%)
adding: weka/gui/beans/icons/IncrementalClassifierEvaluator.gif(in = 3046) (out= 3051)(deflated 0%)
adding: weka/gui/beans/icons/IncrementalClassifierEvaluator_animated.gif(in = 3046) (out= 3051)(deflated 0%)
adding: weka/gui/beans/icons/InstanceStreamToBatchMaker.gif(in = 2650) (out= 2655)(deflated 0%)
adding: weka/gui/beans/icons/InstanceStreamToBatchMaker_animated.gif(in = 2650) (out= 2655)(deflated 0%)
adding: weka/gui/beans/icons/J48.gif(in = 3011) (out= 3008)(deflated 0%)
adding: weka/gui/beans/icons/J48_animated.gif(in = 3011) (out= 3008)(deflated 0%)
adding: weka/gui/beans/icons/JRip.gif(in = 2988) (out= 2988)(deflated 0%)
adding: weka/gui/beans/icons/JRip_animated.gif(in = 2988) (out= 2988)(deflated 0%)
adding: weka/gui/beans/icons/Join.gif(in = 4605) (out= 3935)(deflated 14%)
adding: weka/gui/beans/icons/KStar.gif(in = 2966) (out= 2961)(deflated 0%)
adding: weka/gui/beans/icons/KStar_animated.gif(in = 2966) (out= 2961)(deflated 0%)
adding: weka/gui/beans/icons/LBR.gif(in = 3022) (out= 3023)(deflated 0%)
adding: weka/gui/beans/icons/LBR_animated.gif(in = 3022) (out= 3023)(deflated 0%)
adding: weka/gui/beans/icons/LMT.gif(in = 3009) (out= 3002)(deflated 0%)
adding: weka/gui/beans/icons/LMT_animated.gif(in = 3009) (out= 3002)(deflated 0%)
adding: weka/gui/beans/icons/LWL.gif(in = 2989) (out= 2983)(deflated 0%)
adding: weka/gui/beans/icons/LWL_animated.gif(in = 2989) (out= 2983)(deflated 0%)
adding: weka/gui/beans/icons/LeastMedSq.gif(in = 3061) (out= 3057)(deflated 0%)
adding: weka/gui/beans/icons/LeastMedSq_animated.gif(in = 3061) (out= 3057)(deflated 0%)
adding: weka/gui/beans/icons/LibSVM.gif(in = 3035) (out= 3011)(deflated 0%)
adding: weka/gui/beans/icons/LibSVM_animated.gif(in = 3035) (out= 3011)(deflated 0%)
adding: weka/gui/beans/icons/LinearRegression.gif(in = 3066) (out= 3052)(deflated 0%)
adding: weka/gui/beans/icons/LinearRegression_animated.gif(in = 3066) (out= 3052)(deflated 0%)
adding: weka/gui/beans/icons/Logistic.gif(in = 3036) (out= 3025)(deflated 0%)
adding: weka/gui/beans/icons/Logistic_animated.gif(in = 3036) (out= 3025)(deflated 0%)
adding: weka/gui/beans/icons/LogitBoost.gif(in = 3028) (out= 3030)(deflated 0%)
adding: weka/gui/beans/icons/LogitBoost_animated.gif(in = 3028) (out= 3030)(deflated 0%)
adding: weka/gui/beans/icons/M5P.gif(in = 3010) (out= 3006)(deflated 0%)
adding: weka/gui/beans/icons/M5P_animated.gif(in = 3010) (out= 3006)(deflated 0%)
adding: weka/gui/beans/icons/M5Rules.gif(in = 2910) (out= 2907)(deflated 0%)
adding: weka/gui/beans/icons/M5Rules_animated.gif(in = 2910) (out= 2907)(deflated 0%)
adding: weka/gui/beans/icons/MakeDensityBasedClusterer.gif(in = 2704) (out= 2709)(deflated 0%)
adding: weka/gui/beans/icons/MakeDensityBasedClusterer_animated.gif(in = 2704) (out= 2709)(deflated 0%)
adding: weka/gui/beans/icons/MetaCost.gif(in = 2921) (out= 2926)(deflated 0%)
adding: weka/gui/beans/icons/MetaCost_animated.gif(in = 2921) (out= 2926)(deflated 0%)
adding: weka/gui/beans/icons/ModelPerformanceChart.gif(in = 2971) (out= 2976)(deflated 0%)
adding: weka/gui/beans/icons/ModelPerformanceChart_animated.gif(in = 2971) (out= 2976)(deflated 0%)
adding: weka/gui/beans/icons/MultiBoostAB.gif(in = 2949) (out= 2954)(deflated 0%)
adding: weka/gui/beans/icons/MultiBoostAB_animated.gif(in = 2949) (out= 2954)(deflated 0%)
adding: weka/gui/beans/icons/MultiClassClassifier.gif(in = 3014) (out= 3011)(deflated 0%)
adding: weka/gui/beans/icons/MultiClassClassifier_animated.gif(in = 3014) (out= 3011)(deflated 0%)
adding: weka/gui/beans/icons/MultiScheme.gif(in = 2962) (out= 2963)(deflated 0%)
adding: weka/gui/beans/icons/MultiScheme_animated.gif(in = 2962) (out= 2963)(deflated 0%)
adding: weka/gui/beans/icons/MultilayerPerceptron.gif(in = 3029) (out= 3034)(deflated 0%)
adding: weka/gui/beans/icons/MultilayerPerceptron_animated.gif(in = 3029) (out= 3034)(deflated 0%)
adding: weka/gui/beans/icons/NBTree.gif(in = 2999) (out= 3004)(deflated 0%)
adding: weka/gui/beans/icons/NBTree_animated.gif(in = 2999) (out= 3004)(deflated 0%)
adding: weka/gui/beans/icons/NNge.gif(in = 2992) (out= 2993)(deflated 0%)
adding: weka/gui/beans/icons/NNge_animated.gif(in = 2992) (out= 2993)(deflated 0%)
adding: weka/gui/beans/icons/NaiveBayes.gif(in = 3046) (out= 3036)(deflated 0%)
adding: weka/gui/beans/icons/NaiveBayesMultinomial.gif(in = 3026) (out= 3018)(deflated 0%)
adding: weka/gui/beans/icons/NaiveBayesMultinomial_animated.gif(in = 3026) (out= 3018)(deflated 0%)
adding: weka/gui/beans/icons/NaiveBayesSimple.gif(in = 3024) (out= 3029)(deflated 0%)
adding: weka/gui/beans/icons/NaiveBayesSimple_animated.gif(in = 3024) (out= 3029)(deflated 0%)
adding: weka/gui/beans/icons/NaiveBayesUpdateable.gif(in = 3013) (out= 3008)(deflated 0%)
adding: weka/gui/beans/icons/NaiveBayesUpdateable_animated.gif(in = 3013) (out= 3008)(deflated 0%)
adding: weka/gui/beans/icons/NaiveBayes_animated.gif(in = 3046) (out= 3036)(deflated 0%)
adding: weka/gui/beans/icons/New24.gif(in = 778) (out= 783)(deflated 0%)
adding: weka/gui/beans/icons/OPTICS.gif(in = 2647) (out= 2652)(deflated 0%)
adding: weka/gui/beans/icons/OPTICS_animated.gif(in = 2647) (out= 2652)(deflated 0%)
adding: weka/gui/beans/icons/OneR.gif(in = 2829) (out= 2834)(deflated 0%)
adding: weka/gui/beans/icons/OneR_animated.gif(in = 2829) (out= 2834)(deflated 0%)
adding: weka/gui/beans/icons/Open24.gif(in = 462) (out= 462)(deflated 0%)
adding: weka/gui/beans/icons/OrdinalClassClassifier.gif(in = 3010) (out= 3010)(deflated 0%)
adding: weka/gui/beans/icons/OrdinalClassClassifier_animated.gif(in = 3010) (out= 3010)(deflated 0%)
adding: weka/gui/beans/icons/PART.gif(in = 2910) (out= 2912)(deflated 0%)
adding: weka/gui/beans/icons/PART_animated.gif(in = 2910) (out= 2912)(deflated 0%)
adding: weka/gui/beans/icons/PaceRegression.gif(in = 3090) (out= 3072)(deflated 0%)
adding: weka/gui/beans/icons/PaceRegression_animated.gif(in = 3090) (out= 3072)(deflated 0%)
adding: weka/gui/beans/icons/Pointer.gif(in = 143) (out= 142)(deflated 0%)
adding: weka/gui/beans/icons/PredictionAppender.gif(in = 2900) (out= 2905)(deflated 0%)
adding: weka/gui/beans/icons/PredictionAppender_animated.gif(in = 2900) (out= 2905)(deflated 0%)
adding: weka/gui/beans/icons/Prism.gif(in = 2861) (out= 2866)(deflated 0%)
adding: weka/gui/beans/icons/Prism_animated.gif(in = 2861) (out= 2866)(deflated 0%)
adding: weka/gui/beans/icons/RBFNetwork.gif(in = 2962) (out= 2957)(deflated 0%)
adding: weka/gui/beans/icons/RBFNetwork_animated.gif(in = 2962) (out= 2957)(deflated 0%)
adding: weka/gui/beans/icons/REPTree.gif(in = 2996) (out= 3001)(deflated 0%)
adding: weka/gui/beans/icons/REPTree_animated.gif(in = 2996) (out= 3001)(deflated 0%)
adding: weka/gui/beans/icons/RacedIncrementalLogitBoost.gif(in = 2992) (out= 2994)(deflated 0%)
adding: weka/gui/beans/icons/RacedIncrementalLogitBoost_animated.gif(in = 2992) (out= 2994)(deflated 0%)
adding: weka/gui/beans/icons/RandomCommittee.gif(in = 3040) (out= 3045)(deflated 0%)
adding: weka/gui/beans/icons/RandomCommittee_animated.gif(in = 3040) (out= 3045)(deflated 0%)
adding: weka/gui/beans/icons/RandomForest.gif(in = 3037) (out= 3042)(deflated 0%)
adding: weka/gui/beans/icons/RandomForest_animated.gif(in = 3037) (out= 3042)(deflated 0%)
adding: weka/gui/beans/icons/RandomTree.gif(in = 2977) (out= 2982)(deflated 0%)
adding: weka/gui/beans/icons/RandomTree_animated.gif(in = 2977) (out= 2982)(deflated 0%)
adding: weka/gui/beans/icons/RegressionByDiscretization.gif(in = 3054) (out= 3053)(deflated 0%)
adding: weka/gui/beans/icons/RegressionByDiscretization_animated.gif(in = 3054) (out= 3053)(deflated 0%)
adding: weka/gui/beans/icons/SMO.gif(in = 3087) (out= 3067)(deflated 0%)
adding: weka/gui/beans/icons/SMO_animated.gif(in = 3087) (out= 3067)(deflated 0%)
adding: weka/gui/beans/icons/SMOreg.gif(in = 3054) (out= 3039)(deflated 0%)
adding: weka/gui/beans/icons/SMOreg_animated.gif(in = 3054) (out= 3039)(deflated 0%)
adding: weka/gui/beans/icons/Save24.gif(in = 266) (out= 266)(deflated 0%)
adding: weka/gui/beans/icons/ScatterPlotMatrix.gif(in = 2985) (out= 2990)(deflated 0%)
adding: weka/gui/beans/icons/ScatterPlotMatrix_animated.gif(in = 2985) (out= 2990)(deflated 0%)
adding: weka/gui/beans/icons/SerializedInstancesLoader.gif(in = 2805) (out= 2810)(deflated 0%)
adding: weka/gui/beans/icons/SerializedInstancesLoader_animated.gif(in = 2805) (out= 2810)(deflated 0%)
adding: weka/gui/beans/icons/SerializedInstancesSaver.gif(in = 2781) (out= 2786)(deflated 0%)
adding: weka/gui/beans/icons/SerializedInstancesSaver_animated.gif(in = 2781) (out= 2786)(deflated 0%)
adding: weka/gui/beans/icons/SerializedModelSaver.gif(in = 2781) (out= 2786)(deflated 0%)
adding: weka/gui/beans/icons/SerializedModelSaver_animated.gif(in = 2781) (out= 2786)(deflated 0%)
adding: weka/gui/beans/icons/SimpleKMeans.gif(in = 2711) (out= 2716)(deflated 0%)
adding: weka/gui/beans/icons/SimpleKMeans_animated.gif(in = 2711) (out= 2716)(deflated 0%)
adding: weka/gui/beans/icons/SimpleLinearRegression.gif(in = 3080) (out= 3065)(deflated 0%)
adding: weka/gui/beans/icons/SimpleLinearRegression_animated.gif(in = 3080) (out= 3065)(deflated 0%)
adding: weka/gui/beans/icons/SimpleLogistic.gif(in = 3072) (out= 3053)(deflated 0%)
adding: weka/gui/beans/icons/SimpleLogistic_animated.gif(in = 3072) (out= 3053)(deflated 0%)
adding: weka/gui/beans/icons/Sorter.gif(in = 3485) (out= 3490)(deflated 0%)
adding: weka/gui/beans/icons/Sorter_animated.gif(in = 3485) (out= 3490)(deflated 0%)
adding: weka/gui/beans/icons/Stacking.gif(in = 2503) (out= 2508)(deflated 0%)
adding: weka/gui/beans/icons/StackingC.gif(in = 2910) (out= 2915)(deflated 0%)
adding: weka/gui/beans/icons/StackingC_animated.gif(in = 2910) (out= 2915)(deflated 0%)
adding: weka/gui/beans/icons/Stacking_animated.gif(in = 2503) (out= 2508)(deflated 0%)
adding: weka/gui/beans/icons/Stop24.gif(in = 777) (out= 670)(deflated 13%)
adding: weka/gui/beans/icons/StripChart.gif(in = 2910) (out= 2915)(deflated 0%)
adding: weka/gui/beans/icons/StripChart_animated.gif(in = 2910) (out= 2915)(deflated 0%)
adding: weka/gui/beans/icons/TestSetMaker.gif(in = 2667) (out= 2672)(deflated 0%)
adding: weka/gui/beans/icons/TestSetMaker_animated.gif(in = 2667) (out= 2672)(deflated 0%)
adding: weka/gui/beans/icons/ThresholdSelector.gif(in = 3032) (out= 3037)(deflated 0%)
adding: weka/gui/beans/icons/ThresholdSelector_animated.gif(in = 3032) (out= 3037)(deflated 0%)
adding: weka/gui/beans/icons/TrainTestSplitMaker.gif(in = 2653) (out= 2658)(deflated 0%)
adding: weka/gui/beans/icons/TrainTestSplitMaker_animated.gif(in = 2653) (out= 2658)(deflated 0%)
adding: weka/gui/beans/icons/TrainingSetMaker.gif(in = 2650) (out= 2655)(deflated 0%)
adding: weka/gui/beans/icons/TrainingSetMaker_animated.gif(in = 2650) (out= 2655)(deflated 0%)
adding: weka/gui/beans/icons/UserClassifier.gif(in = 2943) (out= 2948)(deflated 0%)
adding: weka/gui/beans/icons/UserClassifier_animated.gif(in = 2943) (out= 2948)(deflated 0%)
adding: weka/gui/beans/icons/Vote.gif(in = 2894) (out= 2899)(deflated 0%)
adding: weka/gui/beans/icons/Vote_animated.gif(in = 2894) (out= 2899)(deflated 0%)
adding: weka/gui/beans/icons/VotedPerceptron.gif(in = 2915) (out= 2920)(deflated 0%)
adding: weka/gui/beans/icons/VotedPerceptron_animated.gif(in = 2915) (out= 2920)(deflated 0%)
adding: weka/gui/beans/icons/Winnow.gif(in = 2991) (out= 2982)(deflated 0%)
adding: weka/gui/beans/icons/Winnow_animated.gif(in = 2991) (out= 2982)(deflated 0%)
adding: weka/gui/beans/icons/XMeans.gif(in = 2625) (out= 2630)(deflated 0%)
adding: weka/gui/beans/icons/XMeans_animated.gif(in = 2625) (out= 2630)(deflated 0%)
adding: weka/gui/beans/icons/ZeroR.gif(in = 2976) (out= 2979)(deflated 0%)
adding: weka/gui/beans/icons/ZeroR_animated.gif(in = 2976) (out= 2979)(deflated 0%)
adding: weka/gui/beans/icons/application_view_tile.png(in = 465) (out= 470)(deflated -1%)
adding: weka/gui/beans/icons/arrow_undo.png(in = 631) (out= 636)(deflated 0%)
adding: weka/gui/beans/icons/bricks.png(in = 825) (out= 830)(deflated 0%)
adding: weka/gui/beans/icons/chart_bar.png(in = 541) (out= 546)(deflated 0%)
adding: weka/gui/beans/icons/cog.png(in = 512) (out= 517)(deflated 0%)
adding: weka/gui/beans/icons/cog_go.png(in = 859) (out= 864)(deflated 0%)
adding: weka/gui/beans/icons/cursor.png(in = 354) (out= 359)(deflated -1%)
adding: weka/gui/beans/icons/cut.png(in = 648) (out= 653)(deflated 0%)
adding: weka/gui/beans/icons/database.png(in = 390) (out= 395)(deflated -1%)
adding: weka/gui/beans/icons/delete.png(in = 715) (out= 720)(deflated 0%)
adding: weka/gui/beans/icons/disk.png(in = 620) (out= 625)(deflated 0%)
adding: weka/gui/beans/icons/disk_multiple.png(in = 691) (out= 696)(deflated 0%)
adding: weka/gui/beans/icons/filters.supervised.attribute.AttributeSelection.gif(in = 2945) (out= 2950)(deflated 0%)
adding: weka/gui/beans/icons/filters.supervised.attribute.AttributeSelection_animated.gif(in = 2945) (out= 2950)(deflated 0%)
adding: weka/gui/beans/icons/filters.supervised.attribute.ClassOrder.gif(in = 2988) (out= 2991)(deflated 0%)
adding: weka/gui/beans/icons/filters.supervised.attribute.ClassOrder_animated.gif(in = 2988) (out= 2991)(deflated 0%)
adding: weka/gui/beans/icons/filters.supervised.attribute.Discretize.gif(in = 2978) (out= 2983)(deflated 0%)
adding: weka/gui/beans/icons/filters.supervised.attribute.Discretize_animated.gif(in = 2978) (out= 2983)(deflated 0%)
adding: weka/gui/beans/icons/filters.supervised.attribute.NominalToBinary.gif(in = 2982) (out= 2987)(deflated 0%)
adding: weka/gui/beans/icons/filters.supervised.attribute.NominalToBinary_animated.gif(in = 2982) (out= 2987)(deflated 0%)
adding: weka/gui/beans/icons/filters.supervised.instance.Resample.gif(in = 3040) (out= 3045)(deflated 0%)
adding: weka/gui/beans/icons/filters.supervised.instance.Resample_animated.gif(in = 3040) (out= 3045)(deflated 0%)
adding: weka/gui/beans/icons/filters.supervised.instance.SpreadSubsample.gif(in = 3002) (out= 3007)(deflated 0%)
adding: weka/gui/beans/icons/filters.supervised.instance.SpreadSubsample_animated.gif(in = 3002) (out= 3007)(deflated 0%)
adding: weka/gui/beans/icons/filters.supervised.instance.StratifiedRemoveFolds.gif(in = 2915) (out= 2920)(deflated 0%)
adding: weka/gui/beans/icons/filters.supervised.instance.StratifiedRemoveFolds_animated.gif(in = 2915) (out= 2920)(deflated 0%)
adding: weka/gui/beans/icons/filters.unsupervised.attribute.Add.gif(in = 2993) (out= 2998)(deflated 0%)
adding: weka/gui/beans/icons/filters.unsupervised.attribute.AddCluster.gif(in = 2998) (out= 3003)(deflated 0%)
adding: weka/gui/beans/icons/filters.unsupervised.attribute.AddCluster_animated.gif(in = 2998) (out= 3003)(deflated 0%)
adding: weka/gui/beans/icons/filters.unsupervised.attribute.AddExpression.gif(in = 3031) (out= 3034)(deflated 0%)
adding: weka/gui/beans/icons/filters.unsupervised.attribute.AddExpression_animated.gif(in = 3031) (out= 3034)(deflated 0%)
adding: weka/gui/beans/icons/filters.unsupervised.attribute.AddNoise.gif(in = 3037) (out= 3039)(deflated 0%)
adding: weka/gui/beans/icons/filters.unsupervised.attribute.AddNoise_animated.gif(in = 3037) (out= 3039)(deflated 0%)
adding: weka/gui/beans/icons/filters.unsupervised.attribute.Add_animated.gif(in = 2993) (out= 2998)(deflated 0%)
adding: weka/gui/beans/icons/filters.unsupervised.attribute.ClusterMembership.gif(in = 2970) (out= 2975)(deflated 0%)
adding: weka/gui/beans/icons/filters.unsupervised.attribute.ClusterMembership_animated.gif(in = 2970) (out= 2975)(deflated 0%)
adding: weka/gui/beans/icons/filters.unsupervised.attribute.Copy.gif(in = 2945) (out= 2950)(deflated 0%)
adding: weka/gui/beans/icons/filters.unsupervised.attribute.Copy_animated.gif(in = 2945) (out= 2950)(deflated 0%)
adding: weka/gui/beans/icons/filters.unsupervised.attribute.Discretize.gif(in = 3018) (out= 3023)(deflated 0%)
adding: weka/gui/beans/icons/filters.unsupervised.attribute.Discretize_animated.gif(in = 3018) (out= 3023)(deflated 0%)
adding: weka/gui/beans/icons/filters.unsupervised.attribute.FirstOrder.gif(in = 3031) (out= 3030)(deflated 0%)
adding: weka/gui/beans/icons/filters.unsupervised.attribute.FirstOrder_animated.gif(in = 3031) (out= 3030)(deflated 0%)
adding: weka/gui/beans/icons/filters.unsupervised.attribute.MakeIndicator.gif(in = 3022) (out= 3027)(deflated 0%)
adding: weka/gui/beans/icons/filters.unsupervised.attribute.MakeIndicator_animated.gif(in = 3022) (out= 3027)(deflated 0%)
adding: weka/gui/beans/icons/filters.unsupervised.attribute.MergeTwoValues.gif(in = 2993) (out= 2998)(deflated 0%)
adding: weka/gui/beans/icons/filters.unsupervised.attribute.MergeTwoValues_animated.gif(in = 2993) (out= 2998)(deflated 0%)
adding: weka/gui/beans/icons/filters.unsupervised.attribute.NominalToBinary.gif(in = 3006) (out= 2999)(deflated 0%)
adding: weka/gui/beans/icons/filters.unsupervised.attribute.NominalToBinary_animated.gif(in = 3006) (out= 2999)(deflated 0%)
adding: weka/gui/beans/icons/filters.unsupervised.attribute.Normalize.gif(in = 3035) (out= 3030)(deflated 0%)
adding: weka/gui/beans/icons/filters.unsupervised.attribute.Normalize_animated.gif(in = 3035) (out= 3030)(deflated 0%)
adding: weka/gui/beans/icons/filters.unsupervised.attribute.NumericToBinary.gif(in = 3061) (out= 3058)(deflated 0%)
adding: weka/gui/beans/icons/filters.unsupervised.attribute.NumericToBinary_animated.gif(in = 3061) (out= 3058)(deflated 0%)
adding: weka/gui/beans/icons/filters.unsupervised.attribute.NumericTransform.gif(in = 3015) (out= 3013)(deflated 0%)
adding: weka/gui/beans/icons/filters.unsupervised.attribute.NumericTransform_animated.gif(in = 3015) (out= 3013)(deflated 0%)
adding: weka/gui/beans/icons/filters.unsupervised.attribute.Obfuscate.gif(in = 2993) (out= 2998)(deflated 0%)
adding: weka/gui/beans/icons/filters.unsupervised.attribute.Obfuscate_animated.gif(in = 2993) (out= 2998)(deflated 0%)
adding: weka/gui/beans/icons/filters.unsupervised.attribute.PKIDiscretize.gif(in = 2989) (out= 2994)(deflated 0%)
adding: weka/gui/beans/icons/filters.unsupervised.attribute.PKIDiscretize_animated.gif(in = 2989) (out= 2994)(deflated 0%)
adding: weka/gui/beans/icons/filters.unsupervised.attribute.RandomProjection.gif(in = 2995) (out= 3000)(deflated 0%)
adding: weka/gui/beans/icons/filters.unsupervised.attribute.RandomProjection_animated.gif(in = 2995) (out= 3000)(deflated 0%)
adding: weka/gui/beans/icons/filters.unsupervised.attribute.Remove.gif(in = 3003) (out= 3008)(deflated 0%)
adding: weka/gui/beans/icons/filters.unsupervised.attribute.RemoveType.gif(in = 3035) (out= 3040)(deflated 0%)
adding: weka/gui/beans/icons/filters.unsupervised.attribute.RemoveType_animated.gif(in = 3035) (out= 3040)(deflated 0%)
adding: weka/gui/beans/icons/filters.unsupervised.attribute.RemoveUseless.gif(in = 2993) (out= 2998)(deflated 0%)
adding: weka/gui/beans/icons/filters.unsupervised.attribute.RemoveUseless_animated.gif(in = 2993) (out= 2998)(deflated 0%)
adding: weka/gui/beans/icons/filters.unsupervised.attribute.Remove_animated.gif(in = 3003) (out= 3008)(deflated 0%)
adding: weka/gui/beans/icons/filters.unsupervised.attribute.ReplaceMissingValues.gif(in = 3024) (out= 3029)(deflated 0%)
adding: weka/gui/beans/icons/filters.unsupervised.attribute.ReplaceMissingValues_animated.gif(in = 3024) (out= 3029)(deflated 0%)
adding: weka/gui/beans/icons/filters.unsupervised.attribute.Standardize.gif(in = 3028) (out= 3031)(deflated 0%)
adding: weka/gui/beans/icons/filters.unsupervised.attribute.Standardize_animated.gif(in = 3028) (out= 3031)(deflated 0%)
adding: weka/gui/beans/icons/filters.unsupervised.attribute.StringToNominal.gif(in = 3054) (out= 3056)(deflated 0%)
adding: weka/gui/beans/icons/filters.unsupervised.attribute.StringToNominal_animated.gif(in = 3054) (out= 3056)(deflated 0%)
adding: weka/gui/beans/icons/filters.unsupervised.attribute.StringToWordVector.gif(in = 3021) (out= 3022)(deflated 0%)
adding: weka/gui/beans/icons/filters.unsupervised.attribute.StringToWordVector_animated.gif(in = 3021) (out= 3022)(deflated 0%)
adding: weka/gui/beans/icons/filters.unsupervised.attribute.SwapValues.gif(in = 2985) (out= 2977)(deflated 0%)
adding: weka/gui/beans/icons/filters.unsupervised.attribute.SwapValues_animated.gif(in = 2985) (out= 2977)(deflated 0%)
adding: weka/gui/beans/icons/filters.unsupervised.attribute.TimeSeriesDelta.gif(in = 3022) (out= 3027)(deflated 0%)
adding: weka/gui/beans/icons/filters.unsupervised.attribute.TimeSeriesDelta_animated.gif(in = 3022) (out= 3027)(deflated 0%)
adding: weka/gui/beans/icons/filters.unsupervised.attribute.TimeSeriesTranslate.gif(in = 3022) (out= 3027)(deflated 0%)
adding: weka/gui/beans/icons/filters.unsupervised.attribute.TimeSeriesTranslate_animated.gif(in = 3022) (out= 3027)(deflated 0%)
adding: weka/gui/beans/icons/filters.unsupervised.instance.NonSparseToSparse.gif(in = 3007) (out= 3012)(deflated 0%)
adding: weka/gui/beans/icons/filters.unsupervised.instance.NonSparseToSparse_animated.gif(in = 3007) (out= 3012)(deflated 0%)
adding: weka/gui/beans/icons/filters.unsupervised.instance.Normalize.gif(in = 3047) (out= 3047)(deflated 0%)
adding: weka/gui/beans/icons/filters.unsupervised.instance.Normalize_animated.gif(in = 3047) (out= 3047)(deflated 0%)
adding: weka/gui/beans/icons/filters.unsupervised.instance.Randomize.gif(in = 2984) (out= 2989)(deflated 0%)
adding: weka/gui/beans/icons/filters.unsupervised.instance.Randomize_animated.gif(in = 2984) (out= 2989)(deflated 0%)
adding: weka/gui/beans/icons/filters.unsupervised.instance.RemoveFolds.gif(in = 2966) (out= 2971)(deflated 0%)
adding: weka/gui/beans/icons/filters.unsupervised.instance.RemoveFolds_animated.gif(in = 2966) (out= 2971)(deflated 0%)
adding: weka/gui/beans/icons/filters.unsupervised.instance.RemoveMisclassified.gif(in = 2991) (out= 2996)(deflated 0%)
adding: weka/gui/beans/icons/filters.unsupervised.instance.RemoveMisclassified_animated.gif(in = 2991) (out= 2996)(deflated 0%)
adding: weka/gui/beans/icons/filters.unsupervised.instance.RemovePercentage.gif(in = 3013) (out= 3011)(deflated 0%)
adding: weka/gui/beans/icons/filters.unsupervised.instance.RemovePercentage_animated.gif(in = 3013) (out= 3011)(deflated 0%)
adding: weka/gui/beans/icons/filters.unsupervised.instance.RemoveRange.gif(in = 3006) (out= 3008)(deflated 0%)
adding: weka/gui/beans/icons/filters.unsupervised.instance.RemoveRange_animated.gif(in = 3006) (out= 3008)(deflated 0%)
adding: weka/gui/beans/icons/filters.unsupervised.instance.RemoveWithValues.gif(in = 3006) (out= 3011)(deflated 0%)
adding: weka/gui/beans/icons/filters.unsupervised.instance.RemoveWithValues_animated.gif(in = 3006) (out= 3011)(deflated 0%)
adding: weka/gui/beans/icons/filters.unsupervised.instance.Resample.gif(in = 3011) (out= 3013)(deflated 0%)
adding: weka/gui/beans/icons/filters.unsupervised.instance.Resample_animated.gif(in = 3011) (out= 3013)(deflated 0%)
adding: weka/gui/beans/icons/filters.unsupervised.instance.SparseToNonSparse.gif(in = 3013) (out= 3015)(deflated 0%)
adding: weka/gui/beans/icons/filters.unsupervised.instance.SparseToNonSparse_animated.gif(in = 3013) (out= 3015)(deflated 0%)
adding: weka/gui/beans/icons/folder_add.png(in = 668) (out= 673)(deflated 0%)
adding: weka/gui/beans/icons/help.png(in = 786) (out= 791)(deflated 0%)
adding: weka/gui/beans/icons/note_add.png(in = 641) (out= 646)(deflated 0%)
adding: weka/gui/beans/icons/page_add.png(in = 739) (out= 744)(deflated 0%)
adding: weka/gui/beans/icons/page_copy.png(in = 663) (out= 668)(deflated 0%)
adding: weka/gui/beans/icons/paste_plain.png(in = 605) (out= 610)(deflated 0%)
adding: weka/gui/beans/icons/resultset_last.png(in = 524) (out= 529)(deflated 0%)
adding: weka/gui/beans/icons/resultset_next.png(in = 395) (out= 400)(deflated -1%)
adding: weka/gui/beans/icons/shape_group.png(in = 553) (out= 558)(deflated 0%)
adding: weka/gui/beans/icons/shape_handles.png(in = 538) (out= 543)(deflated 0%)
adding: weka/gui/beans/icons/shape_square.png(in = 353) (out= 358)(deflated -1%)
adding: weka/gui/beans/icons/splash.jpg(in = 28484) (out= 16370)(deflated 42%)
adding: weka/gui/beans/icons/zoom_in.png(in = 725) (out= 730)(deflated 0%)
adding: weka/gui/beans/icons/zoom_out.png(in = 708) (out= 713)(deflated 0%)
adding: weka/gui/beans/templates/(in = 0) (out= 0)(stored 0%)
adding: weka/gui/beans/templates/ROCcurves.kfml(in = 19379) (out= 1990)(deflated 89%)
adding: weka/gui/beans/templates/credit-g.arff(in = 162249) (out= 19298)(deflated 88%)
adding: weka/gui/beans/templates/cvTemplate.kfml(in = 15145) (out= 1796)(deflated 88%)
adding: weka/gui/beans/templates/incrementalLearning.kfml(in = 10143) (out= 1332)(deflated 86%)
adding: weka/gui/beans/templates/iris.arff(in = 7486) (out= 2317)(deflated 69%)
adding: weka/gui/beans/templates/learnAndSaveModel.kfml(in = 14799) (out= 1817)(deflated 87%)
adding: weka/gui/beans/templates/saveCharts.kfml(in = 27847) (out= 2398)(deflated 91%)
adding: weka/gui/beans/templates/templates.props(in = 583) (out= 255)(deflated 56%)
adding: weka/gui/beans/templates/twoClusterers.kfml(in = 18569) (out= 1928)(deflated 89%)
adding: weka/gui/beans/xml/(in = 0) (out= 0)(stored 0%)
adding: weka/gui/beans/xml/XMLBeans.class(in = 34606) (out= 15468)(deflated 55%)
adding: weka/gui/boundaryvisualizer/(in = 0) (out= 0)(stored 0%)
adding: weka/gui/boundaryvisualizer/BoundaryPanel$1.class(in = 2056) (out= 1098)(deflated 46%)
adding: weka/gui/boundaryvisualizer/BoundaryPanel$2.class(in = 1597) (out= 840)(deflated 47%)
adding: weka/gui/boundaryvisualizer/BoundaryPanel$3.class(in = 821) (out= 485)(deflated 40%)
adding: weka/gui/boundaryvisualizer/BoundaryPanel$PlotPanel.class(in = 2164) (out= 1152)(deflated 46%)
adding: weka/gui/boundaryvisualizer/BoundaryPanel$PlotThread.class(in = 7736) (out= 4080)(deflated 47%)
adding: weka/gui/boundaryvisualizer/BoundaryPanel.class(in = 21593) (out= 10314)(deflated 52%)
adding: weka/gui/boundaryvisualizer/BoundaryPanelDistributed$1.class(in = 6912) (out= 3552)(deflated 48%)
adding: weka/gui/boundaryvisualizer/BoundaryPanelDistributed$2.class(in = 1978) (out= 992)(deflated 49%)
adding: weka/gui/boundaryvisualizer/BoundaryPanelDistributed$3.class(in = 865) (out= 492)(deflated 43%)
adding: weka/gui/boundaryvisualizer/BoundaryPanelDistributed.class(in = 11638) (out= 5903)(deflated 49%)
adding: weka/gui/boundaryvisualizer/BoundaryVisualizer$1.class(in = 1497) (out= 817)(deflated 45%)
adding: weka/gui/boundaryvisualizer/BoundaryVisualizer$10.class(in = 872) (out= 454)(deflated 47%)
adding: weka/gui/boundaryvisualizer/BoundaryVisualizer$11.class(in = 1164) (out= 639)(deflated 45%)
adding: weka/gui/boundaryvisualizer/BoundaryVisualizer$12.class(in = 1164) (out= 641)(deflated 44%)
adding: weka/gui/boundaryvisualizer/BoundaryVisualizer$13.class(in = 1183) (out= 650)(deflated 45%)
adding: weka/gui/boundaryvisualizer/BoundaryVisualizer$2.class(in = 1839) (out= 946)(deflated 48%)
adding: weka/gui/boundaryvisualizer/BoundaryVisualizer$3.class(in = 1862) (out= 902)(deflated 51%)
adding: weka/gui/boundaryvisualizer/BoundaryVisualizer$4.class(in = 1848) (out= 896)(deflated 51%)
adding: weka/gui/boundaryvisualizer/BoundaryVisualizer$5.class(in = 1709) (out= 795)(deflated 53%)
adding: weka/gui/boundaryvisualizer/BoundaryVisualizer$6.class(in = 2141) (out= 1092)(deflated 48%)
adding: weka/gui/boundaryvisualizer/BoundaryVisualizer$7.class(in = 1022) (out= 530)(deflated 48%)
adding: weka/gui/boundaryvisualizer/BoundaryVisualizer$8.class(in = 1592) (out= 806)(deflated 49%)
adding: weka/gui/boundaryvisualizer/BoundaryVisualizer$9.class(in = 3183) (out= 1627)(deflated 48%)
adding: weka/gui/boundaryvisualizer/BoundaryVisualizer$AxisPanel.class(in = 4216) (out= 2159)(deflated 48%)
adding: weka/gui/boundaryvisualizer/BoundaryVisualizer.class(in = 22255) (out= 10862)(deflated 51%)
adding: weka/gui/boundaryvisualizer/DataGenerator.class(in = 463) (out= 299)(deflated 35%)
adding: weka/gui/boundaryvisualizer/KDDataGenerator.class(in = 6485) (out= 3712)(deflated 42%)
adding: weka/gui/boundaryvisualizer/RemoteBoundaryVisualizerSubTask.class(in = 7347) (out= 3697)(deflated 49%)
adding: weka/gui/boundaryvisualizer/RemoteResult.class(in = 995) (out= 583)(deflated 41%)
adding: weka/gui/experiment/(in = 0) (out= 0)(stored 0%)
adding: weka/gui/experiment/AbstractSetupPanel.class(in = 2980) (out= 1406)(deflated 52%)
adding: weka/gui/experiment/AlgorithmListPanel$1$1.class(in = 2674) (out= 1359)(deflated 49%)
adding: weka/gui/experiment/AlgorithmListPanel$1$2.class(in = 1558) (out= 802)(deflated 48%)
adding: weka/gui/experiment/AlgorithmListPanel$1$3.class(in = 3094) (out= 1509)(deflated 51%)
adding: weka/gui/experiment/AlgorithmListPanel$1$4.class(in = 2703) (out= 1351)(deflated 50%)
adding: weka/gui/experiment/AlgorithmListPanel$1.class(in = 2661) (out= 1325)(deflated 50%)
adding: weka/gui/experiment/AlgorithmListPanel$2.class(in = 790) (out= 424)(deflated 46%)
adding: weka/gui/experiment/AlgorithmListPanel$3.class(in = 1182) (out= 575)(deflated 51%)
adding: weka/gui/experiment/AlgorithmListPanel$4.class(in = 894) (out= 439)(deflated 50%)
adding: weka/gui/experiment/AlgorithmListPanel$5.class(in = 817) (out= 483)(deflated 40%)
adding: weka/gui/experiment/AlgorithmListPanel$ObjectCellRenderer.class(in = 1833) (out= 964)(deflated 47%)
adding: weka/gui/experiment/AlgorithmListPanel.class(in = 12390) (out= 5904)(deflated 52%)
adding: weka/gui/experiment/DatasetListPanel$1.class(in = 880) (out= 435)(deflated 50%)
adding: weka/gui/experiment/DatasetListPanel$2.class(in = 1238) (out= 680)(deflated 45%)
adding: weka/gui/experiment/DatasetListPanel$3.class(in = 809) (out= 477)(deflated 41%)
adding: weka/gui/experiment/DatasetListPanel.class(in = 11100) (out= 5704)(deflated 48%)
adding: weka/gui/experiment/DistributeExperimentPanel$1.class(in = 824) (out= 427)(deflated 48%)
adding: weka/gui/experiment/DistributeExperimentPanel$2.class(in = 1302) (out= 657)(deflated 49%)
adding: weka/gui/experiment/DistributeExperimentPanel$3.class(in = 824) (out= 427)(deflated 48%)
adding: weka/gui/experiment/DistributeExperimentPanel$4.class(in = 915) (out= 465)(deflated 49%)
adding: weka/gui/experiment/DistributeExperimentPanel$5.class(in = 845) (out= 481)(deflated 43%)
adding: weka/gui/experiment/DistributeExperimentPanel.class(in = 5578) (out= 2665)(deflated 52%)
adding: weka/gui/experiment/Experimenter$1.class(in = 1396) (out= 681)(deflated 51%)
adding: weka/gui/experiment/Experimenter$2.class(in = 793) (out= 469)(deflated 40%)
adding: weka/gui/experiment/Experimenter$3.class(in = 1161) (out= 683)(deflated 41%)
adding: weka/gui/experiment/Experimenter.class(in = 4966) (out= 2529)(deflated 49%)
adding: weka/gui/experiment/Experimenter.props(in = 2502) (out= 1010)(deflated 59%)
adding: weka/gui/experiment/ExperimenterDefaults.class(in = 6244) (out= 2967)(deflated 52%)
adding: weka/gui/experiment/GeneratorPropertyIteratorPanel$1.class(in = 1316) (out= 635)(deflated 51%)
adding: weka/gui/experiment/GeneratorPropertyIteratorPanel$2.class(in = 865) (out= 483)(deflated 44%)
adding: weka/gui/experiment/GeneratorPropertyIteratorPanel.class(in = 7538) (out= 3769)(deflated 50%)
adding: weka/gui/experiment/HostListPanel$1.class(in = 797) (out= 475)(deflated 40%)
adding: weka/gui/experiment/HostListPanel.class(in = 4371) (out= 2326)(deflated 46%)
adding: weka/gui/experiment/OutputFormatDialog$1.class(in = 803) (out= 436)(deflated 45%)
adding: weka/gui/experiment/OutputFormatDialog$2.class(in = 803) (out= 437)(deflated 45%)
adding: weka/gui/experiment/OutputFormatDialog$3.class(in = 797) (out= 438)(deflated 45%)
adding: weka/gui/experiment/OutputFormatDialog$4.class(in = 803) (out= 438)(deflated 45%)
adding: weka/gui/experiment/OutputFormatDialog$5.class(in = 803) (out= 435)(deflated 45%)
adding: weka/gui/experiment/OutputFormatDialog$6.class(in = 1486) (out= 745)(deflated 49%)
adding: weka/gui/experiment/OutputFormatDialog$7.class(in = 1059) (out= 548)(deflated 48%)
adding: weka/gui/experiment/OutputFormatDialog$8.class(in = 842) (out= 470)(deflated 44%)
adding: weka/gui/experiment/OutputFormatDialog$9.class(in = 876) (out= 491)(deflated 43%)
adding: weka/gui/experiment/OutputFormatDialog.class(in = 10041) (out= 4833)(deflated 51%)
adding: weka/gui/experiment/ResultsPanel$1$1.class(in = 953) (out= 500)(deflated 47%)
adding: weka/gui/experiment/ResultsPanel$1.class(in = 972) (out= 519)(deflated 46%)
adding: weka/gui/experiment/ResultsPanel$10.class(in = 750) (out= 425)(deflated 43%)
adding: weka/gui/experiment/ResultsPanel$11.class(in = 868) (out= 498)(deflated 42%)
adding: weka/gui/experiment/ResultsPanel$12.class(in = 748) (out= 426)(deflated 43%)
adding: weka/gui/experiment/ResultsPanel$13.class(in = 747) (out= 422)(deflated 43%)
adding: weka/gui/experiment/ResultsPanel$14.class(in = 816) (out= 456)(deflated 44%)
adding: weka/gui/experiment/ResultsPanel$15.class(in = 837) (out= 465)(deflated 44%)
adding: weka/gui/experiment/ResultsPanel$16.class(in = 795) (out= 477)(deflated 40%)
adding: weka/gui/experiment/ResultsPanel$2$1.class(in = 867) (out= 480)(deflated 44%)
adding: weka/gui/experiment/ResultsPanel$2.class(in = 972) (out= 520)(deflated 46%)
adding: weka/gui/experiment/ResultsPanel$3$1.class(in = 954) (out= 509)(deflated 46%)
adding: weka/gui/experiment/ResultsPanel$3.class(in = 1281) (out= 690)(deflated 46%)
adding: weka/gui/experiment/ResultsPanel$4.class(in = 759) (out= 434)(deflated 42%)
adding: weka/gui/experiment/ResultsPanel$5.class(in = 758) (out= 433)(deflated 42%)
adding: weka/gui/experiment/ResultsPanel$6.class(in = 762) (out= 435)(deflated 42%)
adding: weka/gui/experiment/ResultsPanel$7.class(in = 757) (out= 434)(deflated 42%)
adding: weka/gui/experiment/ResultsPanel$8.class(in = 758) (out= 435)(deflated 42%)
adding: weka/gui/experiment/ResultsPanel$9.class(in = 761) (out= 432)(deflated 43%)
adding: weka/gui/experiment/ResultsPanel.class(in = 31662) (out= 15721)(deflated 50%)
adding: weka/gui/experiment/RunNumberPanel$1.class(in = 846) (out= 458)(deflated 45%)
adding: weka/gui/experiment/RunNumberPanel$2.class(in = 850) (out= 458)(deflated 46%)
adding: weka/gui/experiment/RunNumberPanel$3.class(in = 846) (out= 459)(deflated 45%)
adding: weka/gui/experiment/RunNumberPanel$4.class(in = 850) (out= 461)(deflated 45%)
adding: weka/gui/experiment/RunNumberPanel$5.class(in = 801) (out= 472)(deflated 41%)
adding: weka/gui/experiment/RunNumberPanel.class(in = 4060) (out= 2031)(deflated 49%)
adding: weka/gui/experiment/RunPanel$1.class(in = 1290) (out= 698)(deflated 45%)
adding: weka/gui/experiment/RunPanel$ExperimentRunner$1.class(in = 1541) (out= 748)(deflated 51%)
adding: weka/gui/experiment/RunPanel$ExperimentRunner.class(in = 5088) (out= 2669)(deflated 47%)
adding: weka/gui/experiment/RunPanel.class(in = 6022) (out= 3174)(deflated 47%)
adding: weka/gui/experiment/SetupModePanel$1.class(in = 1171) (out= 602)(deflated 48%)
adding: weka/gui/experiment/SetupModePanel.class(in = 3833) (out= 1933)(deflated 49%)
adding: weka/gui/experiment/SetupPanel$1.class(in = 734) (out= 419)(deflated 42%)
adding: weka/gui/experiment/SetupPanel$10.class(in = 932) (out= 520)(deflated 44%)
adding: weka/gui/experiment/SetupPanel$11.class(in = 934) (out= 507)(deflated 45%)
adding: weka/gui/experiment/SetupPanel$12.class(in = 938) (out= 508)(deflated 45%)
adding: weka/gui/experiment/SetupPanel$13.class(in = 2090) (out= 1107)(deflated 47%)
adding: weka/gui/experiment/SetupPanel$2.class(in = 1463) (out= 735)(deflated 49%)
adding: weka/gui/experiment/SetupPanel$3.class(in = 816) (out= 451)(deflated 44%)
adding: weka/gui/experiment/SetupPanel$4.class(in = 734) (out= 423)(deflated 42%)
adding: weka/gui/experiment/SetupPanel$5.class(in = 734) (out= 422)(deflated 42%)
adding: weka/gui/experiment/SetupPanel$6.class(in = 734) (out= 419)(deflated 42%)
adding: weka/gui/experiment/SetupPanel$7.class(in = 1522) (out= 722)(deflated 52%)
adding: weka/gui/experiment/SetupPanel$8.class(in = 1300) (out= 635)(deflated 51%)
adding: weka/gui/experiment/SetupPanel$9.class(in = 793) (out= 450)(deflated 43%)
adding: weka/gui/experiment/SetupPanel.class(in = 15251) (out= 7209)(deflated 52%)
adding: weka/gui/experiment/SimpleSetupPanel$1.class(in = 3163) (out= 1585)(deflated 49%)
adding: weka/gui/experiment/SimpleSetupPanel$10.class(in = 959) (out= 458)(deflated 52%)
adding: weka/gui/experiment/SimpleSetupPanel$11.class(in = 959) (out= 458)(deflated 52%)
adding: weka/gui/experiment/SimpleSetupPanel$12.class(in = 831) (out= 460)(deflated 44%)
adding: weka/gui/experiment/SimpleSetupPanel$13.class(in = 968) (out= 530)(deflated 45%)
adding: weka/gui/experiment/SimpleSetupPanel$14.class(in = 970) (out= 516)(deflated 46%)
adding: weka/gui/experiment/SimpleSetupPanel$15.class(in = 974) (out= 516)(deflated 47%)
adding: weka/gui/experiment/SimpleSetupPanel$16.class(in = 772) (out= 429)(deflated 44%)
adding: weka/gui/experiment/SimpleSetupPanel$17.class(in = 772) (out= 432)(deflated 44%)
adding: weka/gui/experiment/SimpleSetupPanel$2.class(in = 770) (out= 427)(deflated 44%)
adding: weka/gui/experiment/SimpleSetupPanel$3.class(in = 770) (out= 424)(deflated 44%)
adding: weka/gui/experiment/SimpleSetupPanel$4.class(in = 1046) (out= 593)(deflated 43%)
adding: weka/gui/experiment/SimpleSetupPanel$5.class(in = 770) (out= 428)(deflated 44%)
adding: weka/gui/experiment/SimpleSetupPanel$6.class(in = 770) (out= 426)(deflated 44%)
adding: weka/gui/experiment/SimpleSetupPanel$7.class(in = 1125) (out= 591)(deflated 47%)
adding: weka/gui/experiment/SimpleSetupPanel$8.class(in = 1125) (out= 590)(deflated 47%)
adding: weka/gui/experiment/SimpleSetupPanel$9.class(in = 957) (out= 453)(deflated 52%)
adding: weka/gui/experiment/SimpleSetupPanel.class(in = 25291) (out= 11902)(deflated 52%)
adding: weka/gui/explorer/(in = 0) (out= 0)(stored 0%)
adding: weka/gui/explorer/AbstractPlotInstances.class(in = 2617) (out= 1272)(deflated 51%)
adding: weka/gui/explorer/AssociationsPanel$1.class(in = 946) (out= 528)(deflated 44%)
adding: weka/gui/explorer/AssociationsPanel$10.class(in = 1108) (out= 587)(deflated 47%)
adding: weka/gui/explorer/AssociationsPanel$11.class(in = 1019) (out= 553)(deflated 45%)
adding: weka/gui/explorer/AssociationsPanel$12.class(in = 1019) (out= 542)(deflated 46%)
adding: weka/gui/explorer/AssociationsPanel$13.class(in = 1047) (out= 546)(deflated 47%)
adding: weka/gui/explorer/AssociationsPanel$14.class(in = 809) (out= 478)(deflated 40%)
adding: weka/gui/explorer/AssociationsPanel$2.class(in = 1522) (out= 829)(deflated 45%)
adding: weka/gui/explorer/AssociationsPanel$3.class(in = 1606) (out= 858)(deflated 46%)
adding: weka/gui/explorer/AssociationsPanel$4.class(in = 1016) (out= 571)(deflated 43%)
adding: weka/gui/explorer/AssociationsPanel$5.class(in = 770) (out= 427)(deflated 44%)
adding: weka/gui/explorer/AssociationsPanel$6.class(in = 1267) (out= 704)(deflated 44%)
adding: weka/gui/explorer/AssociationsPanel$7.class(in = 6815) (out= 3335)(deflated 51%)
adding: weka/gui/explorer/AssociationsPanel$8.class(in = 898) (out= 480)(deflated 46%)
adding: weka/gui/explorer/AssociationsPanel$9.class(in = 1106) (out= 587)(deflated 46%)
adding: weka/gui/explorer/AssociationsPanel$AssociationsPanelDefaults.class(in = 2217) (out= 1093)(deflated 50%)
adding: weka/gui/explorer/AssociationsPanel.class(in = 18152) (out= 8661)(deflated 52%)
adding: weka/gui/explorer/AttributeSelectionPanel$1.class(in = 808) (out= 431)(deflated 46%)
adding: weka/gui/explorer/AttributeSelectionPanel$10.class(in = 11901) (out= 5686)(deflated 52%)
adding: weka/gui/explorer/AttributeSelectionPanel$11.class(in = 932) (out= 496)(deflated 46%)
adding: weka/gui/explorer/AttributeSelectionPanel$12.class(in = 1131) (out= 580)(deflated 48%)
adding: weka/gui/explorer/AttributeSelectionPanel$13.class(in = 1131) (out= 582)(deflated 48%)
adding: weka/gui/explorer/AttributeSelectionPanel$14.class(in = 1042) (out= 543)(deflated 47%)
adding: weka/gui/explorer/AttributeSelectionPanel$15.class(in = 1042) (out= 533)(deflated 48%)
adding: weka/gui/explorer/AttributeSelectionPanel$16.class(in = 967) (out= 506)(deflated 47%)
adding: weka/gui/explorer/AttributeSelectionPanel$17.class(in = 962) (out= 507)(deflated 47%)
adding: weka/gui/explorer/AttributeSelectionPanel$18.class(in = 1254) (out= 611)(deflated 51%)
adding: weka/gui/explorer/AttributeSelectionPanel$19.class(in = 833) (out= 486)(deflated 41%)
adding: weka/gui/explorer/AttributeSelectionPanel$2.class(in = 982) (out= 532)(deflated 45%)
adding: weka/gui/explorer/AttributeSelectionPanel$3.class(in = 3127) (out= 1569)(deflated 49%)
adding: weka/gui/explorer/AttributeSelectionPanel$4.class(in = 2478) (out= 1213)(deflated 51%)
adding: weka/gui/explorer/AttributeSelectionPanel$5.class(in = 1033) (out= 526)(deflated 49%)
adding: weka/gui/explorer/AttributeSelectionPanel$6.class(in = 1060) (out= 575)(deflated 45%)
adding: weka/gui/explorer/AttributeSelectionPanel$7.class(in = 814) (out= 431)(deflated 47%)
adding: weka/gui/explorer/AttributeSelectionPanel$8.class(in = 1545) (out= 837)(deflated 45%)
adding: weka/gui/explorer/AttributeSelectionPanel$9.class(in = 1303) (out= 712)(deflated 45%)
adding: weka/gui/explorer/AttributeSelectionPanel$AttributeSelectionPanelDefaults.class(in = 3475) (out= 1596)(deflated 54%)
adding: weka/gui/explorer/AttributeSelectionPanel$TestMode.class(in = 1234) (out= 595)(deflated 51%)
adding: weka/gui/explorer/AttributeSelectionPanel.class(in = 23695) (out= 11426)(deflated 51%)
adding: weka/gui/explorer/ClassifierErrorsPlotInstances.class(in = 12944) (out= 6240)(deflated 51%)
adding: weka/gui/explorer/ClassifierPanel$1.class(in = 760) (out= 426)(deflated 43%)
adding: weka/gui/explorer/ClassifierPanel$10.class(in = 1547) (out= 829)(deflated 46%)
adding: weka/gui/explorer/ClassifierPanel$11.class(in = 1499) (out= 822)(deflated 45%)
adding: weka/gui/explorer/ClassifierPanel$12$1.class(in = 1125) (out= 578)(deflated 48%)
adding: weka/gui/explorer/ClassifierPanel$12$2.class(in = 1100) (out= 576)(deflated 47%)
adding: weka/gui/explorer/ClassifierPanel$12$3.class(in = 1489) (out= 752)(deflated 49%)
adding: weka/gui/explorer/ClassifierPanel$12.class(in = 4707) (out= 2421)(deflated 48%)
adding: weka/gui/explorer/ClassifierPanel$13.class(in = 959) (out= 471)(deflated 50%)
adding: weka/gui/explorer/ClassifierPanel$14.class(in = 959) (out= 470)(deflated 50%)
adding: weka/gui/explorer/ClassifierPanel$15.class(in = 972) (out= 529)(deflated 45%)
adding: weka/gui/explorer/ClassifierPanel$16.class(in = 1257) (out= 708)(deflated 43%)
adding: weka/gui/explorer/ClassifierPanel$17.class(in = 1088) (out= 563)(deflated 48%)
adding: weka/gui/explorer/ClassifierPanel$18.class(in = 24710) (out= 11850)(deflated 52%)
adding: weka/gui/explorer/ClassifierPanel$19.class(in = 1083) (out= 578)(deflated 46%)
adding: weka/gui/explorer/ClassifierPanel$2.class(in = 934) (out= 522)(deflated 44%)
adding: weka/gui/explorer/ClassifierPanel$20.class(in = 1083) (out= 580)(deflated 46%)
adding: weka/gui/explorer/ClassifierPanel$21.class(in = 994) (out= 544)(deflated 45%)
adding: weka/gui/explorer/ClassifierPanel$22.class(in = 994) (out= 535)(deflated 46%)
adding: weka/gui/explorer/ClassifierPanel$23.class(in = 801) (out= 449)(deflated 43%)
adding: weka/gui/explorer/ClassifierPanel$24.class(in = 1244) (out= 618)(deflated 50%)
adding: weka/gui/explorer/ClassifierPanel$25.class(in = 1245) (out= 624)(deflated 49%)
adding: weka/gui/explorer/ClassifierPanel$26.class(in = 1025) (out= 529)(deflated 48%)
adding: weka/gui/explorer/ClassifierPanel$27.class(in = 962) (out= 494)(deflated 48%)
adding: weka/gui/explorer/ClassifierPanel$28.class(in = 1374) (out= 704)(deflated 48%)
adding: weka/gui/explorer/ClassifierPanel$29$1.class(in = 1050) (out= 556)(deflated 47%)
adding: weka/gui/explorer/ClassifierPanel$29.class(in = 1117) (out= 584)(deflated 47%)
adding: weka/gui/explorer/ClassifierPanel$3.class(in = 1592) (out= 852)(deflated 46%)
adding: weka/gui/explorer/ClassifierPanel$30.class(in = 2524) (out= 1264)(deflated 49%)
adding: weka/gui/explorer/ClassifierPanel$31.class(in = 2854) (out= 1503)(deflated 47%)
adding: weka/gui/explorer/ClassifierPanel$32.class(in = 3528) (out= 1856)(deflated 47%)
adding: weka/gui/explorer/ClassifierPanel$33.class(in = 3108) (out= 1615)(deflated 48%)
adding: weka/gui/explorer/ClassifierPanel$34.class(in = 888) (out= 483)(deflated 45%)
adding: weka/gui/explorer/ClassifierPanel$35.class(in = 892) (out= 483)(deflated 45%)
adding: weka/gui/explorer/ClassifierPanel$36.class(in = 921) (out= 497)(deflated 46%)
adding: weka/gui/explorer/ClassifierPanel$37.class(in = 899) (out= 481)(deflated 46%)
adding: weka/gui/explorer/ClassifierPanel$38.class(in = 16648) (out= 7729)(deflated 53%)
adding: weka/gui/explorer/ClassifierPanel$39.class(in = 801) (out= 477)(deflated 40%)
adding: weka/gui/explorer/ClassifierPanel$4.class(in = 972) (out= 539)(deflated 44%)
adding: weka/gui/explorer/ClassifierPanel$5.class(in = 754) (out= 425)(deflated 43%)
adding: weka/gui/explorer/ClassifierPanel$6.class(in = 1136) (out= 631)(deflated 44%)
adding: weka/gui/explorer/ClassifierPanel$7$1.class(in = 1301) (out= 669)(deflated 48%)
adding: weka/gui/explorer/ClassifierPanel$7.class(in = 2332) (out= 1188)(deflated 49%)
adding: weka/gui/explorer/ClassifierPanel$8.class(in = 1004) (out= 565)(deflated 43%)
adding: weka/gui/explorer/ClassifierPanel$9.class(in = 758) (out= 422)(deflated 44%)
adding: weka/gui/explorer/ClassifierPanel$ClassifierPanelDefaults.class(in = 6409) (out= 2843)(deflated 55%)
adding: weka/gui/explorer/ClassifierPanel$TestMode.class(in = 1293) (out= 657)(deflated 49%)
adding: weka/gui/explorer/ClassifierPanel.class(in = 49161) (out= 22807)(deflated 53%)
adding: weka/gui/explorer/ClassifierPanelLaunchHandlerPlugin.class(in = 310) (out= 203)(deflated 34%)
adding: weka/gui/explorer/ClustererAssignmentsPlotInstances.class(in = 4734) (out= 2316)(deflated 51%)
adding: weka/gui/explorer/ClustererPanel$1.class(in = 754) (out= 428)(deflated 43%)
adding: weka/gui/explorer/ClustererPanel$10.class(in = 950) (out= 469)(deflated 50%)
adding: weka/gui/explorer/ClustererPanel$11.class(in = 950) (out= 469)(deflated 50%)
adding: weka/gui/explorer/ClustererPanel$12.class(in = 966) (out= 529)(deflated 45%)
adding: weka/gui/explorer/ClustererPanel$13.class(in = 1251) (out= 702)(deflated 43%)
adding: weka/gui/explorer/ClustererPanel$14.class(in = 1062) (out= 556)(deflated 47%)
adding: weka/gui/explorer/ClustererPanel$15.class(in = 13728) (out= 6657)(deflated 51%)
adding: weka/gui/explorer/ClustererPanel$16.class(in = 882) (out= 483)(deflated 45%)
adding: weka/gui/explorer/ClustererPanel$17.class(in = 882) (out= 482)(deflated 45%)
adding: weka/gui/explorer/ClustererPanel$18.class(in = 895) (out= 487)(deflated 45%)
adding: weka/gui/explorer/ClustererPanel$19.class(in = 1086) (out= 582)(deflated 46%)
adding: weka/gui/explorer/ClustererPanel$2.class(in = 928) (out= 521)(deflated 43%)
adding: weka/gui/explorer/ClustererPanel$20.class(in = 1086) (out= 582)(deflated 46%)
adding: weka/gui/explorer/ClustererPanel$21.class(in = 997) (out= 543)(deflated 45%)
adding: weka/gui/explorer/ClustererPanel$22.class(in = 997) (out= 533)(deflated 46%)
adding: weka/gui/explorer/ClustererPanel$23.class(in = 803) (out= 449)(deflated 44%)
adding: weka/gui/explorer/ClustererPanel$24.class(in = 1293) (out= 656)(deflated 49%)
adding: weka/gui/explorer/ClustererPanel$25.class(in = 1295) (out= 662)(deflated 48%)
adding: weka/gui/explorer/ClustererPanel$26.class(in = 1022) (out= 534)(deflated 47%)
adding: weka/gui/explorer/ClustererPanel$27.class(in = 967) (out= 499)(deflated 48%)
adding: weka/gui/explorer/ClustererPanel$28.class(in = 1377) (out= 714)(deflated 48%)
adding: weka/gui/explorer/ClustererPanel$29.class(in = 7716) (out= 3624)(deflated 53%)
adding: weka/gui/explorer/ClustererPanel$3.class(in = 1580) (out= 835)(deflated 47%)
adding: weka/gui/explorer/ClustererPanel$30.class(in = 797) (out= 475)(deflated 40%)
adding: weka/gui/explorer/ClustererPanel$4.class(in = 748) (out= 420)(deflated 43%)
adding: weka/gui/explorer/ClustererPanel$5.class(in = 997) (out= 560)(deflated 43%)
adding: weka/gui/explorer/ClustererPanel$6.class(in = 751) (out= 422)(deflated 43%)
adding: weka/gui/explorer/ClustererPanel$7.class(in = 748) (out= 424)(deflated 43%)
adding: weka/gui/explorer/ClustererPanel$8.class(in = 1500) (out= 831)(deflated 44%)
adding: weka/gui/explorer/ClustererPanel$9.class(in = 962) (out= 510)(deflated 46%)
adding: weka/gui/explorer/ClustererPanel$ClustererPanelDefaults.class(in = 2813) (out= 1387)(deflated 50%)
adding: weka/gui/explorer/ClustererPanel$TestMode.class(in = 1297) (out= 673)(deflated 48%)
adding: weka/gui/explorer/ClustererPanel.class(in = 37115) (out= 18114)(deflated 51%)
adding: weka/gui/explorer/ClustererPanelLaunchHandlerPlugin.class(in = 306) (out= 201)(deflated 34%)
adding: weka/gui/explorer/DataGeneratorPanel$1.class(in = 780) (out= 419)(deflated 46%)
adding: weka/gui/explorer/DataGeneratorPanel.class(in = 4177) (out= 2096)(deflated 49%)
adding: weka/gui/explorer/Explorer$1.class(in = 1341) (out= 721)(deflated 46%)
adding: weka/gui/explorer/Explorer$2.class(in = 771) (out= 468)(deflated 39%)
adding: weka/gui/explorer/Explorer$3.class(in = 1127) (out= 684)(deflated 39%)
adding: weka/gui/explorer/Explorer$CapabilitiesFilterChangeEvent.class(in = 814) (out= 451)(deflated 44%)
adding: weka/gui/explorer/Explorer$CapabilitiesFilterChangeListener.class(in = 479) (out= 229)(deflated 52%)
adding: weka/gui/explorer/Explorer$ExplorerPanel.class(in = 443) (out= 246)(deflated 44%)
adding: weka/gui/explorer/Explorer$LogHandler.class(in = 242) (out= 174)(deflated 28%)
adding: weka/gui/explorer/Explorer.class(in = 9210) (out= 4411)(deflated 52%)
adding: weka/gui/explorer/Explorer.props(in = 6469) (out= 2050)(deflated 68%)
adding: weka/gui/explorer/ExplorerDefaults.class(in = 9341) (out= 3751)(deflated 59%)
adding: weka/gui/explorer/PreprocessPanel$1.class(in = 1860) (out= 981)(deflated 47%)
adding: weka/gui/explorer/PreprocessPanel$10.class(in = 750) (out= 419)(deflated 44%)
adding: weka/gui/explorer/PreprocessPanel$11.class(in = 750) (out= 418)(deflated 44%)
adding: weka/gui/explorer/PreprocessPanel$12.class(in = 773) (out= 435)(deflated 43%)
adding: weka/gui/explorer/PreprocessPanel$13.class(in = 960) (out= 520)(deflated 45%)
adding: weka/gui/explorer/PreprocessPanel$14.class(in = 1462) (out= 772)(deflated 47%)
adding: weka/gui/explorer/PreprocessPanel$15.class(in = 2487) (out= 1315)(deflated 47%)
adding: weka/gui/explorer/PreprocessPanel$16.class(in = 1063) (out= 567)(deflated 46%)
adding: weka/gui/explorer/PreprocessPanel$17$1.class(in = 1023) (out= 546)(deflated 46%)
adding: weka/gui/explorer/PreprocessPanel$17.class(in = 2039) (out= 1071)(deflated 47%)
adding: weka/gui/explorer/PreprocessPanel$18.class(in = 1653) (out= 868)(deflated 47%)
adding: weka/gui/explorer/PreprocessPanel$19.class(in = 1445) (out= 727)(deflated 49%)
adding: weka/gui/explorer/PreprocessPanel$2.class(in = 764) (out= 433)(deflated 43%)
adding: weka/gui/explorer/PreprocessPanel$20$1.class(in = 1219) (out= 626)(deflated 48%)
adding: weka/gui/explorer/PreprocessPanel$20.class(in = 6122) (out= 2959)(deflated 51%)
adding: weka/gui/explorer/PreprocessPanel$21.class(in = 3640) (out= 1920)(deflated 47%)
adding: weka/gui/explorer/PreprocessPanel$22.class(in = 1503) (out= 776)(deflated 48%)
adding: weka/gui/explorer/PreprocessPanel$23$1.class(in = 1845) (out= 899)(deflated 51%)
adding: weka/gui/explorer/PreprocessPanel$23.class(in = 2674) (out= 1414)(deflated 47%)
adding: weka/gui/explorer/PreprocessPanel$24.class(in = 2217) (out= 1173)(deflated 47%)
adding: weka/gui/explorer/PreprocessPanel$25.class(in = 915) (out= 504)(deflated 44%)
adding: weka/gui/explorer/PreprocessPanel$26.class(in = 1168) (out= 590)(deflated 49%)
adding: weka/gui/explorer/PreprocessPanel$27.class(in = 2108) (out= 1091)(deflated 48%)
adding: weka/gui/explorer/PreprocessPanel$28.class(in = 2232) (out= 1123)(deflated 49%)
adding: weka/gui/explorer/PreprocessPanel$29$1.class(in = 930) (out= 478)(deflated 48%)
adding: weka/gui/explorer/PreprocessPanel$29.class(in = 2002) (out= 1040)(deflated 48%)
adding: weka/gui/explorer/PreprocessPanel$3.class(in = 764) (out= 432)(deflated 43%)
adding: weka/gui/explorer/PreprocessPanel$30.class(in = 2194) (out= 1140)(deflated 48%)
adding: weka/gui/explorer/PreprocessPanel$31.class(in = 801) (out= 478)(deflated 40%)
adding: weka/gui/explorer/PreprocessPanel$4.class(in = 1272) (out= 709)(deflated 44%)
adding: weka/gui/explorer/PreprocessPanel$5.class(in = 765) (out= 432)(deflated 43%)
adding: weka/gui/explorer/PreprocessPanel$6.class(in = 765) (out= 433)(deflated 43%)
adding: weka/gui/explorer/PreprocessPanel$7.class(in = 761) (out= 431)(deflated 43%)
adding: weka/gui/explorer/PreprocessPanel$8.class(in = 761) (out= 428)(deflated 43%)
adding: weka/gui/explorer/PreprocessPanel$9.class(in = 748) (out= 419)(deflated 43%)
adding: weka/gui/explorer/PreprocessPanel$PreprocessDefaults.class(in = 2485) (out= 1259)(deflated 49%)
adding: weka/gui/explorer/PreprocessPanel.class(in = 30661) (out= 14533)(deflated 52%)
adding: weka/gui/explorer/VisualizePanel$1.class(in = 795) (out= 474)(deflated 40%)
adding: weka/gui/explorer/VisualizePanel$ScatterDefaults.class(in = 1441) (out= 765)(deflated 46%)
adding: weka/gui/explorer/VisualizePanel.class(in = 4363) (out= 2189)(deflated 49%)
adding: weka/gui/filters/(in = 0) (out= 0)(stored 0%)
adding: weka/gui/filters/AddUserFieldsCustomizer$1.class(in = 2394) (out= 1203)(deflated 49%)
adding: weka/gui/filters/AddUserFieldsCustomizer$10.class(in = 820) (out= 445)(deflated 45%)
adding: weka/gui/filters/AddUserFieldsCustomizer$2.class(in = 1381) (out= 704)(deflated 49%)
adding: weka/gui/filters/AddUserFieldsCustomizer$3.class(in = 1869) (out= 983)(deflated 47%)
adding: weka/gui/filters/AddUserFieldsCustomizer$4.class(in = 1383) (out= 707)(deflated 48%)
adding: weka/gui/filters/AddUserFieldsCustomizer$5.class(in = 2602) (out= 1339)(deflated 48%)
adding: weka/gui/filters/AddUserFieldsCustomizer$6.class(in = 1595) (out= 853)(deflated 46%)
adding: weka/gui/filters/AddUserFieldsCustomizer$7.class(in = 901) (out= 486)(deflated 46%)
adding: weka/gui/filters/AddUserFieldsCustomizer$8.class(in = 903) (out= 488)(deflated 45%)
adding: weka/gui/filters/AddUserFieldsCustomizer$9.class(in = 814) (out= 442)(deflated 45%)
adding: weka/gui/filters/AddUserFieldsCustomizer.class(in = 7461) (out= 3626)(deflated 51%)
adding: weka/gui/graphvisualizer/(in = 0) (out= 0)(stored 0%)
adding: weka/gui/graphvisualizer/BIFFormatException.class(in = 454) (out= 304)(deflated 33%)
adding: weka/gui/graphvisualizer/BIFParser.class(in = 10894) (out= 5359)(deflated 50%)
adding: weka/gui/graphvisualizer/DotParser.class(in = 8445) (out= 4053)(deflated 52%)
adding: weka/gui/graphvisualizer/GraphConstants.class(in = 337) (out= 231)(deflated 31%)
adding: weka/gui/graphvisualizer/GraphEdge.class(in = 1278) (out= 683)(deflated 46%)
adding: weka/gui/graphvisualizer/GraphNode.class(in = 1168) (out= 608)(deflated 47%)
adding: weka/gui/graphvisualizer/GraphVisualizer$1.class(in = 2344) (out= 1194)(deflated 49%)
adding: weka/gui/graphvisualizer/GraphVisualizer$2.class(in = 2868) (out= 1471)(deflated 48%)
adding: weka/gui/graphvisualizer/GraphVisualizer$3.class(in = 2401) (out= 1186)(deflated 50%)
adding: weka/gui/graphvisualizer/GraphVisualizer$4.class(in = 2446) (out= 1214)(deflated 50%)
adding: weka/gui/graphvisualizer/GraphVisualizer$5.class(in = 1441) (out= 755)(deflated 47%)
adding: weka/gui/graphvisualizer/GraphVisualizer$6.class(in = 2790) (out= 1390)(deflated 50%)
adding: weka/gui/graphvisualizer/GraphVisualizer$7.class(in = 1585) (out= 825)(deflated 47%)
adding: weka/gui/graphvisualizer/GraphVisualizer$GraphPanel.class(in = 10535) (out= 4970)(deflated 52%)
adding: weka/gui/graphvisualizer/GraphVisualizer$GraphVisualizerMouseListener.class(in = 7768) (out= 4011)(deflated 48%)
adding: weka/gui/graphvisualizer/GraphVisualizer$GraphVisualizerMouseMotionListener.class(in = 2844) (out= 1332)(deflated 53%)
adding: weka/gui/graphvisualizer/GraphVisualizer$GraphVisualizerTableModel.class(in = 1642) (out= 795)(deflated 51%)
adding: weka/gui/graphvisualizer/GraphVisualizer.class(in = 14228) (out= 6225)(deflated 56%)
adding: weka/gui/graphvisualizer/HierarchicalBCEngine$1.class(in = 860) (out= 468)(deflated 45%)
adding: weka/gui/graphvisualizer/HierarchicalBCEngine$2.class(in = 2532) (out= 1319)(deflated 47%)
adding: weka/gui/graphvisualizer/HierarchicalBCEngine$MyList.class(in = 1921) (out= 901)(deflated 53%)
adding: weka/gui/graphvisualizer/HierarchicalBCEngine$MyListNode.class(in = 713) (out= 396)(deflated 44%)
adding: weka/gui/graphvisualizer/HierarchicalBCEngine.class(in = 26198) (out= 12819)(deflated 51%)
adding: weka/gui/graphvisualizer/LayoutCompleteEvent.class(in = 464) (out= 309)(deflated 33%)
adding: weka/gui/graphvisualizer/LayoutCompleteEventListener.class(in = 238) (out= 157)(deflated 34%)
adding: weka/gui/graphvisualizer/LayoutEngine.class(in = 859) (out= 379)(deflated 55%)
adding: weka/gui/graphvisualizer/icons/(in = 0) (out= 0)(stored 0%)
adding: weka/gui/graphvisualizer/icons/extra.gif(in = 240) (out= 239)(deflated 0%)
adding: weka/gui/graphvisualizer/icons/preferences.gif(in = 145) (out= 138)(deflated 4%)
adding: weka/gui/graphvisualizer/icons/save.gif(in = 184) (out= 184)(deflated 0%)
adding: weka/gui/graphvisualizer/icons/zoomin.gif(in = 484) (out= 461)(deflated 4%)
adding: weka/gui/graphvisualizer/icons/zoomout.gif(in = 477) (out= 457)(deflated 4%)
adding: weka/gui/hierarchyvisualizer/(in = 0) (out= 0)(stored 0%)
adding: weka/gui/hierarchyvisualizer/HierarchyVisualizer$Node.class(in = 3381) (out= 1587)(deflated 53%)
adding: weka/gui/hierarchyvisualizer/HierarchyVisualizer.class(in = 7458) (out= 3952)(deflated 47%)
adding: weka/gui/images/(in = 0) (out= 0)(stored 0%)
adding: weka/gui/images/back.gif(in = 116) (out= 113)(deflated 2%)
adding: weka/gui/images/connect.png(in = 518) (out= 523)(deflated 0%)
adding: weka/gui/images/copy.gif(in = 103) (out= 101)(deflated 1%)
adding: weka/gui/images/cut.gif(in = 89) (out= 85)(deflated 4%)
adding: weka/gui/images/delete.gif(in = 77) (out= 76)(deflated 1%)
adding: weka/gui/images/empty.gif(in = 55) (out= 55)(deflated 0%)
adding: weka/gui/images/empty_small.gif(in = 55) (out= 55)(deflated 0%)
adding: weka/gui/images/error.gif(in = 230) (out= 226)(deflated 1%)
adding: weka/gui/images/error_small.gif(in = 894) (out= 144)(deflated 83%)
adding: weka/gui/images/find.gif(in = 97) (out= 96)(deflated 1%)
adding: weka/gui/images/forward.gif(in = 117) (out= 116)(deflated 0%)
adding: weka/gui/images/history.png(in = 1260) (out= 1248)(deflated 0%)
adding: weka/gui/images/home.gif(in = 210) (out= 202)(deflated 3%)
adding: weka/gui/images/information.gif(in = 225) (out= 226)(deflated 0%)
adding: weka/gui/images/information_small.gif(in = 907) (out= 161)(deflated 82%)
adding: weka/gui/images/new.gif(in = 90) (out= 84)(deflated 6%)
adding: weka/gui/images/objects.gif(in = 159) (out= 134)(deflated 15%)
adding: weka/gui/images/open.gif(in = 112) (out= 101)(deflated 9%)
adding: weka/gui/images/paste.gif(in = 134) (out= 130)(deflated 2%)
adding: weka/gui/images/print.gif(in = 120) (out= 115)(deflated 4%)
adding: weka/gui/images/properties.gif(in = 127) (out= 115)(deflated 9%)
adding: weka/gui/images/question.gif(in = 236) (out= 235)(deflated 0%)
adding: weka/gui/images/question_small.gif(in = 896) (out= 150)(deflated 83%)
adding: weka/gui/images/redo.gif(in = 79) (out= 80)(deflated -1%)
adding: weka/gui/images/resize.gif(in = 860) (out= 445)(deflated 48%)
adding: weka/gui/images/run.gif(in = 65) (out= 65)(deflated 0%)
adding: weka/gui/images/save.gif(in = 102) (out= 102)(deflated 0%)
adding: weka/gui/images/sort.gif(in = 118) (out= 110)(deflated 6%)
adding: weka/gui/images/stop.gif(in = 67) (out= 67)(deflated 0%)
adding: weka/gui/images/undo.gif(in = 81) (out= 79)(deflated 2%)
adding: weka/gui/images/user.png(in = 688) (out= 693)(deflated 0%)
adding: weka/gui/images/weka_background.gif(in = 7263) (out= 6742)(deflated 7%)
adding: weka/gui/images/weka_splash.gif(in = 7844) (out= 7345)(deflated 6%)
adding: weka/gui/knowledgeflow/(in = 0) (out= 0)(stored 0%)
adding: weka/gui/knowledgeflow/AbstractGraphicalCommand.class(in = 799) (out= 446)(deflated 44%)
adding: weka/gui/knowledgeflow/AttributeSummaryPerspective$1.class(in = 1348) (out= 736)(deflated 45%)
adding: weka/gui/knowledgeflow/AttributeSummaryPerspective$AttDefaults.class(in = 1484) (out= 777)(deflated 47%)
adding: weka/gui/knowledgeflow/AttributeSummaryPerspective.class(in = 6500) (out= 3335)(deflated 48%)
adding: weka/gui/knowledgeflow/BaseInteractiveViewer$1.class(in = 815) (out= 431)(deflated 47%)
adding: weka/gui/knowledgeflow/BaseInteractiveViewer$2.class(in = 1700) (out= 819)(deflated 51%)
adding: weka/gui/knowledgeflow/BaseInteractiveViewer$3.class(in = 855) (out= 446)(deflated 47%)
adding: weka/gui/knowledgeflow/BaseInteractiveViewer.class(in = 3622) (out= 1617)(deflated 55%)
adding: weka/gui/knowledgeflow/DesignPanel$1.class(in = 3264) (out= 1601)(deflated 50%)
adding: weka/gui/knowledgeflow/DesignPanel.class(in = 1452) (out= 775)(deflated 46%)
adding: weka/gui/knowledgeflow/GOEStepEditorDialog.class(in = 4251) (out= 2212)(deflated 47%)
adding: weka/gui/knowledgeflow/GetPerspectiveNamesGraphicalCommand.class(in = 2747) (out= 1291)(deflated 53%)
adding: weka/gui/knowledgeflow/GraphicalEnvironmentCommandHandler.class(in = 396) (out= 237)(deflated 40%)
adding: weka/gui/knowledgeflow/InvisibleNode.class(in = 2318) (out= 1282)(deflated 44%)
adding: weka/gui/knowledgeflow/InvisibleTreeModel.class(in = 1656) (out= 819)(deflated 50%)
adding: weka/gui/knowledgeflow/KFGUIConsts.class(in = 811) (out= 468)(deflated 42%)
adding: weka/gui/knowledgeflow/KFGraphicalEnvironmentCommandHandler.class(in = 3087) (out= 1370)(deflated 55%)
adding: weka/gui/knowledgeflow/KnowledgeFlow.class(in = 1525) (out= 840)(deflated 44%)
adding: weka/gui/knowledgeflow/KnowledgeFlowApp$1.class(in = 1153) (out= 680)(deflated 41%)
adding: weka/gui/knowledgeflow/KnowledgeFlowApp$KnowledgeFlowGeneralDefaults.class(in = 2839) (out= 1500)(deflated 47%)
adding: weka/gui/knowledgeflow/KnowledgeFlowApp.class(in = 6709) (out= 3360)(deflated 49%)
adding: weka/gui/knowledgeflow/LayoutPanel$1.class(in = 6927) (out= 3427)(deflated 50%)
adding: weka/gui/knowledgeflow/LayoutPanel$10.class(in = 1377) (out= 730)(deflated 46%)
adding: weka/gui/knowledgeflow/LayoutPanel$11.class(in = 3015) (out= 1417)(deflated 53%)
adding: weka/gui/knowledgeflow/LayoutPanel$12.class(in = 1686) (out= 856)(deflated 49%)
adding: weka/gui/knowledgeflow/LayoutPanel$13.class(in = 1263) (out= 620)(deflated 50%)
adding: weka/gui/knowledgeflow/LayoutPanel$14.class(in = 1439) (out= 698)(deflated 51%)
adding: weka/gui/knowledgeflow/LayoutPanel$15.class(in = 1100) (out= 566)(deflated 48%)
adding: weka/gui/knowledgeflow/LayoutPanel$16.class(in = 1057) (out= 583)(deflated 44%)
adding: weka/gui/knowledgeflow/LayoutPanel$17.class(in = 3287) (out= 1602)(deflated 51%)
adding: weka/gui/knowledgeflow/LayoutPanel$18.class(in = 1395) (out= 599)(deflated 57%)
adding: weka/gui/knowledgeflow/LayoutPanel$19.class(in = 898) (out= 484)(deflated 46%)
adding: weka/gui/knowledgeflow/LayoutPanel$2.class(in = 2569) (out= 1297)(deflated 49%)
adding: weka/gui/knowledgeflow/LayoutPanel$20.class(in = 1143) (out= 569)(deflated 50%)
adding: weka/gui/knowledgeflow/LayoutPanel$3.class(in = 799) (out= 460)(deflated 42%)
adding: weka/gui/knowledgeflow/LayoutPanel$4.class(in = 1342) (out= 731)(deflated 45%)
adding: weka/gui/knowledgeflow/LayoutPanel$5.class(in = 1286) (out= 691)(deflated 46%)
adding: weka/gui/knowledgeflow/LayoutPanel$6.class(in = 1231) (out= 661)(deflated 46%)
adding: weka/gui/knowledgeflow/LayoutPanel$7.class(in = 1306) (out= 710)(deflated 45%)
adding: weka/gui/knowledgeflow/LayoutPanel$8.class(in = 1927) (out= 971)(deflated 49%)
adding: weka/gui/knowledgeflow/LayoutPanel$9.class(in = 796) (out= 455)(deflated 42%)
adding: weka/gui/knowledgeflow/LayoutPanel.class(in = 28198) (out= 13164)(deflated 53%)
adding: weka/gui/knowledgeflow/MainKFPerspective$1.class(in = 962) (out= 523)(deflated 45%)
adding: weka/gui/knowledgeflow/MainKFPerspective$2.class(in = 926) (out= 509)(deflated 45%)
adding: weka/gui/knowledgeflow/MainKFPerspective.class(in = 18003) (out= 8050)(deflated 55%)
adding: weka/gui/knowledgeflow/MainKFPerspectiveToolBar$1.class(in = 1215) (out= 605)(deflated 50%)
adding: weka/gui/knowledgeflow/MainKFPerspectiveToolBar$10.class(in = 961) (out= 492)(deflated 48%)
adding: weka/gui/knowledgeflow/MainKFPerspectiveToolBar$11.class(in = 1017) (out= 518)(deflated 49%)
adding: weka/gui/knowledgeflow/MainKFPerspectiveToolBar$12.class(in = 963) (out= 496)(deflated 48%)
adding: weka/gui/knowledgeflow/MainKFPerspectiveToolBar$13.class(in = 1040) (out= 512)(deflated 50%)
adding: weka/gui/knowledgeflow/MainKFPerspectiveToolBar$14.class(in = 961) (out= 494)(deflated 48%)
adding: weka/gui/knowledgeflow/MainKFPerspectiveToolBar$15.class(in = 1044) (out= 513)(deflated 50%)
adding: weka/gui/knowledgeflow/MainKFPerspectiveToolBar$16.class(in = 961) (out= 490)(deflated 49%)
adding: weka/gui/knowledgeflow/MainKFPerspectiveToolBar$17.class(in = 1844) (out= 934)(deflated 49%)
adding: weka/gui/knowledgeflow/MainKFPerspectiveToolBar$18.class(in = 966) (out= 499)(deflated 48%)
adding: weka/gui/knowledgeflow/MainKFPerspectiveToolBar$19.class(in = 1644) (out= 845)(deflated 48%)
adding: weka/gui/knowledgeflow/MainKFPerspectiveToolBar$2.class(in = 1429) (out= 742)(deflated 48%)
adding: weka/gui/knowledgeflow/MainKFPerspectiveToolBar$20.class(in = 963) (out= 497)(deflated 48%)
adding: weka/gui/knowledgeflow/MainKFPerspectiveToolBar$21.class(in = 1642) (out= 837)(deflated 49%)
adding: weka/gui/knowledgeflow/MainKFPerspectiveToolBar$22.class(in = 964) (out= 495)(deflated 48%)
adding: weka/gui/knowledgeflow/MainKFPerspectiveToolBar$23.class(in = 1553) (out= 773)(deflated 50%)
adding: weka/gui/knowledgeflow/MainKFPerspectiveToolBar$24.class(in = 960) (out= 490)(deflated 48%)
adding: weka/gui/knowledgeflow/MainKFPerspectiveToolBar$25.class(in = 1377) (out= 684)(deflated 50%)
adding: weka/gui/knowledgeflow/MainKFPerspectiveToolBar$26.class(in = 963) (out= 493)(deflated 48%)
adding: weka/gui/knowledgeflow/MainKFPerspectiveToolBar$27.class(in = 1616) (out= 805)(deflated 50%)
adding: weka/gui/knowledgeflow/MainKFPerspectiveToolBar$28.class(in = 961) (out= 494)(deflated 48%)
adding: weka/gui/knowledgeflow/MainKFPerspectiveToolBar$29.class(in = 1699) (out= 774)(deflated 54%)
adding: weka/gui/knowledgeflow/MainKFPerspectiveToolBar$3.class(in = 966) (out= 496)(deflated 48%)
adding: weka/gui/knowledgeflow/MainKFPerspectiveToolBar$30.class(in = 962) (out= 492)(deflated 48%)
adding: weka/gui/knowledgeflow/MainKFPerspectiveToolBar$31.class(in = 1379) (out= 673)(deflated 51%)
adding: weka/gui/knowledgeflow/MainKFPerspectiveToolBar$32.class(in = 1158) (out= 597)(deflated 48%)
adding: weka/gui/knowledgeflow/MainKFPerspectiveToolBar$33.class(in = 1204) (out= 588)(deflated 51%)
adding: weka/gui/knowledgeflow/MainKFPerspectiveToolBar$34.class(in = 961) (out= 494)(deflated 48%)
adding: weka/gui/knowledgeflow/MainKFPerspectiveToolBar$35.class(in = 1203) (out= 586)(deflated 51%)
adding: weka/gui/knowledgeflow/MainKFPerspectiveToolBar$36.class(in = 961) (out= 492)(deflated 48%)
adding: weka/gui/knowledgeflow/MainKFPerspectiveToolBar$37.class(in = 1076) (out= 534)(deflated 50%)
adding: weka/gui/knowledgeflow/MainKFPerspectiveToolBar$38.class(in = 962) (out= 495)(deflated 48%)
adding: weka/gui/knowledgeflow/MainKFPerspectiveToolBar$39$1.class(in = 1870) (out= 829)(deflated 55%)
adding: weka/gui/knowledgeflow/MainKFPerspectiveToolBar$39$2.class(in = 1870) (out= 828)(deflated 55%)
adding: weka/gui/knowledgeflow/MainKFPerspectiveToolBar$39.class(in = 2744) (out= 1270)(deflated 53%)
adding: weka/gui/knowledgeflow/MainKFPerspectiveToolBar$4.class(in = 2721) (out= 1434)(deflated 47%)
adding: weka/gui/knowledgeflow/MainKFPerspectiveToolBar$40.class(in = 2629) (out= 1361)(deflated 48%)
adding: weka/gui/knowledgeflow/MainKFPerspectiveToolBar$41.class(in = 975) (out= 495)(deflated 49%)
adding: weka/gui/knowledgeflow/MainKFPerspectiveToolBar$42.class(in = 1038) (out= 517)(deflated 50%)
adding: weka/gui/knowledgeflow/MainKFPerspectiveToolBar$43.class(in = 1095) (out= 559)(deflated 48%)
adding: weka/gui/knowledgeflow/MainKFPerspectiveToolBar$5.class(in = 968) (out= 498)(deflated 48%)
adding: weka/gui/knowledgeflow/MainKFPerspectiveToolBar$6.class(in = 1466) (out= 712)(deflated 51%)
adding: weka/gui/knowledgeflow/MainKFPerspectiveToolBar$7.class(in = 958) (out= 491)(deflated 48%)
adding: weka/gui/knowledgeflow/MainKFPerspectiveToolBar$8.class(in = 1672) (out= 764)(deflated 54%)
adding: weka/gui/knowledgeflow/MainKFPerspectiveToolBar$9.class(in = 1136) (out= 572)(deflated 49%)
adding: weka/gui/knowledgeflow/MainKFPerspectiveToolBar$Widgets.class(in = 2995) (out= 1512)(deflated 49%)
adding: weka/gui/knowledgeflow/MainKFPerspectiveToolBar.class(in = 20614) (out= 9114)(deflated 55%)
adding: weka/gui/knowledgeflow/NoteVisual.class(in = 3736) (out= 1839)(deflated 50%)
adding: weka/gui/knowledgeflow/README_KnowledgeFlow(in = 8673) (out= 3235)(deflated 62%)
adding: weka/gui/knowledgeflow/SQLViewerPerspective$1.class(in = 922) (out= 478)(deflated 48%)
adding: weka/gui/knowledgeflow/SQLViewerPerspective$2.class(in = 1043) (out= 544)(deflated 47%)
adding: weka/gui/knowledgeflow/SQLViewerPerspective$SQLDefaults.class(in = 602) (out= 367)(deflated 39%)
adding: weka/gui/knowledgeflow/SQLViewerPerspective.class(in = 4156) (out= 2090)(deflated 49%)
adding: weka/gui/knowledgeflow/ScatterPlotMatrixPerspective.class(in = 2497) (out= 1266)(deflated 49%)
adding: weka/gui/knowledgeflow/SendToPerspectiveGraphicalCommand.class(in = 2942) (out= 1477)(deflated 49%)
adding: weka/gui/knowledgeflow/ShadowBorder.class(in = 2808) (out= 1459)(deflated 48%)
adding: weka/gui/knowledgeflow/StepEditorDialog$1.class(in = 785) (out= 430)(deflated 45%)
adding: weka/gui/knowledgeflow/StepEditorDialog$2.class(in = 785) (out= 432)(deflated 44%)
adding: weka/gui/knowledgeflow/StepEditorDialog$3.class(in = 1689) (out= 827)(deflated 51%)
adding: weka/gui/knowledgeflow/StepEditorDialog$4.class(in = 1046) (out= 574)(deflated 45%)
adding: weka/gui/knowledgeflow/StepEditorDialog$5.class(in = 1020) (out= 548)(deflated 46%)
adding: weka/gui/knowledgeflow/StepEditorDialog$ClosingListener.class(in = 270) (out= 184)(deflated 31%)
adding: weka/gui/knowledgeflow/StepEditorDialog.class(in = 10865) (out= 4945)(deflated 54%)
adding: weka/gui/knowledgeflow/StepInteractiveViewer.class(in = 595) (out= 323)(deflated 45%)
adding: weka/gui/knowledgeflow/StepTree$1.class(in = 3070) (out= 1499)(deflated 51%)
adding: weka/gui/knowledgeflow/StepTree$StepIconRenderer.class(in = 1241) (out= 723)(deflated 41%)
adding: weka/gui/knowledgeflow/StepTree.class(in = 11712) (out= 5603)(deflated 52%)
adding: weka/gui/knowledgeflow/StepTreeIgnore.class(in = 442) (out= 263)(deflated 40%)
adding: weka/gui/knowledgeflow/StepTreeLeafDetails.class(in = 3461) (out= 1736)(deflated 49%)
adding: weka/gui/knowledgeflow/StepVisual.class(in = 9794) (out= 4676)(deflated 52%)
adding: weka/gui/knowledgeflow/TemplateManager.class(in = 4087) (out= 1827)(deflated 55%)
adding: weka/gui/knowledgeflow/VisibleLayout$1.class(in = 1958) (out= 934)(deflated 52%)
adding: weka/gui/knowledgeflow/VisibleLayout$2.class(in = 2318) (out= 1201)(deflated 48%)
adding: weka/gui/knowledgeflow/VisibleLayout$KFLogPanel.class(in = 1523) (out= 872)(deflated 42%)
adding: weka/gui/knowledgeflow/VisibleLayout$LayoutOperation.class(in = 1425) (out= 682)(deflated 52%)
adding: weka/gui/knowledgeflow/VisibleLayout.class(in = 27070) (out= 12377)(deflated 54%)
adding: weka/gui/knowledgeflow/icons/(in = 0) (out= 0)(stored 0%)
adding: weka/gui/knowledgeflow/icons/ADTree.gif(in = 2977) (out= 2977)(deflated 0%)
adding: weka/gui/knowledgeflow/icons/AODE.gif(in = 3011) (out= 3001)(deflated 0%)
adding: weka/gui/knowledgeflow/icons/AdaBoostM1.gif(in = 3017) (out= 3022)(deflated 0%)
adding: weka/gui/knowledgeflow/icons/AdditiveRegression.gif(in = 3028) (out= 3026)(deflated 0%)
adding: weka/gui/knowledgeflow/icons/Appender.png(in = 5828) (out= 5833)(deflated 0%)
adding: weka/gui/knowledgeflow/icons/ArffLoader.gif(in = 2812) (out= 2817)(deflated 0%)
adding: weka/gui/knowledgeflow/icons/ArffSaver.gif(in = 2749) (out= 2754)(deflated 0%)
adding: weka/gui/knowledgeflow/icons/AttributeSelectedClassifier.gif(in = 2918) (out= 2920)(deflated 0%)
adding: weka/gui/knowledgeflow/icons/AttributeSummarizer.gif(in = 2819) (out= 2824)(deflated 0%)
adding: weka/gui/knowledgeflow/icons/Bagging.gif(in = 2960) (out= 2965)(deflated 0%)
adding: weka/gui/knowledgeflow/icons/BayesNet.gif(in = 3003) (out= 2996)(deflated 0%)
adding: weka/gui/knowledgeflow/icons/C45Loader.gif(in = 2837) (out= 2842)(deflated 0%)
adding: weka/gui/knowledgeflow/icons/C45Saver.gif(in = 2755) (out= 2760)(deflated 0%)
adding: weka/gui/knowledgeflow/icons/CSVLoader.gif(in = 2834) (out= 2839)(deflated 0%)
adding: weka/gui/knowledgeflow/icons/CSVSaver.gif(in = 2766) (out= 2771)(deflated 0%)
adding: weka/gui/knowledgeflow/icons/CVParameterSelection.gif(in = 3036) (out= 3041)(deflated 0%)
adding: weka/gui/knowledgeflow/icons/ClassAssigner.gif(in = 2661) (out= 2666)(deflated 0%)
adding: weka/gui/knowledgeflow/icons/ClassBalancedND.gif(in = 3051) (out= 3054)(deflated 0%)
adding: weka/gui/knowledgeflow/icons/ClassValuePicker.gif(in = 2658) (out= 2663)(deflated 0%)
adding: weka/gui/knowledgeflow/icons/ClassificationViaRegression.gif(in = 3066) (out= 3071)(deflated 0%)
adding: weka/gui/knowledgeflow/icons/ClassifierPerformanceEvaluator.gif(in = 2987) (out= 2992)(deflated 0%)
adding: weka/gui/knowledgeflow/icons/ClustererPerformanceEvaluator.gif(in = 2987) (out= 2992)(deflated 0%)
adding: weka/gui/knowledgeflow/icons/Cobweb.gif(in = 2684) (out= 2689)(deflated 0%)
adding: weka/gui/knowledgeflow/icons/ComplementNaiveBayes.gif(in = 3044) (out= 3032)(deflated 0%)
adding: weka/gui/knowledgeflow/icons/ConjunctiveRule.gif(in = 3004) (out= 3009)(deflated 0%)
adding: weka/gui/knowledgeflow/icons/CostSensitiveClassifier.gif(in = 2960) (out= 2965)(deflated 0%)
adding: weka/gui/knowledgeflow/icons/CrossValidationFoldMaker.gif(in = 2631) (out= 2636)(deflated 0%)
adding: weka/gui/knowledgeflow/icons/DBScan.gif(in = 2650) (out= 2655)(deflated 0%)
adding: weka/gui/knowledgeflow/icons/Dagging.gif(in = 2904) (out= 2909)(deflated 0%)
adding: weka/gui/knowledgeflow/icons/DataNearBalancedND.gif(in = 3077) (out= 3072)(deflated 0%)
adding: weka/gui/knowledgeflow/icons/DatabaseLoader.gif(in = 2823) (out= 2828)(deflated 0%)
adding: weka/gui/knowledgeflow/icons/DatabaseSaver.gif(in = 2792) (out= 2797)(deflated 0%)
adding: weka/gui/knowledgeflow/icons/DecisionStump.gif(in = 3028) (out= 3030)(deflated 0%)
adding: weka/gui/knowledgeflow/icons/DecisionTable.gif(in = 2922) (out= 2927)(deflated 0%)
adding: weka/gui/knowledgeflow/icons/Decorate.gif(in = 3010) (out= 3010)(deflated 0%)
adding: weka/gui/knowledgeflow/icons/DefaultAssociator.gif(in = 3020) (out= 3005)(deflated 0%)
adding: weka/gui/knowledgeflow/icons/DefaultClassifier.gif(in = 3133) (out= 3130)(deflated 0%)
adding: weka/gui/knowledgeflow/icons/DefaultClusterer.gif(in = 2621) (out= 2626)(deflated 0%)
adding: weka/gui/knowledgeflow/icons/DefaultDataSink.gif(in = 2749) (out= 2754)(deflated 0%)
adding: weka/gui/knowledgeflow/icons/DefaultDataSource.gif(in = 2812) (out= 2817)(deflated 0%)
adding: weka/gui/knowledgeflow/icons/DefaultDataVisualizer.gif(in = 2965) (out= 2967)(deflated 0%)
adding: weka/gui/knowledgeflow/icons/DefaultEvaluator.gif(in = 2987) (out= 2992)(deflated 0%)
adding: weka/gui/knowledgeflow/icons/DefaultFilter.gif(in = 2969) (out= 2974)(deflated 0%)
adding: weka/gui/knowledgeflow/icons/DefaultGraph.gif(in = 2923) (out= 2928)(deflated 0%)
adding: weka/gui/knowledgeflow/icons/DefaultText.gif(in = 3021) (out= 3015)(deflated 0%)
adding: weka/gui/knowledgeflow/icons/DefaultTrainTest.gif(in = 2653) (out= 2658)(deflated 0%)
adding: weka/gui/knowledgeflow/icons/DiamondPlain.gif(in = 2512) (out= 2517)(deflated 0%)
adding: weka/gui/knowledgeflow/icons/EM.gif(in = 2638) (out= 2643)(deflated 0%)
adding: weka/gui/knowledgeflow/icons/END.gif(in = 3053) (out= 3046)(deflated 0%)
adding: weka/gui/knowledgeflow/icons/FarthestFirst.gif(in = 2759) (out= 2764)(deflated 0%)
adding: weka/gui/knowledgeflow/icons/FilteredClassifier.gif(in = 2982) (out= 2987)(deflated 0%)
adding: weka/gui/knowledgeflow/icons/FlowByExpression.png(in = 5919) (out= 5924)(deflated 0%)
adding: weka/gui/knowledgeflow/icons/GaussianProcesses.gif(in = 3021) (out= 3020)(deflated 0%)
adding: weka/gui/knowledgeflow/icons/GetDataFromResult.gif(in = 4698) (out= 4062)(deflated 13%)
adding: weka/gui/knowledgeflow/icons/Grading.gif(in = 2945) (out= 2947)(deflated 0%)
adding: weka/gui/knowledgeflow/icons/HNB.gif(in = 3031) (out= 3020)(deflated 0%)
adding: weka/gui/knowledgeflow/icons/Help24.gif(in = 1328) (out= 1127)(deflated 15%)
adding: weka/gui/knowledgeflow/icons/IB1.gif(in = 2985) (out= 2975)(deflated 0%)
adding: weka/gui/knowledgeflow/icons/IBk.gif(in = 2971) (out= 2971)(deflated 0%)
adding: weka/gui/knowledgeflow/icons/ID3.gif(in = 3003) (out= 2989)(deflated 0%)
adding: weka/gui/knowledgeflow/icons/IncrementalClassifierEvaluator.gif(in = 3046) (out= 3051)(deflated 0%)
adding: weka/gui/knowledgeflow/icons/InstanceStreamToBatchMaker.gif(in = 2650) (out= 2655)(deflated 0%)
adding: weka/gui/knowledgeflow/icons/J48.gif(in = 3011) (out= 3008)(deflated 0%)
adding: weka/gui/knowledgeflow/icons/JRip.gif(in = 2988) (out= 2988)(deflated 0%)
adding: weka/gui/knowledgeflow/icons/Job.gif(in = 5144) (out= 4264)(deflated 17%)
adding: weka/gui/knowledgeflow/icons/Join.gif(in = 4605) (out= 3935)(deflated 14%)
adding: weka/gui/knowledgeflow/icons/KStar.gif(in = 2966) (out= 2961)(deflated 0%)
adding: weka/gui/knowledgeflow/icons/LBR.gif(in = 3022) (out= 3023)(deflated 0%)
adding: weka/gui/knowledgeflow/icons/LMT.gif(in = 3009) (out= 3002)(deflated 0%)
adding: weka/gui/knowledgeflow/icons/LWL.gif(in = 2989) (out= 2983)(deflated 0%)
adding: weka/gui/knowledgeflow/icons/LeastMedSq.gif(in = 3061) (out= 3057)(deflated 0%)
adding: weka/gui/knowledgeflow/icons/LibSVM.gif(in = 3035) (out= 3011)(deflated 0%)
adding: weka/gui/knowledgeflow/icons/LinearRegression.gif(in = 3066) (out= 3052)(deflated 0%)
adding: weka/gui/knowledgeflow/icons/Logistic.gif(in = 3036) (out= 3025)(deflated 0%)
adding: weka/gui/knowledgeflow/icons/LogitBoost.gif(in = 3028) (out= 3030)(deflated 0%)
adding: weka/gui/knowledgeflow/icons/M5P.gif(in = 3010) (out= 3006)(deflated 0%)
adding: weka/gui/knowledgeflow/icons/M5Rules.gif(in = 2910) (out= 2907)(deflated 0%)
adding: weka/gui/knowledgeflow/icons/MakeDensityBasedClusterer.gif(in = 2704) (out= 2709)(deflated 0%)
adding: weka/gui/knowledgeflow/icons/MetaCost.gif(in = 2921) (out= 2926)(deflated 0%)
adding: weka/gui/knowledgeflow/icons/ModelPerformanceChart.gif(in = 2971) (out= 2976)(deflated 0%)
adding: weka/gui/knowledgeflow/icons/MultiBoostAB.gif(in = 2949) (out= 2954)(deflated 0%)
adding: weka/gui/knowledgeflow/icons/MultiClassClassifier.gif(in = 3014) (out= 3011)(deflated 0%)
adding: weka/gui/knowledgeflow/icons/MultiScheme.gif(in = 2962) (out= 2963)(deflated 0%)
adding: weka/gui/knowledgeflow/icons/MultilayerPerceptron.gif(in = 3029) (out= 3034)(deflated 0%)
adding: weka/gui/knowledgeflow/icons/NBTree.gif(in = 2999) (out= 3004)(deflated 0%)
adding: weka/gui/knowledgeflow/icons/NNge.gif(in = 2992) (out= 2993)(deflated 0%)
adding: weka/gui/knowledgeflow/icons/NaiveBayes.gif(in = 3046) (out= 3036)(deflated 0%)
adding: weka/gui/knowledgeflow/icons/NaiveBayesMultinomial.gif(in = 3026) (out= 3018)(deflated 0%)
adding: weka/gui/knowledgeflow/icons/NaiveBayesSimple.gif(in = 3024) (out= 3029)(deflated 0%)
adding: weka/gui/knowledgeflow/icons/NaiveBayesUpdateable.gif(in = 3013) (out= 3008)(deflated 0%)
adding: weka/gui/knowledgeflow/icons/New24.gif(in = 778) (out= 783)(deflated 0%)
adding: weka/gui/knowledgeflow/icons/OPTICS.gif(in = 2647) (out= 2652)(deflated 0%)
adding: weka/gui/knowledgeflow/icons/OneR.gif(in = 2829) (out= 2834)(deflated 0%)
adding: weka/gui/knowledgeflow/icons/Open24.gif(in = 462) (out= 462)(deflated 0%)
adding: weka/gui/knowledgeflow/icons/OrdinalClassClassifier.gif(in = 3010) (out= 3010)(deflated 0%)
adding: weka/gui/knowledgeflow/icons/PART.gif(in = 2910) (out= 2912)(deflated 0%)
adding: weka/gui/knowledgeflow/icons/PaceRegression.gif(in = 3090) (out= 3072)(deflated 0%)
adding: weka/gui/knowledgeflow/icons/Pointer.gif(in = 143) (out= 142)(deflated 0%)
adding: weka/gui/knowledgeflow/icons/PredictionAppender.gif(in = 2900) (out= 2905)(deflated 0%)
adding: weka/gui/knowledgeflow/icons/Prism.gif(in = 2861) (out= 2866)(deflated 0%)
adding: weka/gui/knowledgeflow/icons/RBFNetwork.gif(in = 2962) (out= 2957)(deflated 0%)
adding: weka/gui/knowledgeflow/icons/REPTree.gif(in = 2996) (out= 3001)(deflated 0%)
adding: weka/gui/knowledgeflow/icons/RacedIncrementalLogitBoost.gif(in = 2992) (out= 2994)(deflated 0%)
adding: weka/gui/knowledgeflow/icons/RandomCommittee.gif(in = 3040) (out= 3045)(deflated 0%)
adding: weka/gui/knowledgeflow/icons/RandomForest.gif(in = 3037) (out= 3042)(deflated 0%)
adding: weka/gui/knowledgeflow/icons/RandomTree.gif(in = 2977) (out= 2982)(deflated 0%)
adding: weka/gui/knowledgeflow/icons/RegressionByDiscretization.gif(in = 3054) (out= 3053)(deflated 0%)
adding: weka/gui/knowledgeflow/icons/SMO.gif(in = 3087) (out= 3067)(deflated 0%)
adding: weka/gui/knowledgeflow/icons/SMOreg.gif(in = 3054) (out= 3039)(deflated 0%)
adding: weka/gui/knowledgeflow/icons/Save24.gif(in = 266) (out= 266)(deflated 0%)
adding: weka/gui/knowledgeflow/icons/ScatterPlotMatrix.gif(in = 2985) (out= 2990)(deflated 0%)
adding: weka/gui/knowledgeflow/icons/SerializedInstancesLoader.gif(in = 2805) (out= 2810)(deflated 0%)
adding: weka/gui/knowledgeflow/icons/SerializedInstancesSaver.gif(in = 2781) (out= 2786)(deflated 0%)
adding: weka/gui/knowledgeflow/icons/SerializedModelSaver.gif(in = 2781) (out= 2786)(deflated 0%)
adding: weka/gui/knowledgeflow/icons/SetPropertiesFromEnvironment.gif(in = 2041) (out= 1824)(deflated 10%)
adding: weka/gui/knowledgeflow/icons/SetVariables.gif(in = 5107) (out= 4199)(deflated 17%)
adding: weka/gui/knowledgeflow/icons/SimpleKMeans.gif(in = 2711) (out= 2716)(deflated 0%)
adding: weka/gui/knowledgeflow/icons/SimpleLinearRegression.gif(in = 3080) (out= 3065)(deflated 0%)
adding: weka/gui/knowledgeflow/icons/SimpleLogistic.gif(in = 3072) (out= 3053)(deflated 0%)
adding: weka/gui/knowledgeflow/icons/Sorter.gif(in = 3485) (out= 3490)(deflated 0%)
adding: weka/gui/knowledgeflow/icons/Stacking.gif(in = 2503) (out= 2508)(deflated 0%)
adding: weka/gui/knowledgeflow/icons/StackingC.gif(in = 2910) (out= 2915)(deflated 0%)
adding: weka/gui/knowledgeflow/icons/Stop24.gif(in = 777) (out= 670)(deflated 13%)
adding: weka/gui/knowledgeflow/icons/StorePropertiesInEnvironment.gif(in = 1972) (out= 1699)(deflated 13%)
adding: weka/gui/knowledgeflow/icons/StripChart.gif(in = 2910) (out= 2915)(deflated 0%)
adding: weka/gui/knowledgeflow/icons/TestSetMaker.gif(in = 2667) (out= 2672)(deflated 0%)
adding: weka/gui/knowledgeflow/icons/ThresholdSelector.gif(in = 3032) (out= 3037)(deflated 0%)
adding: weka/gui/knowledgeflow/icons/TrainTestSplitMaker.gif(in = 2653) (out= 2658)(deflated 0%)
adding: weka/gui/knowledgeflow/icons/TrainingSetMaker.gif(in = 2650) (out= 2655)(deflated 0%)
adding: weka/gui/knowledgeflow/icons/UserClassifier.gif(in = 2943) (out= 2948)(deflated 0%)
adding: weka/gui/knowledgeflow/icons/Vote.gif(in = 2894) (out= 2899)(deflated 0%)
adding: weka/gui/knowledgeflow/icons/VotedPerceptron.gif(in = 2915) (out= 2920)(deflated 0%)
adding: weka/gui/knowledgeflow/icons/Winnow.gif(in = 2991) (out= 2982)(deflated 0%)
adding: weka/gui/knowledgeflow/icons/WriteDataToResult.gif(in = 4698) (out= 4062)(deflated 13%)
adding: weka/gui/knowledgeflow/icons/WriteWekaLog.gif(in = 4698) (out= 4062)(deflated 13%)
adding: weka/gui/knowledgeflow/icons/XMeans.gif(in = 2625) (out= 2630)(deflated 0%)
adding: weka/gui/knowledgeflow/icons/ZeroR.gif(in = 2976) (out= 2979)(deflated 0%)
adding: weka/gui/knowledgeflow/icons/application_view_tile.png(in = 465) (out= 470)(deflated -1%)
adding: weka/gui/knowledgeflow/icons/arrow_undo.png(in = 631) (out= 636)(deflated 0%)
adding: weka/gui/knowledgeflow/icons/bricks.png(in = 825) (out= 830)(deflated 0%)
adding: weka/gui/knowledgeflow/icons/chart_bar.png(in = 541) (out= 546)(deflated 0%)
adding: weka/gui/knowledgeflow/icons/cog.png(in = 512) (out= 517)(deflated 0%)
adding: weka/gui/knowledgeflow/icons/cog_go.png(in = 859) (out= 864)(deflated 0%)
adding: weka/gui/knowledgeflow/icons/cursor.png(in = 354) (out= 359)(deflated -1%)
adding: weka/gui/knowledgeflow/icons/cut.png(in = 648) (out= 653)(deflated 0%)
adding: weka/gui/knowledgeflow/icons/database.png(in = 390) (out= 395)(deflated -1%)
adding: weka/gui/knowledgeflow/icons/delete.png(in = 715) (out= 720)(deflated 0%)
adding: weka/gui/knowledgeflow/icons/disk.png(in = 620) (out= 625)(deflated 0%)
adding: weka/gui/knowledgeflow/icons/disk_multiple.png(in = 691) (out= 696)(deflated 0%)
adding: weka/gui/knowledgeflow/icons/filters.supervised.attribute.AttributeSelection.gif(in = 2945) (out= 2950)(deflated 0%)
adding: weka/gui/knowledgeflow/icons/filters.supervised.attribute.ClassOrder.gif(in = 2988) (out= 2991)(deflated 0%)
adding: weka/gui/knowledgeflow/icons/filters.supervised.attribute.Discretize.gif(in = 2978) (out= 2983)(deflated 0%)
adding: weka/gui/knowledgeflow/icons/filters.supervised.attribute.NominalToBinary.gif(in = 2982) (out= 2987)(deflated 0%)
adding: weka/gui/knowledgeflow/icons/filters.supervised.instance.Resample.gif(in = 3040) (out= 3045)(deflated 0%)
adding: weka/gui/knowledgeflow/icons/filters.supervised.instance.SpreadSubsample.gif(in = 3002) (out= 3007)(deflated 0%)
adding: weka/gui/knowledgeflow/icons/filters.supervised.instance.StratifiedRemoveFolds.gif(in = 2915) (out= 2920)(deflated 0%)
adding: weka/gui/knowledgeflow/icons/filters.unsupervised.attribute.Add.gif(in = 2993) (out= 2998)(deflated 0%)
adding: weka/gui/knowledgeflow/icons/filters.unsupervised.attribute.AddCluster.gif(in = 2998) (out= 3003)(deflated 0%)
adding: weka/gui/knowledgeflow/icons/filters.unsupervised.attribute.AddExpression.gif(in = 3031) (out= 3034)(deflated 0%)
adding: weka/gui/knowledgeflow/icons/filters.unsupervised.attribute.AddNoise.gif(in = 3037) (out= 3039)(deflated 0%)
adding: weka/gui/knowledgeflow/icons/filters.unsupervised.attribute.ClusterMembership.gif(in = 2970) (out= 2975)(deflated 0%)
adding: weka/gui/knowledgeflow/icons/filters.unsupervised.attribute.Copy.gif(in = 2945) (out= 2950)(deflated 0%)
adding: weka/gui/knowledgeflow/icons/filters.unsupervised.attribute.Discretize.gif(in = 3018) (out= 3023)(deflated 0%)
adding: weka/gui/knowledgeflow/icons/filters.unsupervised.attribute.FirstOrder.gif(in = 3031) (out= 3030)(deflated 0%)
adding: weka/gui/knowledgeflow/icons/filters.unsupervised.attribute.MakeIndicator.gif(in = 3022) (out= 3027)(deflated 0%)
adding: weka/gui/knowledgeflow/icons/filters.unsupervised.attribute.MergeTwoValues.gif(in = 2993) (out= 2998)(deflated 0%)
adding: weka/gui/knowledgeflow/icons/filters.unsupervised.attribute.NominalToBinary.gif(in = 3006) (out= 2999)(deflated 0%)
adding: weka/gui/knowledgeflow/icons/filters.unsupervised.attribute.Normalize.gif(in = 3035) (out= 3030)(deflated 0%)
adding: weka/gui/knowledgeflow/icons/filters.unsupervised.attribute.NumericToBinary.gif(in = 3061) (out= 3058)(deflated 0%)
adding: weka/gui/knowledgeflow/icons/filters.unsupervised.attribute.NumericTransform.gif(in = 3015) (out= 3013)(deflated 0%)
adding: weka/gui/knowledgeflow/icons/filters.unsupervised.attribute.Obfuscate.gif(in = 2993) (out= 2998)(deflated 0%)
adding: weka/gui/knowledgeflow/icons/filters.unsupervised.attribute.PKIDiscretize.gif(in = 2989) (out= 2994)(deflated 0%)
adding: weka/gui/knowledgeflow/icons/filters.unsupervised.attribute.RandomProjection.gif(in = 2995) (out= 3000)(deflated 0%)
adding: weka/gui/knowledgeflow/icons/filters.unsupervised.attribute.Remove.gif(in = 3003) (out= 3008)(deflated 0%)
adding: weka/gui/knowledgeflow/icons/filters.unsupervised.attribute.RemoveType.gif(in = 3035) (out= 3040)(deflated 0%)
adding: weka/gui/knowledgeflow/icons/filters.unsupervised.attribute.RemoveUseless.gif(in = 2993) (out= 2998)(deflated 0%)
adding: weka/gui/knowledgeflow/icons/filters.unsupervised.attribute.ReplaceMissingValues.gif(in = 3024) (out= 3029)(deflated 0%)
adding: weka/gui/knowledgeflow/icons/filters.unsupervised.attribute.Standardize.gif(in = 3028) (out= 3031)(deflated 0%)
adding: weka/gui/knowledgeflow/icons/filters.unsupervised.attribute.StringToNominal.gif(in = 3054) (out= 3056)(deflated 0%)
adding: weka/gui/knowledgeflow/icons/filters.unsupervised.attribute.StringToWordVector.gif(in = 3021) (out= 3022)(deflated 0%)
adding: weka/gui/knowledgeflow/icons/filters.unsupervised.attribute.SwapValues.gif(in = 2985) (out= 2977)(deflated 0%)
adding: weka/gui/knowledgeflow/icons/filters.unsupervised.attribute.TimeSeriesDelta.gif(in = 3022) (out= 3027)(deflated 0%)
adding: weka/gui/knowledgeflow/icons/filters.unsupervised.attribute.TimeSeriesTranslate.gif(in = 3022) (out= 3027)(deflated 0%)
adding: weka/gui/knowledgeflow/icons/filters.unsupervised.instance.NonSparseToSparse.gif(in = 3007) (out= 3012)(deflated 0%)
adding: weka/gui/knowledgeflow/icons/filters.unsupervised.instance.Normalize.gif(in = 3047) (out= 3047)(deflated 0%)
adding: weka/gui/knowledgeflow/icons/filters.unsupervised.instance.Randomize.gif(in = 2984) (out= 2989)(deflated 0%)
adding: weka/gui/knowledgeflow/icons/filters.unsupervised.instance.RemoveFolds.gif(in = 2966) (out= 2971)(deflated 0%)
adding: weka/gui/knowledgeflow/icons/filters.unsupervised.instance.RemoveMisclassified.gif(in = 2991) (out= 2996)(deflated 0%)
adding: weka/gui/knowledgeflow/icons/filters.unsupervised.instance.RemovePercentage.gif(in = 3013) (out= 3011)(deflated 0%)
adding: weka/gui/knowledgeflow/icons/filters.unsupervised.instance.RemoveRange.gif(in = 3006) (out= 3008)(deflated 0%)
adding: weka/gui/knowledgeflow/icons/filters.unsupervised.instance.RemoveWithValues.gif(in = 3006) (out= 3011)(deflated 0%)
adding: weka/gui/knowledgeflow/icons/filters.unsupervised.instance.Resample.gif(in = 3011) (out= 3013)(deflated 0%)
adding: weka/gui/knowledgeflow/icons/filters.unsupervised.instance.SparseToNonSparse.gif(in = 3013) (out= 3015)(deflated 0%)
adding: weka/gui/knowledgeflow/icons/folder_add.png(in = 668) (out= 673)(deflated 0%)
adding: weka/gui/knowledgeflow/icons/help.png(in = 786) (out= 791)(deflated 0%)
adding: weka/gui/knowledgeflow/icons/note_add.png(in = 641) (out= 646)(deflated 0%)
adding: weka/gui/knowledgeflow/icons/page_add.png(in = 739) (out= 744)(deflated 0%)
adding: weka/gui/knowledgeflow/icons/page_copy.png(in = 663) (out= 668)(deflated 0%)
adding: weka/gui/knowledgeflow/icons/paste_plain.png(in = 605) (out= 610)(deflated 0%)
adding: weka/gui/knowledgeflow/icons/resultset_last.png(in = 524) (out= 529)(deflated 0%)
adding: weka/gui/knowledgeflow/icons/resultset_next.png(in = 395) (out= 400)(deflated -1%)
adding: weka/gui/knowledgeflow/icons/shape_group.png(in = 553) (out= 558)(deflated 0%)
adding: weka/gui/knowledgeflow/icons/shape_handles.png(in = 538) (out= 543)(deflated 0%)
adding: weka/gui/knowledgeflow/icons/shape_square.png(in = 353) (out= 358)(deflated -1%)
adding: weka/gui/knowledgeflow/icons/splash.jpg(in = 28484) (out= 16370)(deflated 42%)
adding: weka/gui/knowledgeflow/icons/weka.associations.gif(in = 3020) (out= 3005)(deflated 0%)
adding: weka/gui/knowledgeflow/icons/weka.classifiers.bayes.gif(in = 3018) (out= 3012)(deflated 0%)
adding: weka/gui/knowledgeflow/icons/weka.classifiers.functions.gif(in = 3000) (out= 2993)(deflated 0%)
adding: weka/gui/knowledgeflow/icons/weka.classifiers.gif(in = 3133) (out= 3130)(deflated 0%)
adding: weka/gui/knowledgeflow/icons/weka.classifiers.lazy.gif(in = 3031) (out= 3027)(deflated 0%)
adding: weka/gui/knowledgeflow/icons/weka.classifiers.meta.gif(in = 3003) (out= 3001)(deflated 0%)
adding: weka/gui/knowledgeflow/icons/weka.classifiers.meta.nestedDichotomies.gif(in = 3003) (out= 3001)(deflated 0%)
adding: weka/gui/knowledgeflow/icons/weka.classifiers.misc.gif(in = 3050) (out= 3038)(deflated 0%)
adding: weka/gui/knowledgeflow/icons/weka.classifiers.rules.gif(in = 2934) (out= 2939)(deflated 0%)
adding: weka/gui/knowledgeflow/icons/weka.classifiers.trees.gif(in = 2967) (out= 2960)(deflated 0%)
adding: weka/gui/knowledgeflow/icons/weka.clusterers.gif(in = 2621) (out= 2626)(deflated 0%)
adding: weka/gui/knowledgeflow/icons/weka.filters.gif(in = 2969) (out= 2974)(deflated 0%)
adding: weka/gui/knowledgeflow/icons/zoom_in.png(in = 725) (out= 730)(deflated 0%)
adding: weka/gui/knowledgeflow/icons/zoom_out.png(in = 708) (out= 713)(deflated 0%)
adding: weka/gui/knowledgeflow/steps/(in = 0) (out= 0)(stored 0%)
adding: weka/gui/knowledgeflow/steps/ASEvaluatorStepEditorDialog.class(in = 1548) (out= 854)(deflated 44%)
adding: weka/gui/knowledgeflow/steps/AttributeSummarizerInteractiveView$1.class(in = 2206) (out= 1031)(deflated 53%)
adding: weka/gui/knowledgeflow/steps/AttributeSummarizerInteractiveView$2.class(in = 2151) (out= 1027)(deflated 52%)
adding: weka/gui/knowledgeflow/steps/AttributeSummarizerInteractiveView$3.class(in = 2285) (out= 1092)(deflated 52%)
adding: weka/gui/knowledgeflow/steps/AttributeSummarizerInteractiveView$4.class(in = 1463) (out= 689)(deflated 52%)
adding: weka/gui/knowledgeflow/steps/AttributeSummarizerInteractiveView.class(in = 4872) (out= 2200)(deflated 54%)
adding: weka/gui/knowledgeflow/steps/AttributeSummarizerStepEditorDialog.class(in = 1447) (out= 742)(deflated 48%)
adding: weka/gui/knowledgeflow/steps/BlockStepEditorDialog.class(in = 2839) (out= 1402)(deflated 50%)
adding: weka/gui/knowledgeflow/steps/BoundaryPlotterInteractiveView$1.class(in = 1948) (out= 928)(deflated 52%)
adding: weka/gui/knowledgeflow/steps/BoundaryPlotterInteractiveView$2.class(in = 2082) (out= 983)(deflated 52%)
adding: weka/gui/knowledgeflow/steps/BoundaryPlotterInteractiveView$3.class(in = 1571) (out= 704)(deflated 55%)
adding: weka/gui/knowledgeflow/steps/BoundaryPlotterInteractiveView.class(in = 5237) (out= 2307)(deflated 55%)
adding: weka/gui/knowledgeflow/steps/BoundaryPlotterStepEditorDialog.class(in = 3965) (out= 2154)(deflated 45%)
adding: weka/gui/knowledgeflow/steps/ClassAssignerStepEditorDialog.class(in = 4118) (out= 2177)(deflated 47%)
adding: weka/gui/knowledgeflow/steps/ClassValuePickerStepEditorDialog.class(in = 3696) (out= 1958)(deflated 47%)
adding: weka/gui/knowledgeflow/steps/ClassifierPerformanceEvaluatorStepEditorDialog$1.class(in = 1708) (out= 763)(deflated 55%)
adding: weka/gui/knowledgeflow/steps/ClassifierPerformanceEvaluatorStepEditorDialog$2.class(in = 1430) (out= 680)(deflated 52%)
adding: weka/gui/knowledgeflow/steps/ClassifierPerformanceEvaluatorStepEditorDialog$3$1.class(in = 1617) (out= 697)(deflated 56%)
adding: weka/gui/knowledgeflow/steps/ClassifierPerformanceEvaluatorStepEditorDialog$3.class(in = 2092) (out= 920)(deflated 56%)
adding: weka/gui/knowledgeflow/steps/ClassifierPerformanceEvaluatorStepEditorDialog.class(in = 4919) (out= 2422)(deflated 50%)
adding: weka/gui/knowledgeflow/steps/CostBenefitAnalysisInteractiveView$1.class(in = 2206) (out= 1031)(deflated 53%)
adding: weka/gui/knowledgeflow/steps/CostBenefitAnalysisInteractiveView$2.class(in = 2393) (out= 1180)(deflated 50%)
adding: weka/gui/knowledgeflow/steps/CostBenefitAnalysisInteractiveView$3.class(in = 2492) (out= 1237)(deflated 50%)
adding: weka/gui/knowledgeflow/steps/CostBenefitAnalysisInteractiveView$4.class(in = 1480) (out= 708)(deflated 52%)
adding: weka/gui/knowledgeflow/steps/CostBenefitAnalysisInteractiveView.class(in = 4406) (out= 2086)(deflated 52%)
adding: weka/gui/knowledgeflow/steps/DataGridStepEditorDialog$1.class(in = 1422) (out= 693)(deflated 51%)
adding: weka/gui/knowledgeflow/steps/DataGridStepEditorDialog$2.class(in = 1439) (out= 707)(deflated 50%)
adding: weka/gui/knowledgeflow/steps/DataGridStepEditorDialog$3.class(in = 1515) (out= 751)(deflated 50%)
adding: weka/gui/knowledgeflow/steps/DataGridStepEditorDialog$4.class(in = 1054) (out= 545)(deflated 48%)
adding: weka/gui/knowledgeflow/steps/DataGridStepEditorDialog$5.class(in = 2113) (out= 1036)(deflated 50%)
adding: weka/gui/knowledgeflow/steps/DataGridStepEditorDialog$6.class(in = 1837) (out= 888)(deflated 51%)
adding: weka/gui/knowledgeflow/steps/DataGridStepEditorDialog$7.class(in = 1386) (out= 738)(deflated 46%)
adding: weka/gui/knowledgeflow/steps/DataGridStepEditorDialog$8.class(in = 1009) (out= 525)(deflated 47%)
adding: weka/gui/knowledgeflow/steps/DataGridStepEditorDialog$9.class(in = 1011) (out= 526)(deflated 47%)
adding: weka/gui/knowledgeflow/steps/DataGridStepEditorDialog$ArffViewerPanel$1.class(in = 1028) (out= 469)(deflated 54%)
adding: weka/gui/knowledgeflow/steps/DataGridStepEditorDialog$ArffViewerPanel$2.class(in = 1130) (out= 511)(deflated 54%)
adding: weka/gui/knowledgeflow/steps/DataGridStepEditorDialog$ArffViewerPanel.class(in = 2347) (out= 1150)(deflated 51%)
adding: weka/gui/knowledgeflow/steps/DataGridStepEditorDialog$AttDef.class(in = 1624) (out= 924)(deflated 43%)
adding: weka/gui/knowledgeflow/steps/DataGridStepEditorDialog.class(in = 11055) (out= 5325)(deflated 51%)
adding: weka/gui/knowledgeflow/steps/DataVisualizerInteractiveView$1.class(in = 2174) (out= 1028)(deflated 52%)
adding: weka/gui/knowledgeflow/steps/DataVisualizerInteractiveView$2.class(in = 2758) (out= 1411)(deflated 48%)
adding: weka/gui/knowledgeflow/steps/DataVisualizerInteractiveView$3.class(in = 2870) (out= 1448)(deflated 49%)
adding: weka/gui/knowledgeflow/steps/DataVisualizerInteractiveView$4.class(in = 1406) (out= 685)(deflated 51%)
adding: weka/gui/knowledgeflow/steps/DataVisualizerInteractiveView.class(in = 5166) (out= 2443)(deflated 52%)
adding: weka/gui/knowledgeflow/steps/DataVisualizerStepEditorDialog.class(in = 1427) (out= 739)(deflated 48%)
adding: weka/gui/knowledgeflow/steps/FlowByExpressionStepEditorDialog$1.class(in = 2185) (out= 1024)(deflated 53%)
adding: weka/gui/knowledgeflow/steps/FlowByExpressionStepEditorDialog$10.class(in = 2621) (out= 1168)(deflated 55%)
adding: weka/gui/knowledgeflow/steps/FlowByExpressionStepEditorDialog$11.class(in = 3179) (out= 1360)(deflated 57%)
adding: weka/gui/knowledgeflow/steps/FlowByExpressionStepEditorDialog$12.class(in = 2746) (out= 1239)(deflated 54%)
adding: weka/gui/knowledgeflow/steps/FlowByExpressionStepEditorDialog$2.class(in = 3247) (out= 1437)(deflated 55%)
adding: weka/gui/knowledgeflow/steps/FlowByExpressionStepEditorDialog$3.class(in = 2291) (out= 1055)(deflated 53%)
adding: weka/gui/knowledgeflow/steps/FlowByExpressionStepEditorDialog$4.class(in = 2712) (out= 1255)(deflated 53%)
adding: weka/gui/knowledgeflow/steps/FlowByExpressionStepEditorDialog$5.class(in = 2291) (out= 1057)(deflated 53%)
adding: weka/gui/knowledgeflow/steps/FlowByExpressionStepEditorDialog$6.class(in = 2729) (out= 1273)(deflated 53%)
adding: weka/gui/knowledgeflow/steps/FlowByExpressionStepEditorDialog$7.class(in = 1878) (out= 812)(deflated 56%)
adding: weka/gui/knowledgeflow/steps/FlowByExpressionStepEditorDialog$8.class(in = 2318) (out= 1080)(deflated 53%)
adding: weka/gui/knowledgeflow/steps/FlowByExpressionStepEditorDialog$9.class(in = 2325) (out= 1073)(deflated 53%)
adding: weka/gui/knowledgeflow/steps/FlowByExpressionStepEditorDialog.class(in = 13217) (out= 5729)(deflated 56%)
adding: weka/gui/knowledgeflow/steps/GraphViewerInteractiveView$1.class(in = 2150) (out= 1020)(deflated 52%)
adding: weka/gui/knowledgeflow/steps/GraphViewerInteractiveView$2.class(in = 3207) (out= 1602)(deflated 50%)
adding: weka/gui/knowledgeflow/steps/GraphViewerInteractiveView$3.class(in = 3311) (out= 1651)(deflated 50%)
adding: weka/gui/knowledgeflow/steps/GraphViewerInteractiveView$4.class(in = 1607) (out= 793)(deflated 50%)
adding: weka/gui/knowledgeflow/steps/GraphViewerInteractiveView.class(in = 4867) (out= 2318)(deflated 52%)
adding: weka/gui/knowledgeflow/steps/ImageViewerInteractiveView$1.class(in = 1859) (out= 852)(deflated 54%)
adding: weka/gui/knowledgeflow/steps/ImageViewerInteractiveView$2.class(in = 1863) (out= 912)(deflated 51%)
adding: weka/gui/knowledgeflow/steps/ImageViewerInteractiveView$3.class(in = 1997) (out= 978)(deflated 51%)
adding: weka/gui/knowledgeflow/steps/ImageViewerInteractiveView$4.class(in = 1482) (out= 682)(deflated 53%)
adding: weka/gui/knowledgeflow/steps/ImageViewerInteractiveView$ImageDisplayer.class(in = 1887) (out= 1053)(deflated 44%)
adding: weka/gui/knowledgeflow/steps/ImageViewerInteractiveView$MainPanel$1.class(in = 1544) (out= 652)(deflated 57%)
adding: weka/gui/knowledgeflow/steps/ImageViewerInteractiveView$MainPanel$2.class(in = 1542) (out= 650)(deflated 57%)
adding: weka/gui/knowledgeflow/steps/ImageViewerInteractiveView$MainPanel.class(in = 3403) (out= 1537)(deflated 54%)
adding: weka/gui/knowledgeflow/steps/ImageViewerInteractiveView.class(in = 4475) (out= 2009)(deflated 55%)
adding: weka/gui/knowledgeflow/steps/JobStepEditorDialog$1.class(in = 2464) (out= 1021)(deflated 58%)
adding: weka/gui/knowledgeflow/steps/JobStepEditorDialog.class(in = 4090) (out= 1649)(deflated 59%)
adding: weka/gui/knowledgeflow/steps/JoinStepEditorDialog$1.class(in = 1128) (out= 584)(deflated 48%)
adding: weka/gui/knowledgeflow/steps/JoinStepEditorDialog$10.class(in = 960) (out= 504)(deflated 47%)
adding: weka/gui/knowledgeflow/steps/JoinStepEditorDialog$2.class(in = 1128) (out= 583)(deflated 48%)
adding: weka/gui/knowledgeflow/steps/JoinStepEditorDialog$3.class(in = 1486) (out= 768)(deflated 48%)
adding: weka/gui/knowledgeflow/steps/JoinStepEditorDialog$4.class(in = 1488) (out= 771)(deflated 48%)
adding: weka/gui/knowledgeflow/steps/JoinStepEditorDialog$5.class(in = 1353) (out= 719)(deflated 46%)
adding: weka/gui/knowledgeflow/steps/JoinStepEditorDialog$6.class(in = 1355) (out= 718)(deflated 47%)
adding: weka/gui/knowledgeflow/steps/JoinStepEditorDialog$7.class(in = 955) (out= 500)(deflated 47%)
adding: weka/gui/knowledgeflow/steps/JoinStepEditorDialog$8.class(in = 956) (out= 501)(deflated 47%)
adding: weka/gui/knowledgeflow/steps/JoinStepEditorDialog$9.class(in = 957) (out= 501)(deflated 47%)
adding: weka/gui/knowledgeflow/steps/JoinStepEditorDialog.class(in = 7699) (out= 3742)(deflated 51%)
adding: weka/gui/knowledgeflow/steps/LoaderStepEditorDialog.class(in = 3333) (out= 1765)(deflated 47%)
adding: weka/gui/knowledgeflow/steps/ModelPerformanceChartInteractiveView$1.class(in = 1274) (out= 598)(deflated 53%)
adding: weka/gui/knowledgeflow/steps/ModelPerformanceChartInteractiveView.class(in = 3203) (out= 1548)(deflated 51%)
adding: weka/gui/knowledgeflow/steps/ModelPerformanceChartStepEditorDialog$1.class(in = 1093) (out= 523)(deflated 52%)
adding: weka/gui/knowledgeflow/steps/ModelPerformanceChartStepEditorDialog.class(in = 6292) (out= 3136)(deflated 50%)
adding: weka/gui/knowledgeflow/steps/NoteEditorDialog.class(in = 1840) (out= 959)(deflated 47%)
adding: weka/gui/knowledgeflow/steps/SaverStepEditorDialog$1.class(in = 1467) (out= 733)(deflated 50%)
adding: weka/gui/knowledgeflow/steps/SaverStepEditorDialog.class(in = 3864) (out= 1999)(deflated 48%)
adding: weka/gui/knowledgeflow/steps/ScatterPlotMatrixInteractiveView$1.class(in = 2192) (out= 1028)(deflated 53%)
adding: weka/gui/knowledgeflow/steps/ScatterPlotMatrixInteractiveView$2.class(in = 1983) (out= 1010)(deflated 49%)
adding: weka/gui/knowledgeflow/steps/ScatterPlotMatrixInteractiveView$3.class(in = 2102) (out= 1063)(deflated 49%)
adding: weka/gui/knowledgeflow/steps/ScatterPlotMatrixInteractiveView$4.class(in = 1430) (out= 691)(deflated 51%)
adding: weka/gui/knowledgeflow/steps/ScatterPlotMatrixInteractiveView.class(in = 5389) (out= 2520)(deflated 53%)
adding: weka/gui/knowledgeflow/steps/SendToPerspectiveStepEditorDialog.class(in = 2911) (out= 1438)(deflated 50%)
adding: weka/gui/knowledgeflow/steps/SetVariablesStepEditorDialog$DynamicVariablesPanel.class(in = 3588) (out= 1862)(deflated 48%)
adding: weka/gui/knowledgeflow/steps/SetVariablesStepEditorDialog$VariablesPanel.class(in = 3217) (out= 1675)(deflated 47%)
adding: weka/gui/knowledgeflow/steps/SetVariablesStepEditorDialog.class(in = 2371) (out= 1057)(deflated 55%)
adding: weka/gui/knowledgeflow/steps/SorterStepEditorDialog$1.class(in = 1858) (out= 928)(deflated 50%)
adding: weka/gui/knowledgeflow/steps/SorterStepEditorDialog$2.class(in = 2079) (out= 1041)(deflated 49%)
adding: weka/gui/knowledgeflow/steps/SorterStepEditorDialog$3.class(in = 1369) (out= 731)(deflated 46%)
adding: weka/gui/knowledgeflow/steps/SorterStepEditorDialog$4.class(in = 992) (out= 509)(deflated 48%)
adding: weka/gui/knowledgeflow/steps/SorterStepEditorDialog$5.class(in = 994) (out= 509)(deflated 48%)
adding: weka/gui/knowledgeflow/steps/SorterStepEditorDialog$6.class(in = 1831) (out= 916)(deflated 49%)
adding: weka/gui/knowledgeflow/steps/SorterStepEditorDialog$7.class(in = 1465) (out= 739)(deflated 49%)
adding: weka/gui/knowledgeflow/steps/SorterStepEditorDialog$8.class(in = 1458) (out= 734)(deflated 49%)
adding: weka/gui/knowledgeflow/steps/SorterStepEditorDialog.class(in = 7450) (out= 3639)(deflated 51%)
adding: weka/gui/knowledgeflow/steps/StorePropertiesInEnvironmentStepEditorDialog$DynamicPropertiesPanel.class(in = 3857) (out= 1959)(deflated 49%)
adding: weka/gui/knowledgeflow/steps/StorePropertiesInEnvironmentStepEditorDialog.class(in = 1698) (out= 787)(deflated 53%)
adding: weka/gui/knowledgeflow/steps/StripChartInteractiveView$1.class(in = 1173) (out= 533)(deflated 54%)
adding: weka/gui/knowledgeflow/steps/StripChartInteractiveView$LegendPanel.class(in = 1805) (out= 989)(deflated 45%)
adding: weka/gui/knowledgeflow/steps/StripChartInteractiveView$ScalePanel.class(in = 2224) (out= 1025)(deflated 53%)
adding: weka/gui/knowledgeflow/steps/StripChartInteractiveView$StripChartInteractiveViewDefaults.class(in = 1860) (out= 919)(deflated 50%)
adding: weka/gui/knowledgeflow/steps/StripChartInteractiveView$StripPlotter.class(in = 1410) (out= 641)(deflated 54%)
adding: weka/gui/knowledgeflow/steps/StripChartInteractiveView.class(in = 10453) (out= 5267)(deflated 49%)
adding: weka/gui/knowledgeflow/steps/SubstringLabelerStepEditorDialog$1.class(in = 1504) (out= 726)(deflated 51%)
adding: weka/gui/knowledgeflow/steps/SubstringLabelerStepEditorDialog$10.class(in = 1456) (out= 711)(deflated 51%)
adding: weka/gui/knowledgeflow/steps/SubstringLabelerStepEditorDialog$2.class(in = 1494) (out= 714)(deflated 52%)
adding: weka/gui/knowledgeflow/steps/SubstringLabelerStepEditorDialog$3.class(in = 1494) (out= 710)(deflated 52%)
adding: weka/gui/knowledgeflow/steps/SubstringLabelerStepEditorDialog$4.class(in = 2194) (out= 1034)(deflated 52%)
adding: weka/gui/knowledgeflow/steps/SubstringLabelerStepEditorDialog$5.class(in = 2450) (out= 1207)(deflated 50%)
adding: weka/gui/knowledgeflow/steps/SubstringLabelerStepEditorDialog$6.class(in = 1434) (out= 743)(deflated 48%)
adding: weka/gui/knowledgeflow/steps/SubstringLabelerStepEditorDialog$7.class(in = 1057) (out= 531)(deflated 49%)
adding: weka/gui/knowledgeflow/steps/SubstringLabelerStepEditorDialog$8.class(in = 1059) (out= 533)(deflated 49%)
adding: weka/gui/knowledgeflow/steps/SubstringLabelerStepEditorDialog$9.class(in = 1444) (out= 707)(deflated 51%)
adding: weka/gui/knowledgeflow/steps/SubstringLabelerStepEditorDialog.class(in = 8114) (out= 3908)(deflated 51%)
adding: weka/gui/knowledgeflow/steps/SubstringReplacerStepEditorDialog$1.class(in = 1515) (out= 725)(deflated 52%)
adding: weka/gui/knowledgeflow/steps/SubstringReplacerStepEditorDialog$10.class(in = 1467) (out= 716)(deflated 51%)
adding: weka/gui/knowledgeflow/steps/SubstringReplacerStepEditorDialog$2.class(in = 1505) (out= 718)(deflated 52%)
adding: weka/gui/knowledgeflow/steps/SubstringReplacerStepEditorDialog$3.class(in = 1509) (out= 719)(deflated 52%)
adding: weka/gui/knowledgeflow/steps/SubstringReplacerStepEditorDialog$4.class(in = 2211) (out= 1053)(deflated 52%)
adding: weka/gui/knowledgeflow/steps/SubstringReplacerStepEditorDialog$5.class(in = 2469) (out= 1209)(deflated 51%)
adding: weka/gui/knowledgeflow/steps/SubstringReplacerStepEditorDialog$6.class(in = 1440) (out= 746)(deflated 48%)
adding: weka/gui/knowledgeflow/steps/SubstringReplacerStepEditorDialog$7.class(in = 1063) (out= 532)(deflated 49%)
adding: weka/gui/knowledgeflow/steps/SubstringReplacerStepEditorDialog$8.class(in = 1065) (out= 532)(deflated 50%)
adding: weka/gui/knowledgeflow/steps/SubstringReplacerStepEditorDialog$9.class(in = 1455) (out= 712)(deflated 51%)
adding: weka/gui/knowledgeflow/steps/SubstringReplacerStepEditorDialog.class(in = 7120) (out= 3376)(deflated 52%)
adding: weka/gui/knowledgeflow/steps/TextViewerInteractiveView$1.class(in = 1853) (out= 854)(deflated 53%)
adding: weka/gui/knowledgeflow/steps/TextViewerInteractiveView$2.class(in = 1529) (out= 805)(deflated 47%)
adding: weka/gui/knowledgeflow/steps/TextViewerInteractiveView$3.class(in = 1313) (out= 651)(deflated 50%)
adding: weka/gui/knowledgeflow/steps/TextViewerInteractiveView$4.class(in = 1110) (out= 549)(deflated 50%)
adding: weka/gui/knowledgeflow/steps/TextViewerInteractiveView$5.class(in = 1110) (out= 550)(deflated 50%)
adding: weka/gui/knowledgeflow/steps/TextViewerInteractiveView$6.class(in = 1527) (out= 753)(deflated 50%)
adding: weka/gui/knowledgeflow/steps/TextViewerInteractiveView$7.class(in = 1113) (out= 548)(deflated 50%)
adding: weka/gui/knowledgeflow/steps/TextViewerInteractiveView$TextViewerInteractiveViewDefaults.class(in = 2448) (out= 1142)(deflated 53%)
adding: weka/gui/knowledgeflow/steps/TextViewerInteractiveView.class(in = 7791) (out= 3484)(deflated 55%)
adding: weka/gui/knowledgeflow/templates/(in = 0) (out= 0)(stored 0%)
adding: weka/gui/knowledgeflow/templates/ROCcurves.kf(in = 5841) (out= 1312)(deflated 77%)
adding: weka/gui/knowledgeflow/templates/credit-g.arff(in = 162249) (out= 19298)(deflated 88%)
adding: weka/gui/knowledgeflow/templates/cvTemplate.kf(in = 4320) (out= 1195)(deflated 72%)
adding: weka/gui/knowledgeflow/templates/incrementalLearning.kf(in = 2879) (out= 707)(deflated 75%)
adding: weka/gui/knowledgeflow/templates/iris.arff(in = 7486) (out= 2317)(deflated 69%)
adding: weka/gui/knowledgeflow/templates/jobExample.kf(in = 4322) (out= 1271)(deflated 70%)
adding: weka/gui/knowledgeflow/templates/jobSubFlow.kf(in = 3341) (out= 824)(deflated 75%)
adding: weka/gui/knowledgeflow/templates/learnAndSaveModel.kf(in = 3809) (out= 987)(deflated 74%)
adding: weka/gui/knowledgeflow/templates/predictionBoundaries.kf(in = 3680) (out= 1079)(deflated 70%)
adding: weka/gui/knowledgeflow/templates/saveCharts.kf(in = 7695) (out= 1518)(deflated 80%)
adding: weka/gui/knowledgeflow/templates/templates.props(in = 1001) (out= 314)(deflated 68%)
adding: weka/gui/knowledgeflow/templates/twoAttSelSchemes.kf(in = 4803) (out= 1028)(deflated 78%)
adding: weka/gui/knowledgeflow/templates/twoClusterers.kf(in = 4924) (out= 1160)(deflated 76%)
adding: weka/gui/scripting/(in = 0) (out= 0)(stored 0%)
adding: weka/gui/scripting/FileScriptingPanel$1.class(in = 2083) (out= 908)(deflated 56%)
adding: weka/gui/scripting/FileScriptingPanel$AboutAction.class(in = 2225) (out= 1089)(deflated 51%)
adding: weka/gui/scripting/FileScriptingPanel$BasicAction.class(in = 1485) (out= 776)(deflated 47%)
adding: weka/gui/scripting/FileScriptingPanel$ClearOutputAction.class(in = 1264) (out= 627)(deflated 50%)
adding: weka/gui/scripting/FileScriptingPanel$CommandlineArgsAction.class(in = 2219) (out= 1070)(deflated 51%)
adding: weka/gui/scripting/FileScriptingPanel$ExitAction.class(in = 2629) (out= 1318)(deflated 49%)
adding: weka/gui/scripting/FileScriptingPanel$NewAction.class(in = 1435) (out= 697)(deflated 51%)
adding: weka/gui/scripting/FileScriptingPanel$OpenAction.class(in = 2395) (out= 1174)(deflated 50%)
adding: weka/gui/scripting/FileScriptingPanel$PrintAction.class(in = 1540) (out= 764)(deflated 50%)
adding: weka/gui/scripting/FileScriptingPanel$RedoAction.class(in = 2335) (out= 1158)(deflated 50%)
adding: weka/gui/scripting/FileScriptingPanel$SaveAction.class(in = 2730) (out= 1319)(deflated 51%)
adding: weka/gui/scripting/FileScriptingPanel$ScriptUndoableEditListener.class(in = 1475) (out= 609)(deflated 58%)
adding: weka/gui/scripting/FileScriptingPanel$StartAction.class(in = 2118) (out= 1075)(deflated 49%)
adding: weka/gui/scripting/FileScriptingPanel$StopAction.class(in = 1311) (out= 663)(deflated 49%)
adding: weka/gui/scripting/FileScriptingPanel$UndoAction.class(in = 2335) (out= 1145)(deflated 50%)
adding: weka/gui/scripting/FileScriptingPanel.class(in = 12373) (out= 5507)(deflated 55%)
adding: weka/gui/scripting/Groovy.props(in = 2224) (out= 932)(deflated 58%)
adding: weka/gui/scripting/GroovyPanel.class(in = 4130) (out= 2040)(deflated 50%)
adding: weka/gui/scripting/GroovyScript$GroovyThread.class(in = 1880) (out= 939)(deflated 50%)
adding: weka/gui/scripting/GroovyScript.class(in = 2242) (out= 1079)(deflated 51%)
adding: weka/gui/scripting/Jython.props(in = 1888) (out= 784)(deflated 58%)
adding: weka/gui/scripting/JythonPanel.class(in = 4125) (out= 2038)(deflated 50%)
adding: weka/gui/scripting/JythonScript$JythonThread.class(in = 1963) (out= 1001)(deflated 49%)
adding: weka/gui/scripting/JythonScript.class(in = 2242) (out= 1078)(deflated 51%)
adding: weka/gui/scripting/Script$1.class(in = 963) (out= 480)(deflated 50%)
adding: weka/gui/scripting/Script$ScriptThread.class(in = 1993) (out= 968)(deflated 51%)
adding: weka/gui/scripting/Script.class(in = 10630) (out= 5085)(deflated 52%)
adding: weka/gui/scripting/ScriptUtils.class(in = 3805) (out= 2017)(deflated 46%)
adding: weka/gui/scripting/ScriptingPanel.class(in = 5644) (out= 2728)(deflated 51%)
adding: weka/gui/scripting/SyntaxDocument$ATTR_TYPE.class(in = 1217) (out= 602)(deflated 50%)
adding: weka/gui/scripting/SyntaxDocument.class(in = 18055) (out= 8085)(deflated 55%)
adding: weka/gui/scripting/event/(in = 0) (out= 0)(stored 0%)
adding: weka/gui/scripting/event/ScriptExecutionEvent$Type.class(in = 1328) (out= 641)(deflated 51%)
adding: weka/gui/scripting/event/ScriptExecutionEvent.class(in = 1557) (out= 669)(deflated 57%)
adding: weka/gui/scripting/event/ScriptExecutionListener.class(in = 230) (out= 157)(deflated 31%)
adding: weka/gui/scripting/event/TitleUpdatedEvent.class(in = 715) (out= 389)(deflated 45%)
adding: weka/gui/scripting/event/TitleUpdatedListener.class(in = 219) (out= 150)(deflated 31%)
adding: weka/gui/scripting/images/(in = 0) (out= 0)(stored 0%)
adding: weka/gui/scripting/images/groovy_medium.png(in = 17560) (out= 17273)(deflated 1%)
adding: weka/gui/scripting/images/groovy_small.png(in = 6323) (out= 6295)(deflated 0%)
adding: weka/gui/scripting/images/jython_medium.png(in = 33351) (out= 33140)(deflated 0%)
adding: weka/gui/scripting/images/jython_small.png(in = 3433) (out= 3391)(deflated 1%)
adding: weka/gui/sql/(in = 0) (out= 0)(stored 0%)
adding: weka/gui/sql/ConnectionPanel$1.class(in = 748) (out= 425)(deflated 43%)
adding: weka/gui/sql/ConnectionPanel$2.class(in = 745) (out= 412)(deflated 44%)
adding: weka/gui/sql/ConnectionPanel$3.class(in = 749) (out= 426)(deflated 43%)
adding: weka/gui/sql/ConnectionPanel$4.class(in = 749) (out= 428)(deflated 42%)
adding: weka/gui/sql/ConnectionPanel.class(in = 10554) (out= 4834)(deflated 54%)
adding: weka/gui/sql/DbUtils.class(in = 765) (out= 453)(deflated 40%)
adding: weka/gui/sql/InfoPanel$1.class(in = 740) (out= 429)(deflated 42%)
adding: weka/gui/sql/InfoPanel$2.class(in = 707) (out= 415)(deflated 41%)
adding: weka/gui/sql/InfoPanel$3.class(in = 724) (out= 433)(deflated 40%)
adding: weka/gui/sql/InfoPanel.class(in = 4264) (out= 2115)(deflated 50%)
adding: weka/gui/sql/InfoPanelCellRenderer.class(in = 1530) (out= 851)(deflated 44%)
adding: weka/gui/sql/QueryPanel$1.class(in = 715) (out= 424)(deflated 40%)
adding: weka/gui/sql/QueryPanel$2.class(in = 713) (out= 423)(deflated 40%)
adding: weka/gui/sql/QueryPanel$3.class(in = 719) (out= 428)(deflated 40%)
adding: weka/gui/sql/QueryPanel.class(in = 9255) (out= 4206)(deflated 54%)
adding: weka/gui/sql/ResultPanel$1.class(in = 719) (out= 420)(deflated 41%)
adding: weka/gui/sql/ResultPanel$2.class(in = 722) (out= 423)(deflated 41%)
adding: weka/gui/sql/ResultPanel$3.class(in = 723) (out= 427)(deflated 40%)
adding: weka/gui/sql/ResultPanel$4.class(in = 730) (out= 431)(deflated 40%)
adding: weka/gui/sql/ResultPanel.class(in = 8192) (out= 3832)(deflated 53%)
adding: weka/gui/sql/ResultSetHelper.class(in = 6258) (out= 3134)(deflated 49%)
adding: weka/gui/sql/ResultSetTable$1.class(in = 1454) (out= 748)(deflated 48%)
adding: weka/gui/sql/ResultSetTable.class(in = 2604) (out= 1247)(deflated 52%)
adding: weka/gui/sql/ResultSetTableCellRenderer.class(in = 2545) (out= 1337)(deflated 47%)
adding: weka/gui/sql/ResultSetTableModel.class(in = 3567) (out= 1707)(deflated 52%)
adding: weka/gui/sql/SqlViewer$1.class(in = 843) (out= 511)(deflated 39%)
adding: weka/gui/sql/SqlViewer$2.class(in = 1112) (out= 687)(deflated 38%)
adding: weka/gui/sql/SqlViewer.class(in = 13409) (out= 6190)(deflated 53%)
adding: weka/gui/sql/SqlViewerDialog$1.class(in = 1102) (out= 598)(deflated 45%)
adding: weka/gui/sql/SqlViewerDialog$2.class(in = 1102) (out= 598)(deflated 45%)
adding: weka/gui/sql/SqlViewerDialog$3.class(in = 799) (out= 439)(deflated 45%)
adding: weka/gui/sql/SqlViewerDialog.class(in = 5146) (out= 2494)(deflated 51%)
adding: weka/gui/sql/event/(in = 0) (out= 0)(stored 0%)
adding: weka/gui/sql/event/ConnectionEvent.class(in = 2307) (out= 1121)(deflated 51%)
adding: weka/gui/sql/event/ConnectionListener.class(in = 236) (out= 164)(deflated 30%)
adding: weka/gui/sql/event/HistoryChangedEvent.class(in = 1405) (out= 721)(deflated 48%)
adding: weka/gui/sql/event/HistoryChangedListener.class(in = 246) (out= 164)(deflated 33%)
adding: weka/gui/sql/event/QueryExecuteEvent.class(in = 2272) (out= 1058)(deflated 53%)
adding: weka/gui/sql/event/QueryExecuteListener.class(in = 239) (out= 165)(deflated 30%)
adding: weka/gui/sql/event/ResultChangedEvent.class(in = 1713) (out= 866)(deflated 49%)
adding: weka/gui/sql/event/ResultChangedListener.class(in = 242) (out= 165)(deflated 31%)
adding: weka/gui/streams/(in = 0) (out= 0)(stored 0%)
adding: weka/gui/streams/InstanceCounter.class(in = 3077) (out= 1533)(deflated 50%)
adding: weka/gui/streams/InstanceEvent.class(in = 703) (out= 449)(deflated 36%)
adding: weka/gui/streams/InstanceJoiner.class(in = 6097) (out= 2770)(deflated 54%)
adding: weka/gui/streams/InstanceListener.class(in = 226) (out= 167)(deflated 26%)
adding: weka/gui/streams/InstanceLoader$LoadThread.class(in = 3388) (out= 1516)(deflated 55%)
adding: weka/gui/streams/InstanceLoader.class(in = 5534) (out= 2382)(deflated 56%)
adding: weka/gui/streams/InstanceProducer.class(in = 387) (out= 230)(deflated 40%)
adding: weka/gui/streams/InstanceSavePanel.class(in = 4152) (out= 2052)(deflated 50%)
adding: weka/gui/streams/InstanceTable$1.class(in = 1712) (out= 837)(deflated 51%)
adding: weka/gui/streams/InstanceTable.class(in = 3515) (out= 1674)(deflated 52%)
adding: weka/gui/streams/InstanceViewer.class(in = 3736) (out= 1822)(deflated 51%)
adding: weka/gui/streams/SerialInstanceListener.class(in = 244) (out= 174)(deflated 28%)
adding: weka/gui/treevisualizer/(in = 0) (out= 0)(stored 0%)
adding: weka/gui/treevisualizer/Colors.class(in = 20592) (out= 8469)(deflated 58%)
adding: weka/gui/treevisualizer/Edge.class(in = 2968) (out= 1389)(deflated 53%)
adding: weka/gui/treevisualizer/NamedColor.class(in = 554) (out= 362)(deflated 34%)
adding: weka/gui/treevisualizer/Node.class(in = 7163) (out= 3171)(deflated 55%)
adding: weka/gui/treevisualizer/NodePlace.class(in = 175) (out= 133)(deflated 24%)
adding: weka/gui/treevisualizer/PlaceNode1.class(in = 1741) (out= 910)(deflated 47%)
adding: weka/gui/treevisualizer/PlaceNode2$1.class(in = 226) (out= 167)(deflated 26%)
adding: weka/gui/treevisualizer/PlaceNode2$Ease.class(in = 838) (out= 401)(deflated 52%)
adding: weka/gui/treevisualizer/PlaceNode2$Group.class(in = 952) (out= 451)(deflated 52%)
adding: weka/gui/treevisualizer/PlaceNode2$Level.class(in = 818) (out= 390)(deflated 52%)
adding: weka/gui/treevisualizer/PlaceNode2.class(in = 7317) (out= 4024)(deflated 45%)
adding: weka/gui/treevisualizer/TreeBuild$InfoObject.class(in = 908) (out= 510)(deflated 43%)
adding: weka/gui/treevisualizer/TreeBuild.class(in = 11232) (out= 5450)(deflated 51%)
adding: weka/gui/treevisualizer/TreeDisplayEvent.class(in = 987) (out= 586)(deflated 40%)
adding: weka/gui/treevisualizer/TreeDisplayListener.class(in = 213) (out= 158)(deflated 25%)
adding: weka/gui/treevisualizer/TreeVisualizer$1.class(in = 238) (out= 168)(deflated 29%)
adding: weka/gui/treevisualizer/TreeVisualizer$EdgeInfo.class(in = 989) (out= 442)(deflated 55%)
adding: weka/gui/treevisualizer/TreeVisualizer$NodeInfo.class(in = 1052) (out= 483)(deflated 54%)
adding: weka/gui/treevisualizer/TreeVisualizer.class(in = 29131) (out= 14063)(deflated 51%)
adding: weka/gui/treevisualizer/TreeVisualizer.props(in = 908) (out= 446)(deflated 50%)
adding: weka/gui/visualize/(in = 0) (out= 0)(stored 0%)
adding: weka/gui/visualize/AttributePanel$1.class(in = 1168) (out= 689)(deflated 41%)
adding: weka/gui/visualize/AttributePanel$2.class(in = 1252) (out= 647)(deflated 48%)
adding: weka/gui/visualize/AttributePanel$3.class(in = 798) (out= 480)(deflated 39%)
adding: weka/gui/visualize/AttributePanel$AttributeSpacing$1.class(in = 1918) (out= 902)(deflated 52%)
adding: weka/gui/visualize/AttributePanel$AttributeSpacing.class(in = 4166) (out= 2323)(deflated 44%)
adding: weka/gui/visualize/AttributePanel.class(in = 9904) (out= 5175)(deflated 47%)
adding: weka/gui/visualize/AttributePanelEvent.class(in = 520) (out= 342)(deflated 34%)
adding: weka/gui/visualize/AttributePanelListener.class(in = 225) (out= 161)(deflated 28%)
adding: weka/gui/visualize/BMPWriter.class(in = 3957) (out= 1913)(deflated 51%)
adding: weka/gui/visualize/ClassPanel$1.class(in = 782) (out= 471)(deflated 39%)
adding: weka/gui/visualize/ClassPanel$NomLabel$1.class(in = 2249) (out= 1111)(deflated 50%)
adding: weka/gui/visualize/ClassPanel$NomLabel.class(in = 1054) (out= 565)(deflated 46%)
adding: weka/gui/visualize/ClassPanel.class(in = 12540) (out= 6376)(deflated 49%)
adding: weka/gui/visualize/InstanceInfo.class(in = 427) (out= 239)(deflated 44%)
adding: weka/gui/visualize/InstanceInfoFrame.class(in = 2316) (out= 1160)(deflated 49%)
adding: weka/gui/visualize/JComponentWriter.class(in = 3869) (out= 1694)(deflated 56%)
adding: weka/gui/visualize/JPEGWriter.class(in = 5821) (out= 2761)(deflated 52%)
adding: weka/gui/visualize/LegendPanel$1.class(in = 786) (out= 473)(deflated 39%)
adding: weka/gui/visualize/LegendPanel$LegendEntry$1.class(in = 2028) (out= 994)(deflated 50%)
adding: weka/gui/visualize/LegendPanel$LegendEntry$2.class(in = 1614) (out= 784)(deflated 51%)
adding: weka/gui/visualize/LegendPanel$LegendEntry.class(in = 2632) (out= 1259)(deflated 52%)
adding: weka/gui/visualize/LegendPanel.class(in = 5330) (out= 2883)(deflated 45%)
adding: weka/gui/visualize/MatrixPanel$1$1.class(in = 857) (out= 473)(deflated 44%)
adding: weka/gui/visualize/MatrixPanel$1$2.class(in = 1128) (out= 607)(deflated 46%)
adding: weka/gui/visualize/MatrixPanel$1$3.class(in = 1153) (out= 608)(deflated 47%)
adding: weka/gui/visualize/MatrixPanel$1.class(in = 2967) (out= 1513)(deflated 49%)
adding: weka/gui/visualize/MatrixPanel$2.class(in = 736) (out= 420)(deflated 42%)
adding: weka/gui/visualize/MatrixPanel$3.class(in = 908) (out= 523)(deflated 42%)
adding: weka/gui/visualize/MatrixPanel$4.class(in = 1489) (out= 763)(deflated 48%)
adding: weka/gui/visualize/MatrixPanel$5.class(in = 1656) (out= 845)(deflated 48%)
adding: weka/gui/visualize/MatrixPanel$6$1.class(in = 1425) (out= 717)(deflated 49%)
adding: weka/gui/visualize/MatrixPanel$6$2.class(in = 858) (out= 478)(deflated 44%)
adding: weka/gui/visualize/MatrixPanel$6.class(in = 3470) (out= 1857)(deflated 46%)
adding: weka/gui/visualize/MatrixPanel$7.class(in = 1101) (out= 648)(deflated 41%)
adding: weka/gui/visualize/MatrixPanel$8.class(in = 1268) (out= 686)(deflated 45%)
adding: weka/gui/visualize/MatrixPanel$9.class(in = 2301) (out= 1238)(deflated 46%)
adding: weka/gui/visualize/MatrixPanel$Plot$1.class(in = 2891) (out= 1499)(deflated 48%)
adding: weka/gui/visualize/MatrixPanel$Plot$2.class(in = 2434) (out= 1277)(deflated 47%)
adding: weka/gui/visualize/MatrixPanel$Plot.class(in = 10185) (out= 4969)(deflated 51%)
adding: weka/gui/visualize/MatrixPanel.class(in = 17819) (out= 8916)(deflated 49%)
adding: weka/gui/visualize/PNGWriter.class(in = 3957) (out= 1915)(deflated 51%)
adding: weka/gui/visualize/Plot2D$1.class(in = 985) (out= 572)(deflated 41%)
adding: weka/gui/visualize/Plot2D$2.class(in = 766) (out= 476)(deflated 37%)
adding: weka/gui/visualize/Plot2D$3.class(in = 913) (out= 542)(deflated 40%)
adding: weka/gui/visualize/Plot2D.class(in = 26011) (out= 13310)(deflated 48%)
adding: weka/gui/visualize/Plot2DCompanion.class(in = 173) (out= 149)(deflated 13%)
adding: weka/gui/visualize/PlotData2D.class(in = 7550) (out= 3377)(deflated 55%)
adding: weka/gui/visualize/PostscriptGraphics$GraphicsState.class(in = 2644) (out= 1074)(deflated 59%)
adding: weka/gui/visualize/PostscriptGraphics.class(in = 20288) (out= 7954)(deflated 60%)
adding: weka/gui/visualize/PostscriptWriter.class(in = 3884) (out= 1877)(deflated 51%)
adding: weka/gui/visualize/PrintableComponent$1.class(in = 1721) (out= 922)(deflated 46%)
adding: weka/gui/visualize/PrintableComponent$2.class(in = 1101) (out= 527)(deflated 52%)
adding: weka/gui/visualize/PrintableComponent$3.class(in = 1102) (out= 526)(deflated 52%)
adding: weka/gui/visualize/PrintableComponent$4.class(in = 1552) (out= 815)(deflated 47%)
adding: weka/gui/visualize/PrintableComponent$JComponentWriterFileFilter.class(in = 1078) (out= 506)(deflated 53%)
adding: weka/gui/visualize/PrintableComponent$PrintMouseListener.class(in = 1054) (out= 556)(deflated 47%)
adding: weka/gui/visualize/PrintableComponent.class(in = 9752) (out= 4724)(deflated 51%)
adding: weka/gui/visualize/PrintableHandler.class(in = 570) (out= 304)(deflated 46%)
adding: weka/gui/visualize/PrintablePanel.class(in = 1662) (out= 750)(deflated 54%)
adding: weka/gui/visualize/ThresholdVisualizePanel$1.class(in = 857) (out= 459)(deflated 46%)
adding: weka/gui/visualize/ThresholdVisualizePanel$2.class(in = 857) (out= 458)(deflated 46%)
adding: weka/gui/visualize/ThresholdVisualizePanel$3.class(in = 780) (out= 446)(deflated 42%)
adding: weka/gui/visualize/ThresholdVisualizePanel.class(in = 8282) (out= 4187)(deflated 49%)
adding: weka/gui/visualize/Visualize.props(in = 2206) (out= 708)(deflated 67%)
adding: weka/gui/visualize/VisualizePanel$1.class(in = 1068) (out= 567)(deflated 46%)
adding: weka/gui/visualize/VisualizePanel$2.class(in = 1187) (out= 638)(deflated 46%)
adding: weka/gui/visualize/VisualizePanel$3.class(in = 1187) (out= 637)(deflated 46%)
adding: weka/gui/visualize/VisualizePanel$4.class(in = 1192) (out= 647)(deflated 45%)
adding: weka/gui/visualize/VisualizePanel$5.class(in = 1191) (out= 645)(deflated 45%)
adding: weka/gui/visualize/VisualizePanel$6.class(in = 1011) (out= 521)(deflated 48%)
adding: weka/gui/visualize/VisualizePanel$7.class(in = 763) (out= 433)(deflated 43%)
adding: weka/gui/visualize/VisualizePanel$8.class(in = 753) (out= 423)(deflated 43%)
adding: weka/gui/visualize/VisualizePanel$9.class(in = 798) (out= 478)(deflated 40%)
adding: weka/gui/visualize/VisualizePanel$PlotPanel$1.class(in = 7244) (out= 3110)(deflated 57%)
adding: weka/gui/visualize/VisualizePanel$PlotPanel$2.class(in = 3077) (out= 1388)(deflated 54%)
adding: weka/gui/visualize/VisualizePanel$PlotPanel$3.class(in = 4822) (out= 2358)(deflated 51%)
adding: weka/gui/visualize/VisualizePanel$PlotPanel$4.class(in = 1050) (out= 497)(deflated 52%)
adding: weka/gui/visualize/VisualizePanel$PlotPanel.class(in = 18897) (out= 8735)(deflated 53%)
adding: weka/gui/visualize/VisualizePanel.class(in = 20461) (out= 10410)(deflated 49%)
adding: weka/gui/visualize/VisualizePanelEvent.class(in = 1770) (out= 772)(deflated 56%)
adding: weka/gui/visualize/VisualizePanelListener.class(in = 214) (out= 150)(deflated 29%)
adding: weka/gui/visualize/VisualizeUtils$VisualizeDefaults.class(in = 1732) (out= 877)(deflated 49%)
adding: weka/gui/visualize/VisualizeUtils.class(in = 3502) (out= 1979)(deflated 43%)
adding: weka/gui/visualize/plugins/(in = 0) (out= 0)(stored 0%)
adding: weka/gui/visualize/plugins/AssociationRuleVisualizePlugin.class(in = 281) (out= 185)(deflated 34%)
adding: weka/gui/visualize/plugins/ErrorVisualizePlugin.class(in = 326) (out= 220)(deflated 32%)
adding: weka/gui/visualize/plugins/GraphVisualizePlugin.class(in = 341) (out= 214)(deflated 37%)
adding: weka/gui/visualize/plugins/TreeVisualizePlugin.class(in = 339) (out= 212)(deflated 37%)
adding: weka/gui/visualize/plugins/VisualizePlugin.class(in = 469) (out= 277)(deflated 40%)
adding: weka/gui/weka3.gif(in = 30414) (out= 29971)(deflated 1%)
adding: weka/gui/weka_animated.gif(in = 2376) (out= 2187)(deflated 7%)
adding: weka/gui/weka_icon.gif(in = 1614) (out= 1462)(deflated 9%)
adding: weka/gui/weka_icon.jpg(in = 1363) (out= 1366)(deflated 0%)
adding: weka/gui/weka_icon.png(in = 2766) (out= 2771)(deflated 0%)
adding: weka/gui/weka_icon_new.png(in = 60755) (out= 60775)(deflated 0%)
adding: weka/gui/weka_icon_new_48.png(in = 5956) (out= 5961)(deflated 0%)
adding: weka/gui/weka_icon_new_small.png(in = 2053) (out= 1992)(deflated 2%)
adding: weka/gui/weka_stationary.gif(in = 1506) (out= 1215)(deflated 19%)
adding: weka/knowledgeflow/(in = 0) (out= 0)(stored 0%)
adding: weka/knowledgeflow/BaseExecutionEnvironment$1.class(in = 1224) (out= 586)(deflated 52%)
adding: weka/knowledgeflow/BaseExecutionEnvironment$2.class(in = 1224) (out= 578)(deflated 52%)
adding: weka/knowledgeflow/BaseExecutionEnvironment$3.class(in = 931) (out= 459)(deflated 50%)
adding: weka/knowledgeflow/BaseExecutionEnvironment$4.class(in = 1191) (out= 594)(deflated 50%)
adding: weka/knowledgeflow/BaseExecutionEnvironment$5.class(in = 1191) (out= 594)(deflated 50%)
adding: weka/knowledgeflow/BaseExecutionEnvironment$6.class(in = 1191) (out= 592)(deflated 50%)
adding: weka/knowledgeflow/BaseExecutionEnvironment$BaseExecutionEnvironmentDefaults.class(in = 1875) (out= 923)(deflated 50%)
adding: weka/knowledgeflow/BaseExecutionEnvironment.class(in = 9473) (out= 3857)(deflated 59%)
adding: weka/knowledgeflow/CallbackNotifierDelegate.class(in = 329) (out= 201)(deflated 38%)
adding: weka/knowledgeflow/Data.class(in = 2898) (out= 1239)(deflated 57%)
adding: weka/knowledgeflow/DefaultCallbackNotifierDelegate.class(in = 1165) (out= 513)(deflated 55%)
adding: weka/knowledgeflow/DelayedCallbackNotifierDelegate.class(in = 1402) (out= 635)(deflated 54%)
adding: weka/knowledgeflow/ExecutionEnvironment.class(in = 1271) (out= 550)(deflated 56%)
adding: weka/knowledgeflow/ExecutionFinishedCallback.class(in = 184) (out= 141)(deflated 23%)
adding: weka/knowledgeflow/ExecutionResult.class(in = 1249) (out= 573)(deflated 54%)
adding: weka/knowledgeflow/Flow.class(in = 10889) (out= 4868)(deflated 55%)
adding: weka/knowledgeflow/FlowExecutor.class(in = 1028) (out= 458)(deflated 55%)
adding: weka/knowledgeflow/FlowLoader.class(in = 504) (out= 276)(deflated 45%)
adding: weka/knowledgeflow/FlowRunner$1.class(in = 1450) (out= 787)(deflated 45%)
adding: weka/knowledgeflow/FlowRunner$SimpleLogger.class(in = 1173) (out= 642)(deflated 45%)
adding: weka/knowledgeflow/FlowRunner.class(in = 13422) (out= 6101)(deflated 54%)
adding: weka/knowledgeflow/JSONFlowLoader.class(in = 1403) (out= 632)(deflated 54%)
adding: weka/knowledgeflow/JSONFlowUtils.class(in = 21350) (out= 10205)(deflated 52%)
adding: weka/knowledgeflow/JobEnvironment.class(in = 3980) (out= 1628)(deflated 59%)
adding: weka/knowledgeflow/KFDefaults.class(in = 4138) (out= 2173)(deflated 47%)
adding: weka/knowledgeflow/LegacyFlowLoader.class(in = 17860) (out= 8552)(deflated 52%)
adding: weka/knowledgeflow/LogManager.class(in = 4947) (out= 2263)(deflated 54%)
adding: weka/knowledgeflow/LoggingLevel.class(in = 1857) (out= 1009)(deflated 45%)
adding: weka/knowledgeflow/SingleThreadedExecution.class(in = 456) (out= 267)(deflated 41%)
adding: weka/knowledgeflow/StepInjectorFlowRunner$1.class(in = 1379) (out= 634)(deflated 54%)
adding: weka/knowledgeflow/StepInjectorFlowRunner.class(in = 4625) (out= 2140)(deflated 53%)
adding: weka/knowledgeflow/StepManager.class(in = 4967) (out= 1952)(deflated 60%)
adding: weka/knowledgeflow/StepManagerImpl.class(in = 23685) (out= 9828)(deflated 58%)
adding: weka/knowledgeflow/StepOutputListener.class(in = 242) (out= 180)(deflated 25%)
adding: weka/knowledgeflow/StepTask.class(in = 4537) (out= 1556)(deflated 65%)
adding: weka/knowledgeflow/StepTaskCallback.class(in = 554) (out= 258)(deflated 53%)
adding: weka/knowledgeflow/steps/(in = 0) (out= 0)(stored 0%)
adding: weka/knowledgeflow/steps/ASEvaluator.class(in = 15729) (out= 7260)(deflated 53%)
adding: weka/knowledgeflow/steps/ASSearchStrategy.class(in = 2073) (out= 975)(deflated 52%)
adding: weka/knowledgeflow/steps/AlterRelationName$1.class(in = 935) (out= 526)(deflated 43%)
adding: weka/knowledgeflow/steps/AlterRelationName$ModType.class(in = 1311) (out= 637)(deflated 51%)
adding: weka/knowledgeflow/steps/AlterRelationName.class(in = 5911) (out= 2797)(deflated 52%)
adding: weka/knowledgeflow/steps/Appender.class(in = 13853) (out= 6766)(deflated 51%)
adding: weka/knowledgeflow/steps/Associator.class(in = 7644) (out= 3789)(deflated 50%)
adding: weka/knowledgeflow/steps/AttributeSummarizer.class(in = 8569) (out= 4171)(deflated 51%)
adding: weka/knowledgeflow/steps/BaseSimpleDataVisualizer.class(in = 3446) (out= 1714)(deflated 50%)
adding: weka/knowledgeflow/steps/BaseStep.class(in = 4547) (out= 2018)(deflated 55%)
adding: weka/knowledgeflow/steps/BaseStepExtender.class(in = 472) (out= 291)(deflated 38%)
adding: weka/knowledgeflow/steps/Block.class(in = 4101) (out= 2119)(deflated 48%)
adding: weka/knowledgeflow/steps/BoundaryPlotter$RenderingUpdateListener.class(in = 390) (out= 250)(deflated 35%)
adding: weka/knowledgeflow/steps/BoundaryPlotter$RowResult.class(in = 482) (out= 303)(deflated 37%)
adding: weka/knowledgeflow/steps/BoundaryPlotter$SchemeRowTask.class(in = 6124) (out= 3402)(deflated 44%)
adding: weka/knowledgeflow/steps/BoundaryPlotter.class(in = 22593) (out= 10746)(deflated 52%)
adding: weka/knowledgeflow/steps/ClassAssigner.class(in = 6105) (out= 3150)(deflated 48%)
adding: weka/knowledgeflow/steps/ClassValuePicker.class(in = 6495) (out= 3349)(deflated 48%)
adding: weka/knowledgeflow/steps/Classifier.class(in = 16722) (out= 7691)(deflated 54%)
adding: weka/knowledgeflow/steps/ClassifierPerformanceEvaluator$AggregateableClassifierErrorsPlotInstances.class(in = 1900) (out= 902)(deflated 52%)
adding: weka/knowledgeflow/steps/ClassifierPerformanceEvaluator$EvaluationCallback.class(in = 3427) (out= 1385)(deflated 59%)
adding: weka/knowledgeflow/steps/ClassifierPerformanceEvaluator$EvaluationTask.class(in = 6103) (out= 2649)(deflated 56%)
adding: weka/knowledgeflow/steps/ClassifierPerformanceEvaluator.class(in = 15844) (out= 7352)(deflated 53%)
adding: weka/knowledgeflow/steps/Clusterer.class(in = 12903) (out= 6038)(deflated 53%)
adding: weka/knowledgeflow/steps/ClustererPerformanceEvaluator.class(in = 5541) (out= 2722)(deflated 50%)
adding: weka/knowledgeflow/steps/CostBenefitAnalysis.class(in = 2528) (out= 1267)(deflated 49%)
adding: weka/knowledgeflow/steps/CrossValidationFoldMaker.class(in = 6031) (out= 3048)(deflated 49%)
adding: weka/knowledgeflow/steps/DataCollector.class(in = 276) (out= 198)(deflated 28%)
adding: weka/knowledgeflow/steps/DataGenerator.class(in = 6210) (out= 3096)(deflated 50%)
adding: weka/knowledgeflow/steps/DataGrid.class(in = 6004) (out= 3153)(deflated 47%)
adding: weka/knowledgeflow/steps/DataVisualizer.class(in = 10897) (out= 5232)(deflated 51%)
adding: weka/knowledgeflow/steps/Dummy.class(in = 1224) (out= 703)(deflated 42%)
adding: weka/knowledgeflow/steps/Filter.class(in = 11085) (out= 5517)(deflated 50%)
adding: weka/knowledgeflow/steps/FlowByExpression$1.class(in = 246) (out= 175)(deflated 28%)
adding: weka/knowledgeflow/steps/FlowByExpression$BracketNode.class(in = 4908) (out= 2438)(deflated 50%)
adding: weka/knowledgeflow/steps/FlowByExpression$ExpressionClause$ExpressionType$1.class(in = 1542) (out= 721)(deflated 53%)
adding: weka/knowledgeflow/steps/FlowByExpression$ExpressionClause$ExpressionType$10.class(in = 1841) (out= 891)(deflated 51%)
adding: weka/knowledgeflow/steps/FlowByExpression$ExpressionClause$ExpressionType$11.class(in = 1831) (out= 872)(deflated 52%)
adding: weka/knowledgeflow/steps/FlowByExpression$ExpressionClause$ExpressionType$2.class(in = 1424) (out= 628)(deflated 55%)
adding: weka/knowledgeflow/steps/FlowByExpression$ExpressionClause$ExpressionType$3.class(in = 1484) (out= 691)(deflated 53%)
adding: weka/knowledgeflow/steps/FlowByExpression$ExpressionClause$ExpressionType$4.class(in = 1484) (out= 692)(deflated 53%)
adding: weka/knowledgeflow/steps/FlowByExpression$ExpressionClause$ExpressionType$5.class(in = 1431) (out= 634)(deflated 55%)
adding: weka/knowledgeflow/steps/FlowByExpression$ExpressionClause$ExpressionType$6.class(in = 1426) (out= 629)(deflated 55%)
adding: weka/knowledgeflow/steps/FlowByExpression$ExpressionClause$ExpressionType$7.class(in = 1325) (out= 585)(deflated 55%)
adding: weka/knowledgeflow/steps/FlowByExpression$ExpressionClause$ExpressionType$8.class(in = 1845) (out= 899)(deflated 51%)
adding: weka/knowledgeflow/steps/FlowByExpression$ExpressionClause$ExpressionType$9.class(in = 1841) (out= 885)(deflated 51%)
adding: weka/knowledgeflow/steps/FlowByExpression$ExpressionClause$ExpressionType.class(in = 3804) (out= 1445)(deflated 62%)
adding: weka/knowledgeflow/steps/FlowByExpression$ExpressionClause.class(in = 7921) (out= 3742)(deflated 52%)
adding: weka/knowledgeflow/steps/FlowByExpression$ExpressionNode.class(in = 1623) (out= 793)(deflated 51%)
adding: weka/knowledgeflow/steps/FlowByExpression.class(in = 9745) (out= 4567)(deflated 53%)
adding: weka/knowledgeflow/steps/GetDataFromResult.class(in = 4051) (out= 1930)(deflated 52%)
adding: weka/knowledgeflow/steps/GraphViewer.class(in = 2767) (out= 1390)(deflated 49%)
adding: weka/knowledgeflow/steps/ImageSaver$ImageFormat.class(in = 1228) (out= 598)(deflated 51%)
adding: weka/knowledgeflow/steps/ImageSaver$ImageSaverDefaults.class(in = 1794) (out= 890)(deflated 50%)
adding: weka/knowledgeflow/steps/ImageSaver.class(in = 5700) (out= 2808)(deflated 50%)
adding: weka/knowledgeflow/steps/ImageViewer.class(in = 6149) (out= 2936)(deflated 52%)
adding: weka/knowledgeflow/steps/IncrementalClassifierEvaluator.class(in = 8954) (out= 4535)(deflated 49%)
adding: weka/knowledgeflow/steps/InstanceStreamToBatchMaker.class(in = 4634) (out= 2390)(deflated 48%)
adding: weka/knowledgeflow/steps/Job$1.class(in = 1841) (out= 936)(deflated 49%)
adding: weka/knowledgeflow/steps/Job.class(in = 9366) (out= 4461)(deflated 52%)
adding: weka/knowledgeflow/steps/Join.class(in = 17458) (out= 8743)(deflated 49%)
adding: weka/knowledgeflow/steps/KFStep.class(in = 594) (out= 355)(deflated 40%)
adding: weka/knowledgeflow/steps/Loader.class(in = 7422) (out= 3767)(deflated 49%)
adding: weka/knowledgeflow/steps/MakeResourceIntensive.class(in = 3816) (out= 1805)(deflated 52%)
adding: weka/knowledgeflow/steps/MemoryBasedDataSource.class(in = 2068) (out= 1042)(deflated 49%)
adding: weka/knowledgeflow/steps/ModelPerformanceChart.class(in = 13797) (out= 6672)(deflated 51%)
adding: weka/knowledgeflow/steps/NotPersistable.class(in = 446) (out= 267)(deflated 40%)
adding: weka/knowledgeflow/steps/Note.class(in = 1108) (out= 551)(deflated 50%)
adding: weka/knowledgeflow/steps/PairedDataHelper$PairedProcessor.class(in = 920) (out= 316)(deflated 65%)
adding: weka/knowledgeflow/steps/PairedDataHelper.class(in = 6053) (out= 2661)(deflated 56%)
adding: weka/knowledgeflow/steps/PredictionAppender.class(in = 13897) (out= 6473)(deflated 53%)
adding: weka/knowledgeflow/steps/Saver.class(in = 8713) (out= 4360)(deflated 49%)
adding: weka/knowledgeflow/steps/ScatterPlotMatrix.class(in = 1380) (out= 751)(deflated 45%)
adding: weka/knowledgeflow/steps/SendToPerspective.class(in = 3588) (out= 1728)(deflated 51%)
adding: weka/knowledgeflow/steps/SerializedModelSaver.class(in = 7270) (out= 3613)(deflated 50%)
adding: weka/knowledgeflow/steps/SetPropertiesFromEnvironment.class(in = 12427) (out= 6047)(deflated 51%)
adding: weka/knowledgeflow/steps/SetVariables.class(in = 10950) (out= 5404)(deflated 50%)
adding: weka/knowledgeflow/steps/Sorter$InstanceHolder.class(in = 688) (out= 429)(deflated 37%)
adding: weka/knowledgeflow/steps/Sorter$SortComparator.class(in = 1714) (out= 775)(deflated 54%)
adding: weka/knowledgeflow/steps/Sorter$SortRule.class(in = 4868) (out= 2382)(deflated 51%)
adding: weka/knowledgeflow/steps/Sorter.class(in = 15005) (out= 7659)(deflated 48%)
adding: weka/knowledgeflow/steps/Step.class(in = 1104) (out= 504)(deflated 54%)
adding: weka/knowledgeflow/steps/StorePropertiesInEnvironment.class(in = 11124) (out= 5452)(deflated 50%)
adding: weka/knowledgeflow/steps/StripChart$PlotNotificationListener.class(in = 392) (out= 253)(deflated 35%)
adding: weka/knowledgeflow/steps/StripChart.class(in = 6262) (out= 2983)(deflated 52%)
adding: weka/knowledgeflow/steps/SubstringLabeler.class(in = 8716) (out= 4203)(deflated 51%)
adding: weka/knowledgeflow/steps/SubstringReplacer.class(in = 5186) (out= 2476)(deflated 52%)
adding: weka/knowledgeflow/steps/TestSetMaker.class(in = 3235) (out= 1650)(deflated 48%)
adding: weka/knowledgeflow/steps/TextSaver$TextSaverDefaults.class(in = 1322) (out= 721)(deflated 45%)
adding: weka/knowledgeflow/steps/TextSaver.class(in = 5798) (out= 2899)(deflated 50%)
adding: weka/knowledgeflow/steps/TextViewer$TextNotificationListener.class(in = 319) (out= 207)(deflated 35%)
adding: weka/knowledgeflow/steps/TextViewer.class(in = 5295) (out= 2531)(deflated 52%)
adding: weka/knowledgeflow/steps/TrainTestSplitMaker.class(in = 5732) (out= 2903)(deflated 49%)
adding: weka/knowledgeflow/steps/TrainingSetMaker.class(in = 3247) (out= 1636)(deflated 49%)
adding: weka/knowledgeflow/steps/WekaAlgorithmWrapper.class(in = 2658) (out= 1274)(deflated 52%)
adding: weka/knowledgeflow/steps/WriteDataToResult.class(in = 2639) (out= 1317)(deflated 50%)
adding: weka/knowledgeflow/steps/WriteWekaLog.class(in = 5199) (out= 2550)(deflated 50%)
adding: weka/knowledgeflow/steps/steps.props(in = 2198) (out= 521)(deflated 76%)
